Date,Reform,EKRE,Centre,E200,SDE,Isamaa,VL,Koos,PP,Greens,ERK,Free,EÜRP,Res Publica,Coalition
07-Mar-99,15.90%,7.30%,23.40%,,15.20%,16.10%,,,,,,,6.10%,,7.60%
08-Mar-99,15.90%,7.30%,23.40%,,15.20%,16.10%,,,,,,,6.10%,,7.60%
09-Mar-99,15.90%,7.30%,23.40%,,15.20%,16.10%,,,,,,,6.10%,,7.60%
10-Mar-99,15.90%,7.30%,23.40%,,15.20%,16.10%,,,,,,,6.10%,,7.60%
11-Mar-99,15.90%,7.30%,23.40%,,15.20%,16.10%,,,,,,,6.10%,,7.60%
12-Mar-99,15.90%,7.30%,23.40%,,15.20%,16.10%,,,,,,,6.10%,,7.60%
13-Mar-99,15.90%,7.30%,23.40%,,15.20%,16.10%,,,,,,,6.10%,,7.60%
14-Mar-99,15.90%,7.30%,23.40%,,15.20%,16.10%,,,,,,,6.10%,,7.60%
15-Mar-99,15.90%,7.30%,23.40%,,15.20%,16.10%,,,,,,,6.10%,,7.60%
16-Mar-99,15.90%,7.30%,23.40%,,15.20%,16.10%,,,,,,,6.10%,,7.60%
17-Mar-99,15.90%,7.30%,23.40%,,15.20%,16.10%,,,,,,,6.10%,,7.60%
18-Mar-99,15.90%,7.30%,23.40%,,15.20%,16.10%,,,,,,,6.10%,,7.60%
19-Mar-99,15.90%,7.30%,23.40%,,15.20%,16.10%,,,,,,,6.10%,,7.60%
20-Mar-99,15.90%,7.30%,23.40%,,15.20%,16.10%,,,,,,,6.10%,,7.60%
21-Mar-99,15.90%,7.30%,23.40%,,15.20%,16.10%,,,,,,,6.10%,,7.60%
22-Mar-99,15.90%,7.30%,23.40%,,15.20%,16.10%,,,,,,,6.10%,,7.60%
23-Mar-99,15.90%,7.30%,23.40%,,15.20%,16.10%,,,,,,,6.10%,,7.60%
24-Mar-99,15.90%,7.30%,23.40%,,15.20%,16.10%,,,,,,,6.10%,,7.60%
25-Mar-99,15.90%,7.30%,23.40%,,15.20%,16.10%,,,,,,,6.10%,,7.60%
26-Mar-99,15.90%,7.30%,23.40%,,15.20%,16.10%,,,,,,,6.10%,,7.60%
27-Mar-99,15.90%,7.30%,23.40%,,15.20%,16.10%,,,,,,,6.10%,,7.60%
28-Mar-99,15.90%,7.30%,23.40%,,15.20%,16.10%,,,,,,,6.10%,,7.60%
29-Mar-99,15.90%,7.30%,23.40%,,15.20%,16.10%,,,,,,,6.10%,,7.60%
30-Mar-99,15.90%,7.30%,23.40%,,15.20%,16.10%,,,,,,,6.10%,,7.60%
31-Mar-99,15.90%,7.30%,23.40%,,15.20%,16.10%,,,,,,,6.10%,,7.60%
01-Apr-99,15.90%,7.30%,23.40%,,15.20%,16.10%,,,,,,,6.10%,,7.60%
02-Apr-99,15.90%,7.30%,23.40%,,15.20%,16.10%,,,,,,,6.10%,,7.60%
03-Apr-99,15.90%,7.30%,23.40%,,15.20%,16.10%,,,,,,,6.10%,,7.60%
04-Apr-99,15.90%,7.30%,23.40%,,15.20%,16.10%,,,,,,,6.10%,,7.60%
05-Apr-99,15.90%,7.30%,23.40%,,15.20%,16.10%,,,,,,,6.10%,,7.60%
06-Apr-99,15.90%,7.30%,23.40%,,15.20%,16.10%,,,,,,,6.10%,,7.60%
07-Apr-99,15.90%,7.30%,23.40%,,15.20%,16.10%,,,,,,,6.10%,,7.60%
08-Apr-99,15.90%,7.30%,23.40%,,15.20%,16.10%,,,,,,,6.10%,,7.60%
09-Apr-99,15.90%,7.30%,23.40%,,15.20%,16.10%,,,,,,,6.10%,,7.60%
10-Apr-99,15.90%,7.30%,23.40%,,15.20%,16.10%,,,,,,,6.10%,,7.60%
11-Apr-99,15.90%,7.30%,23.40%,,15.20%,16.10%,,,,,,,6.10%,,7.60%
12-Apr-99,15.90%,7.30%,23.40%,,15.20%,16.10%,,,,,,,6.10%,,7.60%
13-Apr-99,15.90%,7.30%,23.40%,,15.20%,16.10%,,,,,,,6.10%,,7.60%
14-Apr-99,15.90%,7.30%,23.40%,,15.20%,16.10%,,,,,,,6.10%,,7.60%
15-Apr-99,15.90%,7.30%,23.40%,,15.20%,16.10%,,,,,,,6.10%,,7.60%
16-Apr-99,15.90%,7.30%,23.40%,,15.20%,16.10%,,,,,,,6.10%,,7.60%
17-Apr-99,15.90%,7.30%,23.40%,,15.20%,16.10%,,,,,,,6.10%,,7.60%
18-Apr-99,15.90%,7.30%,23.40%,,15.20%,16.10%,,,,,,,6.10%,,7.60%
19-Apr-99,15.90%,7.30%,23.40%,,15.20%,16.10%,,,,,,,6.10%,,7.60%
20-Apr-99,15.90%,7.30%,23.40%,,15.20%,16.10%,,,,,,,6.10%,,7.60%
21-Apr-99,15.90%,7.30%,23.40%,,15.20%,16.10%,,,,,,,6.10%,,7.60%
22-Apr-99,15.90%,7.30%,23.40%,,15.20%,16.10%,,,,,,,6.10%,,7.60%
23-Apr-99,15.90%,7.30%,23.40%,,15.20%,16.10%,,,,,,,6.10%,,7.60%
24-Apr-99,15.90%,7.30%,23.40%,,15.20%,16.10%,,,,,,,6.10%,,7.60%
25-Apr-99,15.90%,7.30%,23.40%,,15.20%,16.10%,,,,,,,6.10%,,7.60%
26-Apr-99,15.90%,7.30%,23.40%,,15.20%,16.10%,,,,,,,6.10%,,7.60%
27-Apr-99,15.90%,7.30%,23.40%,,15.20%,16.10%,,,,,,,6.10%,,7.60%
28-Apr-99,15.90%,7.30%,23.40%,,15.20%,16.10%,,,,,,,6.10%,,7.60%
29-Apr-99,15.90%,7.30%,23.40%,,15.20%,16.10%,,,,,,,6.10%,,7.60%
30-Apr-99,15.90%,7.30%,23.40%,,15.20%,16.10%,,,,,,,6.10%,,7.60%
01-May-99,15.90%,7.30%,23.40%,,15.20%,16.10%,,,,,,,6.10%,,7.60%
02-May-99,15.90%,7.30%,23.40%,,15.20%,16.10%,,,,,,,6.10%,,7.60%
03-May-99,15.90%,7.30%,23.40%,,15.20%,16.10%,,,,,,,6.10%,,7.60%
04-May-99,15.90%,7.30%,23.40%,,15.20%,16.10%,,,,,,,6.10%,,7.60%
05-May-99,15.90%,7.30%,23.40%,,15.20%,16.10%,,,,,,,6.10%,,7.60%
06-May-99,15.90%,7.30%,23.40%,,15.20%,16.10%,,,,,,,6.10%,,7.60%
07-May-99,15.90%,7.30%,23.40%,,15.20%,16.10%,,,,,,,6.10%,,7.60%
08-May-99,15.90%,7.30%,23.40%,,15.20%,16.10%,,,,,,,6.10%,,7.60%
09-May-99,15.90%,7.30%,23.40%,,15.20%,16.10%,,,,,,,6.10%,,7.60%
10-May-99,15.90%,7.30%,23.40%,,15.20%,16.10%,,,,,,,6.10%,,7.60%
11-May-99,15.90%,7.30%,23.40%,,15.20%,16.10%,,,,,,,6.10%,,7.60%
12-May-99,15.90%,7.30%,23.40%,,15.20%,16.10%,,,,,,,6.10%,,7.60%
13-May-99,15.90%,7.30%,23.40%,,15.20%,16.10%,,,,,,,6.10%,,7.60%
14-May-99,15.90%,7.30%,23.40%,,15.20%,16.10%,,,,,,,6.10%,,7.60%
15-May-99,15.90%,7.30%,23.40%,,15.20%,16.10%,,,,,,,6.10%,,7.60%
16-May-99,15.90%,7.30%,23.40%,,15.20%,16.10%,,,,,,,6.10%,,7.60%
17-May-99,15.90%,7.30%,23.40%,,15.20%,16.10%,,,,,,,6.10%,,7.60%
18-May-99,15.90%,7.30%,23.40%,,15.20%,16.10%,,,,,,,6.10%,,7.60%
19-May-99,15.90%,7.30%,23.40%,,15.20%,16.10%,,,,,,,6.10%,,7.60%
20-May-99,15.90%,7.30%,23.40%,,15.20%,16.10%,,,,,,,6.10%,,7.60%
21-May-99,15.90%,7.30%,23.40%,,15.20%,16.10%,,,,,,,6.10%,,7.60%
22-May-99,15.90%,7.30%,23.40%,,15.20%,16.10%,,,,,,,6.10%,,7.60%
23-May-99,15.90%,7.30%,23.40%,,15.20%,16.10%,,,,,,,6.10%,,7.60%
24-May-99,15.90%,7.30%,23.40%,,15.20%,16.10%,,,,,,,6.10%,,7.60%
25-May-99,15.90%,7.30%,23.40%,,15.20%,16.10%,,,,,,,6.10%,,7.60%
26-May-99,15.90%,7.30%,23.40%,,15.20%,16.10%,,,,,,,6.10%,,7.60%
27-May-99,15.90%,7.30%,23.40%,,15.20%,16.10%,,,,,,,6.10%,,7.60%
28-May-99,15.90%,7.30%,23.40%,,15.20%,16.10%,,,,,,,6.10%,,7.60%
29-May-99,15.90%,7.30%,23.40%,,15.20%,16.10%,,,,,,,6.10%,,7.60%
30-May-99,15.90%,7.30%,23.40%,,15.20%,16.10%,,,,,,,6.10%,,7.60%
31-May-99,15.90%,7.30%,23.40%,,15.20%,16.10%,,,,,,,6.10%,,7.60%
01-Jun-99,15.90%,7.30%,23.40%,,15.20%,16.10%,,,,,,,6.10%,,7.60%
02-Jun-99,15.90%,7.30%,23.40%,,15.20%,16.10%,,,,,,,6.10%,,7.60%
03-Jun-99,15.90%,7.30%,23.40%,,15.20%,16.10%,,,,,,,6.10%,,7.60%
04-Jun-99,15.90%,7.30%,23.40%,,15.20%,16.10%,,,,,,,6.10%,,7.60%
05-Jun-99,15.90%,7.30%,23.40%,,15.20%,16.10%,,,,,,,6.10%,,7.60%
06-Jun-99,15.90%,7.30%,23.40%,,15.20%,16.10%,,,,,,,6.10%,,7.60%
07-Jun-99,15.90%,7.30%,23.40%,,15.20%,16.10%,,,,,,,6.10%,,7.60%
08-Jun-99,15.90%,7.30%,23.40%,,15.20%,16.10%,,,,,,,6.10%,,7.60%
09-Jun-99,15.90%,7.30%,23.40%,,15.20%,16.10%,,,,,,,6.10%,,7.60%
10-Jun-99,15.90%,7.30%,23.40%,,15.20%,16.10%,,,,,,,6.10%,,7.60%
11-Jun-99,15.90%,7.30%,23.40%,,15.20%,16.10%,,,,,,,6.10%,,7.60%
12-Jun-99,15.90%,7.30%,23.40%,,15.20%,16.10%,,,,,,,6.10%,,7.60%
13-Jun-99,15.90%,7.30%,23.40%,,15.20%,16.10%,,,,,,,6.10%,,7.60%
14-Jun-99,15.90%,7.30%,23.40%,,15.20%,16.10%,,,,,,,6.10%,,7.60%
15-Jun-99,15.90%,7.30%,23.40%,,15.20%,16.10%,,,,,,,6.10%,,7.60%
16-Jun-99,15.90%,7.30%,23.40%,,15.20%,16.10%,,,,,,,6.10%,,7.60%
17-Jun-99,15.90%,7.30%,23.40%,,15.20%,16.10%,,,,,,,6.10%,,7.60%
18-Jun-99,15.90%,7.30%,23.40%,,15.20%,16.10%,,,,,,,6.10%,,7.60%
19-Jun-99,15.90%,7.30%,23.40%,,15.20%,16.10%,,,,,,,6.10%,,7.60%
20-Jun-99,15.90%,7.30%,23.40%,,15.20%,16.10%,,,,,,,6.10%,,7.60%
21-Jun-99,15.90%,7.30%,23.40%,,15.20%,16.10%,,,,,,,6.10%,,7.60%
22-Jun-99,15.90%,7.30%,23.40%,,15.20%,16.10%,,,,,,,6.10%,,7.60%
23-Jun-99,15.90%,7.30%,23.40%,,15.20%,16.10%,,,,,,,6.10%,,7.60%
24-Jun-99,15.90%,7.30%,23.40%,,15.20%,16.10%,,,,,,,6.10%,,7.60%
25-Jun-99,15.90%,7.30%,23.40%,,15.20%,16.10%,,,,,,,6.10%,,7.60%
26-Jun-99,15.90%,7.30%,23.40%,,15.20%,16.10%,,,,,,,6.10%,,7.60%
27-Jun-99,15.90%,7.30%,23.40%,,15.20%,16.10%,,,,,,,6.10%,,7.60%
28-Jun-99,15.90%,7.30%,23.40%,,15.20%,16.10%,,,,,,,6.10%,,7.60%
29-Jun-99,15.90%,7.30%,23.40%,,15.20%,16.10%,,,,,,,6.10%,,7.60%
30-Jun-99,15.90%,7.30%,23.40%,,15.20%,16.10%,,,,,,,6.10%,,7.60%
01-Jul-99,15.90%,7.30%,23.40%,,15.20%,16.10%,,,,,,,6.10%,,7.60%
02-Jul-99,15.90%,7.30%,23.40%,,15.20%,16.10%,,,,,,,6.10%,,7.60%
03-Jul-99,15.90%,7.30%,23.40%,,15.20%,16.10%,,,,,,,6.10%,,7.60%
04-Jul-99,15.90%,7.30%,23.40%,,15.20%,16.10%,,,,,,,6.10%,,7.60%
05-Jul-99,15.90%,7.30%,23.40%,,15.20%,16.10%,,,,,,,6.10%,,7.60%
06-Jul-99,15.90%,7.30%,23.40%,,15.20%,16.10%,,,,,,,6.10%,,7.60%
07-Jul-99,15.90%,7.30%,23.40%,,15.20%,16.10%,,,,,,,6.10%,,7.60%
08-Jul-99,15.90%,7.30%,23.40%,,15.20%,16.10%,,,,,,,6.10%,,7.60%
09-Jul-99,15.90%,7.30%,23.40%,,15.20%,16.10%,,,,,,,6.10%,,7.60%
10-Jul-99,15.90%,7.30%,23.40%,,15.20%,16.10%,,,,,,,6.10%,,7.60%
11-Jul-99,15.90%,7.30%,23.40%,,15.20%,16.10%,,,,,,,6.10%,,7.60%
12-Jul-99,15.90%,7.30%,23.40%,,15.20%,16.10%,,,,,,,6.10%,,7.60%
13-Jul-99,15.90%,7.30%,23.40%,,15.20%,16.10%,,,,,,,6.10%,,7.60%
14-Jul-99,15.90%,7.30%,23.40%,,15.20%,16.10%,,,,,,,6.10%,,7.60%
15-Jul-99,15.90%,7.30%,23.40%,,15.20%,16.10%,,,,,,,6.10%,,7.60%
16-Jul-99,15.90%,7.30%,23.40%,,15.20%,16.10%,,,,,,,6.10%,,7.60%
17-Jul-99,15.90%,7.30%,23.40%,,15.20%,16.10%,,,,,,,6.10%,,7.60%
18-Jul-99,15.90%,7.30%,23.40%,,15.20%,16.10%,,,,,,,6.10%,,7.60%
19-Jul-99,15.90%,7.30%,23.40%,,15.20%,16.10%,,,,,,,6.10%,,7.60%
20-Jul-99,15.90%,7.30%,23.40%,,15.20%,16.10%,,,,,,,6.10%,,7.60%
21-Jul-99,15.90%,7.30%,23.40%,,15.20%,16.10%,,,,,,,6.10%,,7.60%
22-Jul-99,15.90%,7.30%,23.40%,,15.20%,16.10%,,,,,,,6.10%,,7.60%
23-Jul-99,15.90%,7.30%,23.40%,,15.20%,16.10%,,,,,,,6.10%,,7.60%
24-Jul-99,15.90%,7.30%,23.40%,,15.20%,16.10%,,,,,,,6.10%,,7.60%
25-Jul-99,15.90%,7.30%,23.40%,,15.20%,16.10%,,,,,,,6.10%,,7.60%
26-Jul-99,15.90%,7.30%,23.40%,,15.20%,16.10%,,,,,,,6.10%,,7.60%
27-Jul-99,15.90%,7.30%,23.40%,,15.20%,16.10%,,,,,,,6.10%,,7.60%
28-Jul-99,15.90%,7.30%,23.40%,,15.20%,16.10%,,,,,,,6.10%,,7.60%
29-Jul-99,15.90%,7.30%,23.40%,,15.20%,16.10%,,,,,,,6.10%,,7.60%
30-Jul-99,15.90%,7.30%,23.40%,,15.20%,16.10%,,,,,,,6.10%,,7.60%
31-Jul-99,15.90%,7.30%,23.40%,,15.20%,16.10%,,,,,,,6.10%,,7.60%
01-Aug-99,15.90%,7.30%,23.40%,,15.20%,16.10%,,,,,,,6.10%,,7.60%
02-Aug-99,15.90%,7.30%,23.40%,,15.20%,16.10%,,,,,,,6.10%,,7.60%
03-Aug-99,15.90%,7.30%,23.40%,,15.20%,16.10%,,,,,,,6.10%,,7.60%
04-Aug-99,15.90%,7.30%,23.40%,,15.20%,16.10%,,,,,,,6.10%,,7.60%
05-Aug-99,15.90%,7.30%,23.40%,,15.20%,16.10%,,,,,,,6.10%,,7.60%
06-Aug-99,15.90%,7.30%,23.40%,,15.20%,16.10%,,,,,,,6.10%,,7.60%
07-Aug-99,15.90%,7.30%,23.40%,,15.20%,16.10%,,,,,,,6.10%,,7.60%
08-Aug-99,15.90%,7.30%,23.40%,,15.20%,16.10%,,,,,,,6.10%,,7.60%
09-Aug-99,15.90%,7.30%,23.40%,,15.20%,16.10%,,,,,,,6.10%,,7.60%
10-Aug-99,15.90%,7.30%,23.40%,,15.20%,16.10%,,,,,,,6.10%,,7.60%
11-Aug-99,15.90%,7.30%,23.40%,,15.20%,16.10%,,,,,,,6.10%,,7.60%
12-Aug-99,15.90%,7.30%,23.40%,,15.20%,16.10%,,,,,,,6.10%,,7.60%
13-Aug-99,15.90%,7.30%,23.40%,,15.20%,16.10%,,,,,,,6.10%,,7.60%
14-Aug-99,15.90%,7.30%,23.40%,,15.20%,16.10%,,,,,,,6.10%,,7.60%
15-Aug-99,15.90%,7.30%,23.40%,,15.20%,16.10%,,,,,,,6.10%,,7.60%
16-Aug-99,15.90%,7.30%,23.40%,,15.20%,16.10%,,,,,,,6.10%,,7.60%
17-Aug-99,15.90%,7.30%,23.40%,,15.20%,16.10%,,,,,,,6.10%,,7.60%
18-Aug-99,15.90%,7.30%,23.40%,,15.20%,16.10%,,,,,,,6.10%,,7.60%
19-Aug-99,15.90%,7.30%,23.40%,,15.20%,16.10%,,,,,,,6.10%,,7.60%
20-Aug-99,15.90%,7.30%,23.40%,,15.20%,16.10%,,,,,,,6.10%,,7.60%
21-Aug-99,15.90%,7.30%,23.40%,,15.20%,16.10%,,,,,,,6.10%,,7.60%
22-Aug-99,15.90%,7.30%,23.40%,,15.20%,16.10%,,,,,,,6.10%,,7.60%
23-Aug-99,15.90%,7.30%,23.40%,,15.20%,16.10%,,,,,,,6.10%,,7.60%
24-Aug-99,15.90%,7.30%,23.40%,,15.20%,16.10%,,,,,,,6.10%,,7.60%
25-Aug-99,15.90%,7.30%,23.40%,,15.20%,16.10%,,,,,,,6.10%,,7.60%
26-Aug-99,15.90%,7.30%,23.40%,,15.20%,16.10%,,,,,,,6.10%,,7.60%
27-Aug-99,15.90%,7.30%,23.40%,,15.20%,16.10%,,,,,,,6.10%,,7.60%
28-Aug-99,15.90%,7.30%,23.40%,,15.20%,16.10%,,,,,,,6.10%,,7.60%
29-Aug-99,15.90%,7.30%,23.40%,,15.20%,16.10%,,,,,,,6.10%,,7.60%
30-Aug-99,15.90%,7.30%,23.40%,,15.20%,16.10%,,,,,,,6.10%,,7.60%
31-Aug-99,15.90%,7.30%,23.40%,,15.20%,16.10%,,,,,,,6.10%,,7.60%
01-Sep-99,15.90%,7.30%,23.40%,,15.20%,16.10%,,,,,,,6.10%,,7.60%
02-Sep-99,15.90%,7.30%,23.40%,,15.20%,16.10%,,,,,,,6.10%,,7.60%
03-Sep-99,15.90%,7.30%,23.40%,,15.20%,16.10%,,,,,,,6.10%,,7.60%
04-Sep-99,15.90%,7.30%,23.40%,,15.20%,16.10%,,,,,,,6.10%,,7.60%
05-Sep-99,15.90%,7.30%,23.40%,,15.20%,16.10%,,,,,,,6.10%,,7.60%
06-Sep-99,15.90%,7.30%,23.40%,,15.20%,16.10%,,,,,,,6.10%,,7.60%
07-Sep-99,15.90%,7.30%,23.40%,,15.20%,16.10%,,,,,,,6.10%,,7.60%
08-Sep-99,15.90%,7.30%,23.40%,,15.20%,16.10%,,,,,,,6.10%,,7.60%
09-Sep-99,15.90%,7.30%,23.40%,,15.20%,16.10%,,,,,,,6.10%,,7.60%
10-Sep-99,15.90%,7.30%,23.40%,,15.20%,16.10%,,,,,,,6.10%,,7.60%
11-Sep-99,15.90%,7.30%,23.40%,,15.20%,16.10%,,,,,,,6.10%,,7.60%
12-Sep-99,15.90%,7.30%,23.40%,,15.20%,16.10%,,,,,,,6.10%,,7.60%
13-Sep-99,15.90%,7.30%,23.40%,,15.20%,16.10%,,,,,,,6.10%,,7.60%
14-Sep-99,15.90%,7.30%,23.40%,,15.20%,16.10%,,,,,,,6.10%,,7.60%
15-Sep-99,15.84%,7.30%,23.38%,,15.24%,16.11%,,,,,,,6.10%,,7.60%
16-Sep-99,15.78%,7.30%,23.35%,,15.28%,16.12%,,,,,,,6.10%,,7.60%
17-Sep-99,15.72%,7.30%,23.33%,,15.31%,16.13%,,,,,,,6.10%,,7.60%
18-Sep-99,15.66%,7.30%,23.30%,,15.35%,16.14%,,,,,,,6.10%,,7.60%
19-Sep-99,15.61%,7.30%,23.28%,,15.39%,16.15%,,,,,,,6.10%,,7.60%
20-Sep-99,15.55%,7.30%,23.26%,,15.43%,16.15%,,,,,,,6.10%,,7.60%
21-Sep-99,15.49%,7.30%,23.23%,,15.47%,16.16%,,,,,,,6.10%,,7.60%
22-Sep-99,15.43%,7.30%,23.21%,,15.50%,16.17%,,,,,,,6.10%,,7.60%
23-Sep-99,15.37%,7.30%,23.18%,,15.54%,16.18%,,,,,,,6.10%,,7.60%
24-Sep-99,15.31%,7.30%,23.16%,,15.58%,16.19%,,,,,,,6.10%,,7.60%
25-Sep-99,15.25%,7.30%,23.14%,,15.62%,16.20%,,,,,,,6.10%,,7.60%
26-Sep-99,15.19%,7.30%,23.11%,,15.66%,16.21%,,,,,,,6.10%,,7.60%
27-Sep-99,15.13%,7.30%,23.09%,,15.69%,16.22%,,,,,,,6.10%,,7.60%
28-Sep-99,15.07%,7.30%,23.06%,,15.73%,16.23%,,,,,,,6.10%,,7.60%
29-Sep-99,15.02%,7.30%,23.04%,,15.77%,16.24%,,,,,,,6.10%,,7.60%
30-Sep-99,14.96%,7.30%,23.02%,,15.81%,16.24%,,,,,,,6.10%,,7.60%
01-Oct-99,14.90%,7.30%,22.99%,,15.85%,16.25%,,,,,,,6.10%,,7.60%
02-Oct-99,14.84%,7.30%,22.97%,,15.88%,16.26%,,,,,,,6.10%,,7.60%
03-Oct-99,14.78%,7.30%,22.94%,,15.92%,16.27%,,,,,,,6.10%,,7.60%
04-Oct-99,14.72%,7.30%,22.92%,,15.96%,16.28%,,,,,,,6.10%,,7.60%
05-Oct-99,14.66%,7.30%,22.90%,,16.00%,16.29%,,,,,,,6.10%,,7.60%
06-Oct-99,14.60%,7.30%,22.87%,,16.04%,16.30%,,,,,,,6.10%,,7.60%
07-Oct-99,14.54%,7.30%,22.85%,,16.07%,16.31%,,,,,,,6.10%,,7.60%
08-Oct-99,14.48%,7.30%,22.82%,,16.11%,16.32%,,,,,,,6.10%,,7.60%
09-Oct-99,14.43%,7.30%,22.80%,,16.15%,16.33%,,,,,,,6.10%,,7.60%
10-Oct-99,14.37%,7.30%,22.78%,,16.19%,16.33%,,,,,,,6.10%,,7.60%
11-Oct-99,14.31%,7.30%,22.75%,,16.23%,16.34%,,,,,,,6.10%,,7.60%
12-Oct-99,14.25%,7.30%,22.73%,,16.26%,16.35%,,,,,,,6.10%,,7.60%
13-Oct-99,14.19%,7.30%,22.70%,,16.30%,16.36%,,,,,,,6.10%,,7.60%
14-Oct-99,14.13%,7.30%,22.68%,,16.34%,16.37%,,,,,,,6.10%,,7.60%
15-Oct-99,14.07%,7.30%,22.66%,,16.38%,16.38%,,,,,,,6.10%,,7.60%
16-Oct-99,14.01%,7.30%,22.63%,,16.42%,16.39%,,,,,,,6.10%,,7.60%
17-Oct-99,13.95%,7.30%,22.61%,,16.45%,16.40%,,,,,,,6.10%,,7.60%
18-Oct-99,13.89%,7.30%,22.58%,,16.49%,16.41%,,,,,,,6.10%,,7.60%
19-Oct-99,13.84%,7.30%,22.56%,,16.53%,16.42%,,,,,,,6.10%,,7.60%
20-Oct-99,13.78%,7.30%,22.54%,,16.57%,16.42%,,,,,,,6.10%,,7.60%
21-Oct-99,13.72%,7.30%,22.51%,,16.61%,16.43%,,,,,,,6.10%,,7.60%
22-Oct-99,13.66%,7.30%,22.49%,,16.64%,16.44%,,,,,,,6.10%,,7.60%
23-Oct-99,13.60%,7.30%,22.46%,,16.68%,16.45%,,,,,,,6.10%,,7.60%
24-Oct-99,13.54%,7.30%,22.44%,,16.72%,16.46%,,,,,,,6.10%,,7.60%
25-Oct-99,13.48%,7.30%,22.42%,,16.76%,16.47%,,,,,,,6.10%,,7.60%
26-Oct-99,13.42%,7.30%,22.39%,,16.80%,16.48%,,,,,,,6.10%,,7.60%
27-Oct-99,13.36%,7.30%,22.37%,,16.83%,16.49%,,,,,,,6.10%,,7.60%
28-Oct-99,13.30%,7.30%,22.34%,,16.87%,16.50%,,,,,,,6.10%,,7.60%
29-Oct-99,13.25%,7.30%,22.32%,,16.91%,16.51%,,,,,,,6.10%,,7.60%
30-Oct-99,13.19%,7.30%,22.30%,,16.95%,16.51%,,,,,,,6.10%,,7.60%
31-Oct-99,13.13%,7.30%,22.27%,,16.99%,16.52%,,,,,,,6.10%,,7.60%
01-Nov-99,13.07%,7.30%,22.25%,,17.02%,16.53%,,,,,,,6.10%,,7.60%
02-Nov-99,13.01%,7.30%,22.22%,,17.06%,16.54%,,,,,,,6.10%,,7.60%
03-Nov-99,12.95%,7.30%,22.20%,,17.10%,16.55%,,,,,,,6.10%,,7.60%
04-Nov-99,12.89%,7.30%,22.18%,,17.14%,16.56%,,,,,,,6.10%,,7.60%
05-Nov-99,12.83%,7.30%,22.15%,,17.18%,16.57%,,,,,,,6.10%,,7.60%
06-Nov-99,12.77%,7.30%,22.13%,,17.21%,16.58%,,,,,,,6.10%,,7.60%
07-Nov-99,12.71%,7.30%,22.10%,,17.25%,16.59%,,,,,,,6.10%,,7.60%
08-Nov-99,12.66%,7.30%,22.08%,,17.29%,16.60%,,,,,,,6.10%,,7.60%
09-Nov-99,12.60%,7.30%,22.06%,,17.33%,16.60%,,,,,,,6.10%,,7.60%
10-Nov-99,12.54%,7.30%,22.03%,,17.37%,16.61%,,,,,,,6.10%,,7.60%
11-Nov-99,12.48%,7.30%,22.01%,,17.40%,16.62%,,,,,,,6.10%,,7.60%
12-Nov-99,12.42%,7.30%,21.98%,,17.44%,16.63%,,,,,,,6.10%,,7.60%
13-Nov-99,12.36%,7.30%,21.96%,,17.48%,16.64%,,,,,,,6.10%,,7.60%
14-Nov-99,12.30%,7.30%,21.94%,,17.52%,16.65%,,,,,,,6.10%,,7.60%
15-Nov-99,12.24%,7.30%,21.91%,,17.56%,16.66%,,,,,,,6.10%,,7.60%
16-Nov-99,12.18%,7.30%,21.89%,,17.59%,16.67%,,,,,,,6.10%,,7.60%
17-Nov-99,12.12%,7.30%,21.86%,,17.63%,16.68%,,,,,,,6.10%,,7.60%
18-Nov-99,12.07%,7.30%,21.84%,,17.67%,16.69%,,,,,,,6.10%,,7.60%
19-Nov-99,12.01%,7.30%,21.82%,,17.71%,16.69%,,,,,,,6.10%,,7.60%
20-Nov-99,11.95%,7.30%,21.79%,,17.75%,16.70%,,,,,,,6.10%,,7.60%
21-Nov-99,11.89%,7.30%,21.77%,,17.78%,16.71%,,,,,,,6.10%,,7.60%
22-Nov-99,11.83%,7.30%,21.74%,,17.82%,16.72%,,,,,,,6.10%,,7.60%
23-Nov-99,11.77%,7.30%,21.72%,,17.86%,16.73%,,,,,,,6.10%,,7.60%
24-Nov-99,11.71%,7.30%,21.70%,,17.90%,16.74%,,,,,,,6.10%,,7.60%
25-Nov-99,11.65%,7.30%,21.67%,,17.94%,16.75%,,,,,,,6.10%,,7.60%
26-Nov-99,11.59%,7.30%,21.65%,,17.97%,16.76%,,,,,,,6.10%,,7.60%
27-Nov-99,11.53%,7.30%,21.62%,,18.01%,16.77%,,,,,,,6.10%,,7.60%
28-Nov-99,11.48%,7.30%,21.60%,,18.05%,16.78%,,,,,,,6.10%,,7.60%
29-Nov-99,11.42%,7.30%,21.58%,,18.09%,16.78%,,,,,,,6.10%,,7.60%
30-Nov-99,11.36%,7.30%,21.55%,,18.13%,16.79%,,,,,,,6.10%,,7.60%
01-Dec-99,11.30%,7.30%,21.53%,,18.16%,16.80%,,,,,,,6.10%,,7.60%
02-Dec-99,11.24%,7.30%,21.50%,,18.20%,16.81%,,,,,,,6.10%,,7.60%
03-Dec-99,11.18%,7.30%,21.48%,,18.24%,16.82%,,,,,,,6.10%,,7.60%
04-Dec-99,11.12%,7.30%,21.46%,,18.28%,16.83%,,,,,,,6.10%,,7.60%
05-Dec-99,11.06%,7.30%,21.43%,,18.32%,16.84%,,,,,,,6.10%,,7.60%
06-Dec-99,11.00%,7.30%,21.41%,,18.35%,16.85%,,,,,,,6.10%,,7.60%
07-Dec-99,10.94%,7.30%,21.38%,,18.39%,16.86%,,,,,,,6.10%,,7.60%
08-Dec-99,10.89%,7.30%,21.36%,,18.43%,16.87%,,,,,,,6.10%,,7.60%
09-Dec-99,10.83%,7.30%,21.34%,,18.47%,16.87%,,,,,,,6.10%,,7.60%
10-Dec-99,10.77%,7.30%,21.31%,,18.51%,16.88%,,,,,,,6.10%,,7.60%
11-Dec-99,10.71%,7.30%,21.29%,,18.54%,16.89%,,,,,,,6.10%,,7.60%
12-Dec-99,10.65%,7.30%,21.26%,,18.58%,16.90%,,,,,,,6.10%,,7.60%
13-Dec-99,10.59%,7.30%,21.24%,,18.62%,16.91%,,,,,,,6.10%,,7.60%
14-Dec-99,10.53%,7.30%,21.22%,,18.66%,16.92%,,,,,,,6.10%,,7.60%
15-Dec-99,10.47%,7.30%,21.19%,,18.70%,16.93%,,,,,,,6.10%,,7.60%
16-Dec-99,10.41%,7.30%,21.17%,,18.73%,16.94%,,,,,,,6.10%,,7.60%
17-Dec-99,10.35%,7.30%,21.14%,,18.77%,16.95%,,,,,,,6.10%,,7.60%
18-Dec-99,10.30%,7.30%,21.12%,,18.81%,16.96%,,,,,,,6.10%,,7.60%
19-Dec-99,10.24%,7.30%,21.10%,,18.85%,16.96%,,,,,,,6.10%,,7.60%
20-Dec-99,10.18%,7.30%,21.07%,,18.89%,16.97%,,,,,,,6.10%,,7.60%
21-Dec-99,10.12%,7.30%,21.05%,,18.92%,16.98%,,,,,,,6.10%,,7.60%
22-Dec-99,10.06%,7.30%,21.02%,,18.96%,16.99%,,,,,,,6.10%,,7.60%
23-Dec-99,10.00%,7.30%,21.00%,,19.00%,17.00%,,,,,,,6.10%,,7.60%
24-Dec-99,10.00%,7.30%,21.00%,,19.00%,17.00%,,,,,,,6.10%,,7.60%
25-Dec-99,10.00%,7.30%,21.00%,,19.00%,17.00%,,,,,,,6.10%,,7.60%
26-Dec-99,10.00%,7.30%,21.00%,,19.00%,17.00%,,,,,,,6.10%,,7.60%
27-Dec-99,10.00%,7.30%,21.00%,,19.00%,17.00%,,,,,,,6.10%,,7.60%
28-Dec-99,10.00%,7.30%,21.00%,,19.00%,17.00%,,,,,,,6.10%,,7.60%
29-Dec-99,10.00%,7.30%,21.00%,,19.00%,17.00%,,,,,,,6.10%,,7.60%
30-Dec-99,10.00%,7.30%,21.00%,,19.00%,17.00%,,,,,,,6.10%,,7.60%
31-Dec-99,10.00%,7.30%,21.00%,,19.00%,17.00%,,,,,,,6.10%,,7.60%
01-Jan-00,10.00%,7.30%,21.00%,,19.00%,17.00%,,,,,,,6.10%,,7.60%
02-Jan-00,10.00%,7.30%,21.00%,,19.00%,17.00%,,,,,,,6.10%,,7.60%
03-Jan-00,10.00%,7.30%,21.00%,,19.00%,17.00%,,,,,,,6.10%,,7.60%
04-Jan-00,10.00%,7.30%,21.00%,,19.00%,17.00%,,,,,,,6.10%,,7.60%
05-Jan-00,10.00%,7.30%,21.00%,,19.00%,17.00%,,,,,,,6.10%,,7.60%
06-Jan-00,10.00%,7.30%,21.00%,,19.00%,17.00%,,,,,,,6.10%,,7.60%
07-Jan-00,10.00%,7.30%,21.00%,,19.00%,17.00%,,,,,,,6.10%,,7.60%
08-Jan-00,10.00%,7.30%,21.00%,,19.00%,17.00%,,,,,,,6.10%,,7.60%
09-Jan-00,10.00%,7.30%,21.00%,,19.00%,17.00%,,,,,,,6.10%,,7.60%
10-Jan-00,10.00%,7.30%,21.00%,,19.00%,17.00%,,,,,,,6.10%,,7.60%
11-Jan-00,10.00%,7.30%,21.00%,,19.00%,17.00%,,,,,,,6.10%,,7.60%
12-Jan-00,10.00%,7.30%,21.00%,,19.00%,17.00%,,,,,,,6.10%,,7.60%
13-Jan-00,10.00%,7.30%,21.00%,,19.00%,17.00%,,,,,,,6.10%,,7.60%
14-Jan-00,10.00%,7.30%,21.00%,,19.00%,17.00%,,,,,,,6.10%,,7.60%
15-Jan-00,10.00%,7.30%,21.00%,,19.00%,17.00%,,,,,,,6.10%,,7.60%
16-Jan-00,10.00%,7.30%,21.00%,,19.00%,17.00%,,,,,,,6.10%,,7.60%
17-Jan-00,10.00%,7.30%,21.00%,,19.00%,17.00%,,,,,,,6.10%,,7.60%
18-Jan-00,10.00%,7.30%,21.00%,,19.00%,17.00%,,,,,,,6.10%,,7.60%
19-Jan-00,10.00%,7.30%,21.00%,,19.00%,17.00%,,,,,,,6.10%,,7.60%
20-Jan-00,10.00%,7.30%,21.00%,,19.00%,17.00%,,,,,,,6.10%,,7.60%
21-Jan-00,10.00%,7.30%,21.00%,,19.00%,17.00%,,,,,,,6.10%,,7.60%
22-Jan-00,10.00%,7.30%,21.00%,,19.00%,17.00%,,,,,,,6.10%,,7.60%
23-Jan-00,10.00%,7.30%,21.00%,,19.00%,17.00%,,,,,,,6.10%,,7.60%
24-Jan-00,10.00%,7.30%,21.00%,,19.00%,17.00%,,,,,,,6.10%,,7.60%
25-Jan-00,10.00%,7.30%,21.00%,,19.00%,17.00%,,,,,,,6.10%,,7.60%
26-Jan-00,10.00%,7.30%,21.00%,,19.00%,17.00%,,,,,,,6.10%,,7.60%
27-Jan-00,10.00%,7.30%,21.00%,,19.00%,17.00%,,,,,,,6.10%,,7.60%
28-Jan-00,10.03%,7.31%,21.03%,,18.96%,17.04%,,,,,,,6.07%,,7.56%
29-Jan-00,10.06%,7.33%,21.06%,,18.93%,17.08%,,,,,,,6.04%,,7.51%
30-Jan-00,10.10%,7.34%,21.10%,,18.89%,17.12%,,,,,,,6.02%,,7.47%
31-Jan-00,10.13%,7.36%,21.13%,,18.86%,17.16%,,,,,,,5.99%,,7.43%
01-Feb-00,10.16%,7.37%,21.16%,,18.82%,17.19%,,,,,,,5.96%,,7.38%
02-Feb-00,10.19%,7.39%,21.19%,,18.78%,17.23%,,,,,,,5.93%,,7.34%
03-Feb-00,10.22%,7.40%,21.22%,,18.75%,17.27%,,,,,,,5.90%,,7.30%
04-Feb-00,10.25%,7.42%,21.25%,,18.71%,17.31%,,,,,,,5.88%,,7.26%
05-Feb-00,10.29%,7.43%,21.29%,,18.67%,17.35%,,,,,,,5.85%,,7.21%
06-Feb-00,10.32%,7.45%,21.32%,,18.64%,17.39%,,,,,,,5.82%,,7.17%
07-Feb-00,10.35%,7.46%,21.35%,,18.60%,17.43%,,,,,,,5.79%,,7.13%
08-Feb-00,10.38%,7.48%,21.38%,,18.57%,17.47%,,,,,,,5.76%,,7.08%
09-Feb-00,10.41%,7.49%,21.41%,,18.53%,17.50%,,,,,,,5.74%,,7.04%
10-Feb-00,10.45%,7.51%,21.44%,,18.49%,17.54%,,,,,,,5.71%,,7.00%
11-Feb-00,10.48%,7.52%,21.48%,,18.46%,17.58%,,,,,,,5.68%,,6.95%
12-Feb-00,10.51%,7.54%,21.51%,,18.42%,17.62%,,,,,,,5.65%,,6.91%
13-Feb-00,10.54%,7.55%,21.54%,,18.39%,17.66%,,,,,,,5.62%,,6.87%
14-Feb-00,10.57%,7.57%,21.57%,,18.35%,17.70%,,,,,,,5.60%,,6.83%
15-Feb-00,10.61%,7.58%,21.60%,,18.31%,17.74%,,,,,,,5.57%,,6.78%
16-Feb-00,10.64%,7.60%,21.64%,,18.28%,17.78%,,,,,,,5.54%,,6.74%
17-Feb-00,10.67%,7.61%,21.67%,,18.24%,17.81%,,,,,,,5.51%,,6.70%
18-Feb-00,10.70%,7.63%,21.70%,,18.20%,17.85%,,,,,,,5.48%,,6.65%
19-Feb-00,10.73%,7.64%,21.73%,,18.17%,17.89%,,,,,,,5.46%,,6.61%
20-Feb-00,10.76%,7.66%,21.76%,,18.13%,17.93%,,,,,,,5.43%,,6.57%
21-Feb-00,10.80%,7.67%,21.79%,,18.10%,17.97%,,,,,,,5.40%,,6.52%
22-Feb-00,10.83%,7.69%,21.83%,,18.06%,18.01%,,,,,,,5.37%,,6.48%
23-Feb-00,10.86%,7.70%,21.86%,,18.02%,18.05%,,,,,,,5.34%,,6.44%
24-Feb-00,10.89%,7.72%,21.89%,,17.99%,18.09%,,,,,,,5.32%,,6.40%
25-Feb-00,10.92%,7.73%,21.92%,,17.95%,18.12%,,,,,,,5.29%,,6.35%
26-Feb-00,10.96%,7.75%,21.95%,,17.92%,18.16%,,,,,,,5.26%,,6.31%
27-Feb-00,10.99%,7.76%,21.98%,,17.88%,18.20%,,,,,,,5.23%,,6.27%
28-Feb-00,11.02%,7.78%,22.02%,,17.84%,18.24%,,,,,,,5.20%,,6.22%
29-Feb-00,11.05%,7.79%,22.05%,,17.81%,18.28%,,,,,,,5.17%,,6.18%
01-Mar-00,11.08%,7.81%,22.08%,,17.77%,18.32%,,,,,,,5.15%,,6.14%
02-Mar-00,11.12%,7.82%,22.11%,,17.73%,18.36%,,,,,,,5.12%,,6.09%
03-Mar-00,11.15%,7.84%,22.14%,,17.70%,18.40%,,,,,,,5.09%,,6.05%
04-Mar-00,11.18%,7.85%,22.18%,,17.66%,18.44%,,,,,,,5.06%,,6.01%
05-Mar-00,11.21%,7.87%,22.21%,,17.63%,18.47%,,,,,,,5.03%,,5.96%
06-Mar-00,11.24%,7.88%,22.24%,,17.59%,18.51%,,,,,,,5.01%,,5.92%
07-Mar-00,11.27%,7.90%,22.27%,,17.55%,18.55%,,,,,,,4.98%,,5.88%
08-Mar-00,11.31%,7.91%,22.30%,,17.52%,18.59%,,,,,,,4.95%,,5.84%
09-Mar-00,11.34%,7.93%,22.33%,,17.48%,18.63%,,,,,,,4.92%,,5.79%
10-Mar-00,11.37%,7.94%,22.37%,,17.45%,18.67%,,,,,,,4.89%,,5.75%
11-Mar-00,11.40%,7.96%,22.40%,,17.41%,18.71%,,,,,,,4.87%,,5.71%
12-Mar-00,11.43%,7.97%,22.43%,,17.37%,18.75%,,,,,,,4.84%,,5.66%
13-Mar-00,11.47%,7.99%,22.46%,,17.34%,18.78%,,,,,,,4.81%,,5.62%
14-Mar-00,11.50%,8.00%,22.49%,,17.30%,18.82%,,,,,,,4.78%,,5.58%
15-Mar-00,11.51%,8.00%,22.54%,,17.27%,18.84%,,,,,,,4.75%,,5.53%
16-Mar-00,11.52%,8.01%,22.58%,,17.24%,18.85%,,,,,,,4.72%,,5.49%
17-Mar-00,11.53%,8.01%,22.62%,,17.20%,18.86%,,,,,,,4.69%,,5.44%
18-Mar-00,11.54%,8.01%,22.67%,,17.17%,18.88%,,,,,,,4.66%,,5.40%
19-Mar-00,11.55%,8.02%,22.71%,,17.14%,18.89%,,,,,,,4.63%,,5.35%
20-Mar-00,11.56%,8.02%,22.76%,,17.11%,18.90%,,,,,,,4.60%,,5.31%
21-Mar-00,11.57%,8.02%,22.80%,,17.08%,18.92%,,,,,,,4.57%,,5.26%
22-Mar-00,11.58%,8.03%,22.84%,,17.04%,18.93%,,,,,,,4.54%,,5.22%
23-Mar-00,11.59%,8.03%,22.89%,,17.01%,18.94%,,,,,,,4.51%,,5.17%
24-Mar-00,11.61%,8.03%,22.93%,,16.98%,18.95%,,,,,,,4.48%,,5.13%
25-Mar-00,11.62%,8.03%,22.98%,,16.95%,18.97%,,,,,,,4.45%,,5.08%
26-Mar-00,11.63%,8.04%,23.02%,,16.92%,18.98%,,,,,,,4.42%,,5.04%
27-Mar-00,11.64%,8.04%,23.06%,,16.88%,18.99%,,,,,,,4.39%,,4.99%
28-Mar-00,11.65%,8.04%,23.11%,,16.85%,19.00%,,,,,,,4.36%,,4.95%
29-Mar-00,11.66%,8.04%,23.15%,,16.82%,19.02%,,,,,,,4.33%,,4.90%
30-Mar-00,11.67%,8.05%,23.20%,,16.79%,19.03%,,,,,,,4.30%,,4.86%
31-Mar-00,11.68%,8.05%,23.24%,,16.76%,19.04%,,,,,,,4.27%,,4.81%
01-Apr-00,11.68%,8.05%,23.29%,,16.72%,19.05%,,,,,,,4.24%,,4.77%
02-Apr-00,11.69%,8.05%,23.33%,,16.69%,19.06%,,,,,,,4.21%,,4.72%
03-Apr-00,11.70%,8.06%,23.37%,,16.66%,19.07%,,,,,,,4.18%,,4.68%
04-Apr-00,11.71%,8.06%,23.42%,,16.63%,19.09%,,,,,,,4.15%,,4.63%
05-Apr-00,11.72%,8.06%,23.46%,,16.60%,19.10%,,,,,,,4.12%,,4.59%
06-Apr-00,11.73%,8.06%,23.51%,,16.57%,19.11%,,,,,,,4.09%,,4.54%
07-Apr-00,11.74%,8.07%,23.55%,,16.53%,19.12%,,,,,,,4.06%,,4.50%
08-Apr-00,11.75%,8.07%,23.60%,,16.50%,19.13%,,,,,,,4.03%,,4.45%
09-Apr-00,11.76%,8.07%,23.64%,,16.47%,19.14%,,,,,,,4.00%,,4.41%
10-Apr-00,11.77%,8.07%,23.69%,,16.44%,19.15%,,,,,,,3.97%,,4.36%
11-Apr-00,11.77%,8.07%,23.73%,,16.41%,19.16%,,,,,,,3.94%,,4.32%
12-Apr-00,11.78%,8.07%,23.78%,,16.38%,19.17%,,,,,,,3.91%,,4.27%
13-Apr-00,11.79%,8.08%,23.82%,,16.34%,19.18%,,,,,,,3.88%,,4.22%
14-Apr-00,11.80%,8.08%,23.87%,,16.31%,19.19%,,,,,,,3.85%,,4.18%
15-Apr-00,11.81%,8.08%,23.92%,,16.28%,19.20%,,,,,,,3.82%,,4.13%
16-Apr-00,11.81%,8.08%,23.96%,,16.25%,19.21%,,,,,,,3.79%,,4.09%
17-Apr-00,11.82%,8.08%,24.01%,,16.22%,19.22%,,,,,,,3.76%,,4.04%
18-Apr-00,11.83%,8.08%,24.05%,,16.19%,19.23%,,,,,,,3.73%,,4.00%
19-Apr-00,11.84%,8.08%,24.10%,,16.16%,19.23%,,,,,,,3.70%,,3.95%
20-Apr-00,11.84%,8.08%,24.15%,,16.12%,19.24%,,,,,,,3.67%,,3.91%
21-Apr-00,11.85%,8.08%,24.19%,,16.09%,19.25%,,,,,,,3.64%,,3.86%
22-Apr-00,11.85%,8.08%,24.24%,,16.06%,19.26%,,,,,,,3.61%,,3.82%
23-Apr-00,11.86%,8.08%,24.28%,,16.03%,19.26%,,,,,,,3.58%,,3.77%
24-Apr-00,11.87%,8.09%,24.33%,,16.00%,19.27%,,,,,,,3.55%,,3.73%
25-Apr-00,11.87%,8.09%,24.38%,,15.97%,19.28%,,,,,,,3.52%,,3.68%
26-Apr-00,11.88%,8.08%,24.43%,,15.94%,19.28%,,,,,,,3.48%,,3.63%
27-Apr-00,11.88%,8.08%,24.47%,,15.91%,19.29%,,,,,,,3.45%,,3.59%
28-Apr-00,11.89%,8.08%,24.52%,,15.88%,19.30%,,,,,,,3.42%,,3.54%
29-Apr-00,11.89%,8.08%,24.57%,,15.85%,19.30%,,,,,,,3.39%,,3.50%
30-Apr-00,11.89%,8.08%,24.62%,,15.81%,19.31%,,,,,,,3.36%,,3.45%
01-May-00,11.90%,8.08%,24.66%,,15.78%,19.31%,,,,,,,3.33%,,3.41%
02-May-00,11.90%,8.08%,24.71%,,15.75%,19.31%,,,,,,,3.30%,,3.36%
03-May-00,11.90%,8.08%,24.76%,,15.72%,19.32%,,,,,,,3.27%,,3.32%
04-May-00,11.90%,8.08%,24.81%,,15.69%,19.32%,,,,,,,3.24%,,3.27%
05-May-00,11.91%,8.07%,24.86%,,15.66%,19.32%,,,,,,,3.21%,,3.22%
06-May-00,11.91%,8.07%,24.91%,,15.63%,19.32%,,,,,,,3.18%,,3.18%
07-May-00,11.87%,8.05%,24.93%,,15.64%,19.28%,,,,,,,3.17%,,3.17%
08-May-00,11.84%,8.04%,24.95%,,15.64%,19.24%,,,,,,,3.17%,,3.17%
09-May-00,11.81%,8.02%,24.96%,,15.65%,19.20%,,,,,,,3.17%,,3.17%
10-May-00,11.78%,8.00%,24.98%,,15.66%,19.16%,,,,,,,3.17%,,3.17%
11-May-00,11.75%,7.98%,25.00%,,15.66%,19.13%,,,,,,,3.16%,,3.16%
12-May-00,11.71%,7.96%,25.02%,,15.67%,19.09%,,,,,,,3.16%,,3.16%
13-May-00,11.68%,7.95%,25.04%,,15.68%,19.05%,,,,,,,3.16%,,3.16%
14-May-00,11.65%,7.93%,25.06%,,15.68%,19.01%,,,,,,,3.15%,,3.15%
15-May-00,11.62%,7.91%,25.07%,,15.69%,18.97%,,,,,,,3.15%,,3.15%
16-May-00,11.59%,7.89%,25.09%,,15.69%,18.93%,,,,,,,3.15%,,3.15%
17-May-00,11.56%,7.87%,25.11%,,15.70%,18.89%,,,,,,,3.14%,,3.14%
18-May-00,11.52%,7.86%,25.13%,,15.71%,18.85%,,,,,,,3.14%,,3.14%
19-May-00,11.49%,7.84%,25.15%,,15.71%,18.82%,,,,,,,3.14%,,3.14%
20-May-00,11.46%,7.82%,25.16%,,15.72%,18.78%,,,,,,,3.14%,,3.14%
21-May-00,11.43%,7.80%,25.18%,,15.72%,18.74%,,,,,,,3.13%,,3.13%
22-May-00,11.40%,7.78%,25.20%,,15.73%,18.70%,,,,,,,3.13%,,3.13%
23-May-00,11.36%,7.77%,25.22%,,15.74%,18.66%,,,,,,,3.13%,,3.13%
24-May-00,11.33%,7.75%,25.24%,,15.74%,18.62%,,,,,,,3.12%,,3.12%
25-May-00,11.30%,7.73%,25.26%,,15.75%,18.58%,,,,,,,3.12%,,3.12%
26-May-00,11.27%,7.71%,25.27%,,15.76%,18.54%,,,,,,,3.12%,,3.12%
27-May-00,11.24%,7.70%,25.29%,,15.76%,18.51%,,,,,,,3.12%,,3.12%
28-May-00,11.20%,7.68%,25.31%,,15.77%,18.47%,,,,,,,3.11%,,3.11%
29-May-00,11.17%,7.66%,25.33%,,15.77%,18.43%,,,,,,,3.11%,,3.11%
30-May-00,11.14%,7.64%,25.35%,,15.78%,18.39%,,,,,,,3.11%,,3.11%
31-May-00,11.11%,7.62%,25.37%,,15.79%,18.35%,,,,,,,3.10%,,3.10%
01-Jun-00,11.08%,7.61%,25.38%,,15.79%,18.31%,,,,,,,3.10%,,3.10%
02-Jun-00,11.05%,7.59%,25.40%,,15.80%,18.27%,,,,,,,3.10%,,3.10%
03-Jun-00,11.01%,7.57%,25.42%,,15.80%,18.23%,,,,,,,3.09%,,3.09%
04-Jun-00,10.98%,7.55%,25.44%,,15.81%,18.19%,,,,,,,3.09%,,3.09%
05-Jun-00,10.95%,7.53%,25.46%,,15.82%,18.16%,,,,,,,3.09%,,3.09%
06-Jun-00,10.92%,7.52%,25.47%,,15.82%,18.12%,,,,,,,3.09%,,3.09%
07-Jun-00,10.89%,7.50%,25.49%,,15.83%,18.08%,,,,,,,3.08%,,3.08%
08-Jun-00,10.85%,7.48%,25.51%,,15.84%,18.04%,,,,,,,3.08%,,3.08%
09-Jun-00,10.82%,7.46%,25.53%,,15.84%,18.00%,,,,,,,3.08%,,3.08%
10-Jun-00,10.79%,7.44%,25.55%,,15.85%,17.96%,,,,,,,3.07%,,3.07%
11-Jun-00,10.76%,7.43%,25.57%,,15.85%,17.92%,,,,,,,3.07%,,3.07%
12-Jun-00,10.73%,7.41%,25.58%,,15.86%,17.88%,,,,,,,3.07%,,3.07%
13-Jun-00,10.69%,7.39%,25.60%,,15.87%,17.85%,,,,,,,3.06%,,3.06%
14-Jun-00,10.66%,7.37%,25.62%,,15.87%,17.81%,,,,,,,3.06%,,3.06%
15-Jun-00,10.63%,7.35%,25.64%,,15.88%,17.77%,,,,,,,3.06%,,3.06%
16-Jun-00,10.60%,7.34%,25.66%,,15.88%,17.73%,,,,,,,3.06%,,3.06%
17-Jun-00,10.57%,7.32%,25.68%,,15.89%,17.69%,,,,,,,3.05%,,3.05%
18-Jun-00,10.54%,7.30%,25.69%,,15.90%,17.65%,,,,,,,3.05%,,3.05%
19-Jun-00,10.50%,7.28%,25.71%,,15.90%,17.61%,,,,,,,3.05%,,3.05%
20-Jun-00,10.47%,7.27%,25.73%,,15.91%,17.57%,,,,,,,3.04%,,3.04%
21-Jun-00,10.44%,7.25%,25.75%,,15.92%,17.54%,,,,,,,3.04%,,3.04%
22-Jun-00,10.41%,7.23%,25.77%,,15.92%,17.50%,,,,,,,3.04%,,3.04%
23-Jun-00,10.40%,7.22%,25.77%,,15.92%,17.48%,,,,,,,3.04%,,3.04%
24-Jun-00,10.39%,7.22%,25.78%,,15.93%,17.47%,,,,,,,3.04%,,3.04%
25-Jun-00,10.38%,7.21%,25.79%,,15.93%,17.46%,,,,,,,3.03%,,3.03%
26-Jun-00,10.36%,7.20%,25.79%,,15.93%,17.44%,,,,,,,3.03%,,3.03%
27-Jun-00,10.35%,7.20%,25.80%,,15.93%,17.43%,,,,,,,3.03%,,3.03%
28-Jun-00,10.34%,7.19%,25.80%,,15.93%,17.42%,,,,,,,3.03%,,3.03%
29-Jun-00,10.33%,7.19%,25.81%,,15.94%,17.40%,,,,,,,3.03%,,3.03%
30-Jun-00,10.32%,7.18%,25.82%,,15.94%,17.39%,,,,,,,3.03%,,3.03%
01-Jul-00,10.31%,7.17%,25.82%,,15.94%,17.38%,,,,,,,3.03%,,3.03%
02-Jul-00,10.30%,7.17%,25.83%,,15.94%,17.37%,,,,,,,3.03%,,3.03%
03-Jul-00,10.29%,7.16%,25.83%,,15.94%,17.35%,,,,,,,3.03%,,3.03%
04-Jul-00,10.28%,7.16%,25.84%,,15.95%,17.34%,,,,,,,3.03%,,3.03%
05-Jul-00,10.27%,7.15%,25.85%,,15.95%,17.33%,,,,,,,3.03%,,3.03%
06-Jul-00,10.26%,7.15%,25.85%,,15.95%,17.32%,,,,,,,3.02%,,3.02%
07-Jul-00,10.25%,7.14%,25.86%,,15.95%,17.30%,,,,,,,3.02%,,3.02%
08-Jul-00,10.24%,7.14%,25.86%,,15.95%,17.29%,,,,,,,3.02%,,3.02%
09-Jul-00,10.23%,7.13%,25.87%,,15.96%,17.28%,,,,,,,3.02%,,3.02%
10-Jul-00,10.22%,7.12%,25.87%,,15.96%,17.27%,,,,,,,3.02%,,3.02%
11-Jul-00,10.21%,7.12%,25.88%,,15.96%,17.26%,,,,,,,3.02%,,3.02%
12-Jul-00,10.20%,7.11%,25.88%,,15.96%,17.25%,,,,,,,3.02%,,3.02%
13-Jul-00,10.19%,7.11%,25.89%,,15.96%,17.23%,,,,,,,3.02%,,3.02%
14-Jul-00,10.18%,7.10%,25.89%,,15.96%,17.22%,,,,,,,3.02%,,3.02%
15-Jul-00,10.17%,7.10%,25.90%,,15.97%,17.21%,,,,,,,3.02%,,3.02%
16-Jul-00,10.17%,7.09%,25.91%,,15.97%,17.20%,,,,,,,3.02%,,3.02%
17-Jul-00,10.16%,7.09%,25.91%,,15.97%,17.19%,,,,,,,3.01%,,3.01%
18-Jul-00,10.15%,7.08%,25.92%,,15.97%,17.18%,,,,,,,3.01%,,3.01%
19-Jul-00,10.14%,7.08%,25.92%,,15.97%,17.17%,,,,,,,3.01%,,3.01%
20-Jul-00,10.13%,7.07%,25.92%,,15.97%,17.16%,,,,,,,3.01%,,3.01%
21-Jul-00,10.12%,7.07%,25.93%,,15.98%,17.15%,,,,,,,3.01%,,3.01%
22-Jul-00,10.11%,7.06%,25.93%,,15.98%,17.14%,,,,,,,3.01%,,3.01%
23-Jul-00,10.11%,7.06%,25.94%,,15.98%,17.13%,,,,,,,3.01%,,3.01%
24-Jul-00,10.10%,7.06%,25.94%,,15.98%,17.12%,,,,,,,3.01%,,3.01%
25-Jul-00,10.09%,7.05%,25.95%,,15.98%,17.11%,,,,,,,3.01%,,3.01%
26-Jul-00,10.08%,7.05%,25.95%,,15.98%,17.10%,,,,,,,3.01%,,3.01%
27-Jul-00,10.08%,7.04%,25.96%,,15.99%,17.09%,,,,,,,3.01%,,3.01%
28-Jul-00,10.07%,7.04%,25.96%,,15.99%,17.09%,,,,,,,3.01%,,3.01%
29-Jul-00,10.06%,7.04%,25.96%,,15.99%,17.08%,,,,,,,3.01%,,3.01%
30-Jul-00,10.06%,7.03%,25.97%,,15.99%,17.07%,,,,,,,3.01%,,3.01%
31-Jul-00,10.05%,7.03%,25.97%,,15.99%,17.06%,,,,,,,3.00%,,3.00%
01-Aug-00,10.05%,7.03%,25.97%,,15.99%,17.05%,,,,,,,3.00%,,3.00%
02-Aug-00,10.04%,7.02%,25.98%,,15.99%,17.05%,,,,,,,3.00%,,3.00%
03-Aug-00,10.03%,7.02%,25.98%,,15.99%,17.04%,,,,,,,3.00%,,3.00%
04-Aug-00,10.03%,7.02%,25.98%,,15.99%,17.04%,,,,,,,3.00%,,3.00%
05-Aug-00,10.02%,7.01%,25.99%,,16.00%,17.03%,,,,,,,3.00%,,3.00%
06-Aug-00,10.02%,7.01%,25.99%,,16.00%,17.02%,,,,,,,3.00%,,3.00%
07-Aug-00,10.02%,7.01%,25.99%,,16.00%,17.02%,,,,,,,3.00%,,3.00%
08-Aug-00,10.01%,7.01%,25.99%,,16.00%,17.01%,,,,,,,3.00%,,3.00%
09-Aug-00,10.01%,7.00%,25.99%,,16.00%,17.01%,,,,,,,3.00%,,3.00%
10-Aug-00,10.01%,7.00%,26.00%,,16.00%,17.01%,,,,,,,3.00%,,3.00%
11-Aug-00,10.00%,7.00%,26.00%,,16.00%,17.00%,,,,,,,3.00%,,3.00%
12-Aug-00,10.00%,7.00%,26.00%,,16.00%,17.00%,,,,,,,3.00%,,3.00%
13-Aug-00,10.00%,7.00%,26.00%,,16.00%,17.00%,,,,,,,3.00%,,3.00%
14-Aug-00,10.00%,7.00%,26.00%,,16.00%,17.00%,,,,,,,3.00%,,3.00%
15-Aug-00,10.00%,7.00%,26.00%,,16.00%,17.00%,,,,,,,3.00%,,3.00%
16-Aug-00,10.00%,7.00%,26.00%,,16.00%,17.00%,,,,,,,3.00%,,3.00%
17-Aug-00,10.00%,7.00%,26.00%,,16.00%,17.00%,,,,,,,3.00%,,3.00%
18-Aug-00,10.00%,7.00%,26.00%,,16.00%,17.00%,,,,,,,3.00%,,3.00%
19-Aug-00,10.00%,7.00%,26.00%,,16.00%,17.00%,,,,,,,3.00%,,3.00%
20-Aug-00,10.00%,7.00%,26.00%,,16.00%,17.00%,,,,,,,3.00%,,3.00%
21-Aug-00,10.00%,7.00%,26.00%,,16.00%,17.00%,,,,,,,3.00%,,3.00%
22-Aug-00,10.00%,7.00%,26.00%,,16.00%,17.00%,,,,,,,3.00%,,3.00%
23-Aug-00,10.00%,7.00%,26.00%,,16.00%,17.00%,,,,,,,3.00%,,3.00%
24-Aug-00,10.00%,7.00%,26.00%,,16.00%,17.00%,,,,,,,3.00%,,3.00%
25-Aug-00,10.00%,7.00%,26.00%,,16.00%,17.00%,,,,,,,3.00%,,3.00%
26-Aug-00,10.00%,7.00%,26.00%,,16.00%,17.00%,,,,,,,3.00%,,3.00%
27-Aug-00,10.00%,7.00%,26.00%,,16.00%,17.00%,,,,,,,3.00%,,3.00%
28-Aug-00,10.00%,7.00%,26.00%,,16.00%,17.00%,,,,,,,3.00%,,3.00%
29-Aug-00,10.00%,7.00%,26.00%,,16.00%,17.00%,,,,,,,3.00%,,3.00%
30-Aug-00,10.00%,7.00%,26.00%,,16.00%,17.00%,,,,,,,3.00%,,3.00%
31-Aug-00,10.00%,7.00%,26.00%,,16.00%,17.00%,,,,,,,3.00%,,3.00%
01-Sep-00,10.00%,7.00%,26.00%,,16.00%,17.00%,,,,,,,3.00%,,3.00%
02-Sep-00,10.00%,7.00%,26.00%,,16.00%,17.00%,,,,,,,3.00%,,3.00%
03-Sep-00,10.00%,7.00%,26.00%,,16.00%,17.00%,,,,,,,3.00%,,3.00%
04-Sep-00,10.00%,7.00%,26.00%,,16.00%,17.00%,,,,,,,3.00%,,3.00%
05-Sep-00,10.00%,7.00%,26.00%,,16.00%,17.00%,,,,,,,3.00%,,3.00%
06-Sep-00,10.00%,7.00%,26.00%,,16.00%,17.00%,,,,,,,3.00%,,3.00%
07-Sep-00,10.00%,7.00%,26.00%,,16.00%,17.00%,,,,,,,3.00%,,3.00%
08-Sep-00,10.00%,7.00%,26.00%,,16.00%,17.00%,,,,,,,3.00%,,3.00%
09-Sep-00,10.00%,7.00%,26.00%,,16.00%,17.00%,,,,,,,3.00%,,3.00%
10-Sep-00,10.00%,7.00%,26.00%,,16.00%,17.00%,,,,,,,3.00%,,3.00%
11-Sep-00,10.00%,7.00%,26.00%,,16.00%,17.00%,,,,,,,3.00%,,3.00%
12-Sep-00,10.00%,7.00%,26.00%,,16.00%,17.00%,,,,,,,3.00%,,3.00%
13-Sep-00,10.00%,7.00%,26.00%,,16.00%,17.00%,,,,,,,3.00%,,3.00%
14-Sep-00,10.00%,7.00%,26.00%,,16.00%,17.00%,,,,,,,3.00%,,3.00%
15-Sep-00,10.00%,7.00%,26.00%,,16.00%,17.00%,,,,,,,3.00%,,3.00%
16-Sep-00,10.00%,7.00%,26.00%,,16.00%,17.00%,,,,,,,3.00%,,3.00%
17-Sep-00,10.00%,7.00%,26.00%,,16.00%,17.00%,,,,,,,3.00%,,3.00%
18-Sep-00,10.04%,7.01%,26.00%,,16.00%,16.95%,,,,,,,3.00%,,3.00%
19-Sep-00,10.09%,7.01%,26.01%,,16.01%,16.90%,,,,,,,3.01%,,3.01%
20-Sep-00,10.13%,7.02%,26.01%,,16.01%,16.85%,,,,,,,3.01%,,3.01%
21-Sep-00,10.17%,7.03%,26.01%,,16.02%,16.80%,,,,,,,3.01%,,3.01%
22-Sep-00,10.21%,7.03%,26.02%,,16.02%,16.75%,,,,,,,3.01%,,3.01%
23-Sep-00,10.26%,7.04%,26.02%,,16.03%,16.71%,,,,,,,3.02%,,3.02%
24-Sep-00,10.30%,7.05%,26.03%,,16.03%,16.66%,,,,,,,3.02%,,3.02%
25-Sep-00,10.34%,7.06%,26.03%,,16.04%,16.61%,,,,,,,3.02%,,3.02%
26-Sep-00,10.39%,7.06%,26.03%,,16.04%,16.56%,,,,,,,3.03%,,3.03%
27-Sep-00,10.43%,7.07%,26.04%,,16.05%,16.51%,,,,,,,3.03%,,3.03%
28-Sep-00,10.47%,7.08%,26.04%,,16.05%,16.46%,,,,,,,3.03%,,3.03%
29-Sep-00,10.51%,7.08%,26.04%,,16.06%,16.41%,,,,,,,3.04%,,3.04%
30-Sep-00,10.56%,7.09%,26.05%,,16.06%,16.36%,,,,,,,3.04%,,3.04%
01-Oct-00,10.60%,7.10%,26.05%,,16.07%,16.31%,,,,,,,3.04%,,3.04%
02-Oct-00,10.64%,7.10%,26.06%,,16.07%,16.26%,,,,,,,3.04%,,3.04%
03-Oct-00,10.69%,7.11%,26.06%,,16.08%,16.21%,,,,,,,3.05%,,3.05%
04-Oct-00,10.73%,7.12%,26.06%,,16.08%,16.16%,,,,,,,3.05%,,3.05%
05-Oct-00,10.77%,7.12%,26.07%,,16.09%,16.12%,,,,,,,3.05%,,3.05%
06-Oct-00,10.81%,7.13%,26.07%,,16.09%,16.07%,,,,,,,3.06%,,3.06%
07-Oct-00,10.86%,7.14%,26.07%,,16.10%,16.02%,,,,,,,3.06%,,3.06%
08-Oct-00,10.90%,7.15%,26.08%,,16.10%,15.97%,,,,,,,3.06%,,3.06%
09-Oct-00,10.94%,7.15%,26.08%,,16.11%,15.92%,,,,,,,3.07%,,3.07%
10-Oct-00,10.99%,7.16%,26.09%,,16.11%,15.87%,,,,,,,3.07%,,3.07%
11-Oct-00,11.03%,7.17%,26.09%,,16.12%,15.82%,,,,,,,3.07%,,3.07%
12-Oct-00,11.07%,7.17%,26.09%,,16.12%,15.77%,,,,,,,3.07%,,3.07%
13-Oct-00,11.11%,7.18%,26.10%,,16.13%,15.72%,,,,,,,3.08%,,3.08%
14-Oct-00,11.16%,7.19%,26.10%,,16.13%,15.67%,,,,,,,3.08%,,3.08%
15-Oct-00,11.20%,7.19%,26.10%,,16.14%,15.62%,,,,,,,3.08%,,3.08%
16-Oct-00,11.24%,7.20%,26.11%,,16.14%,15.58%,,,,,,,3.09%,,3.09%
17-Oct-00,11.29%,7.21%,26.11%,,16.15%,15.53%,,,,,,,3.09%,,3.09%
18-Oct-00,11.33%,7.21%,26.12%,,16.15%,15.48%,,,,,,,3.09%,,3.09%
19-Oct-00,11.37%,7.22%,26.12%,,16.15%,15.43%,,,,,,,3.09%,,3.09%
20-Oct-00,11.41%,7.23%,26.12%,,16.16%,15.38%,,,,,,,3.10%,,3.10%
21-Oct-00,11.46%,7.24%,26.13%,,16.16%,15.33%,,,,,,,3.10%,,3.10%
22-Oct-00,11.50%,7.24%,26.13%,,16.17%,15.28%,,,,,,,3.10%,,3.10%
23-Oct-00,11.53%,7.23%,26.15%,,16.18%,15.26%,,,,,,,3.10%,,3.10%
24-Oct-00,11.56%,7.22%,26.18%,,16.19%,15.24%,,,,,,,3.10%,,3.10%
25-Oct-00,11.60%,7.21%,26.20%,,16.19%,15.22%,,,,,,,3.09%,,3.09%
26-Oct-00,11.63%,7.19%,26.22%,,16.20%,15.20%,,,,,,,3.09%,,3.09%
27-Oct-00,11.66%,7.18%,26.25%,,16.21%,15.19%,,,,,,,3.09%,,3.09%
28-Oct-00,11.69%,7.17%,26.27%,,16.22%,15.17%,,,,,,,3.08%,,3.08%
29-Oct-00,11.72%,7.16%,26.29%,,16.23%,15.15%,,,,,,,3.08%,,3.08%
30-Oct-00,11.76%,7.14%,26.32%,,16.24%,15.13%,,,,,,,3.08%,,3.08%
31-Oct-00,11.79%,7.13%,26.34%,,16.24%,15.11%,,,,,,,3.07%,,3.07%
01-Nov-00,11.82%,7.12%,26.36%,,16.25%,15.09%,,,,,,,3.07%,,3.07%
02-Nov-00,11.85%,7.11%,26.39%,,16.26%,15.07%,,,,,,,3.07%,,3.07%
03-Nov-00,11.88%,7.09%,26.41%,,16.27%,15.06%,,,,,,,3.06%,,3.06%
04-Nov-00,11.91%,7.08%,26.43%,,16.28%,15.04%,,,,,,,3.06%,,3.06%
05-Nov-00,11.95%,7.07%,26.46%,,16.29%,15.02%,,,,,,,3.06%,,3.06%
06-Nov-00,11.98%,7.06%,26.48%,,16.29%,15.00%,,,,,,,3.05%,,3.05%
07-Nov-00,12.01%,7.04%,26.50%,,16.30%,14.98%,,,,,,,3.05%,,3.05%
08-Nov-00,12.04%,7.03%,26.53%,,16.31%,14.97%,,,,,,,3.05%,,3.05%
09-Nov-00,12.07%,7.02%,26.55%,,16.32%,14.95%,,,,,,,3.04%,,3.04%
10-Nov-00,12.10%,7.00%,26.58%,,16.33%,14.93%,,,,,,,3.04%,,3.04%
11-Nov-00,12.14%,6.99%,26.60%,,16.34%,14.91%,,,,,,,3.04%,,3.04%
12-Nov-00,12.17%,6.98%,26.62%,,16.34%,14.90%,,,,,,,3.03%,,3.03%
13-Nov-00,12.20%,6.96%,26.65%,,16.35%,14.88%,,,,,,,3.03%,,3.03%
14-Nov-00,12.23%,6.95%,26.67%,,16.36%,14.86%,,,,,,,3.03%,,3.03%
15-Nov-00,12.27%,6.91%,26.69%,,16.35%,14.85%,,,,,,,3.01%,,3.01%
16-Nov-00,12.31%,6.87%,26.71%,,16.35%,14.84%,,,,,,,2.99%,,2.99%
17-Nov-00,12.35%,6.83%,26.73%,,16.34%,14.83%,,,,,,,2.98%,,2.98%
18-Nov-00,12.39%,6.79%,26.75%,,16.34%,14.82%,,,,,,,2.96%,,2.96%
19-Nov-00,12.43%,6.75%,26.77%,,16.33%,14.81%,,,,,,,2.95%,,2.95%
20-Nov-00,12.47%,6.71%,26.79%,,16.32%,14.80%,,,,,,,2.93%,,2.93%
21-Nov-00,12.51%,6.67%,26.80%,,16.32%,14.79%,,,,,,,2.91%,,2.91%
22-Nov-00,12.55%,6.63%,26.82%,,16.31%,14.78%,,,,,,,2.90%,,2.90%
23-Nov-00,12.59%,6.59%,26.84%,,16.30%,14.77%,,,,,,,2.88%,,2.88%
24-Nov-00,12.64%,6.55%,26.86%,,16.30%,14.76%,,,,,,,2.87%,,2.87%
25-Nov-00,12.68%,6.51%,26.88%,,16.29%,14.75%,,,,,,,2.85%,,2.85%
26-Nov-00,12.72%,6.47%,26.90%,,16.28%,14.74%,,,,,,,2.83%,,2.83%
27-Nov-00,12.76%,6.43%,26.92%,,16.28%,14.73%,,,,,,,2.82%,,2.82%
28-Nov-00,12.80%,6.39%,26.94%,,16.27%,14.72%,,,,,,,2.80%,,2.80%
29-Nov-00,12.84%,6.34%,26.96%,,16.26%,14.71%,,,,,,,2.78%,,2.78%
30-Nov-00,12.88%,6.30%,26.98%,,16.26%,14.70%,,,,,,,2.77%,,2.77%
01-Dec-00,12.92%,6.26%,27.00%,,16.25%,14.69%,,,,,,,2.75%,,2.75%
02-Dec-00,12.96%,6.22%,27.02%,,16.24%,14.68%,,,,,,,2.73%,,2.73%
03-Dec-00,13.00%,6.18%,27.04%,,16.23%,14.68%,,,,,,,2.72%,,2.72%
04-Dec-00,13.04%,6.13%,27.06%,,16.23%,14.67%,,,,,,,2.70%,,2.70%
05-Dec-00,13.08%,6.09%,27.08%,,16.22%,14.66%,,,,,,,2.68%,,2.68%
06-Dec-00,13.12%,6.05%,27.10%,,16.21%,14.65%,,,,,,,2.66%,,2.66%
07-Dec-00,13.17%,6.00%,27.12%,,16.20%,14.64%,,,,,,,2.65%,,2.65%
08-Dec-00,13.21%,5.96%,27.14%,,16.20%,14.63%,,,,,,,2.63%,,2.63%
09-Dec-00,13.25%,5.91%,27.16%,,16.19%,14.63%,,,,,,,2.61%,,2.61%
10-Dec-00,13.29%,5.87%,27.18%,,16.18%,14.62%,,,,,,,2.59%,,2.59%
11-Dec-00,13.33%,5.83%,27.20%,,16.17%,14.61%,,,,,,,2.57%,,2.57%
12-Dec-00,13.37%,5.78%,27.22%,,16.16%,14.61%,,,,,,,2.56%,,2.56%
13-Dec-00,13.41%,5.73%,27.24%,,16.16%,14.60%,,,,,,,2.54%,,2.54%
14-Dec-00,13.45%,5.69%,27.26%,,16.15%,14.59%,,,,,,,2.52%,,2.52%
15-Dec-00,13.49%,5.64%,27.28%,,16.14%,14.59%,,,,,,,2.50%,,2.50%
16-Dec-00,13.53%,5.60%,27.30%,,16.13%,14.58%,,,,,,,2.48%,,2.48%
17-Dec-00,13.57%,5.55%,27.32%,,16.12%,14.57%,,,,,,,2.46%,,2.46%
18-Dec-00,13.62%,5.50%,27.34%,,16.11%,14.57%,,,,,,,2.44%,,2.44%
19-Dec-00,13.66%,5.45%,27.36%,,16.10%,14.56%,,,,,,,2.42%,,2.42%
20-Dec-00,13.70%,5.40%,27.38%,,16.09%,14.56%,,,,,,,2.40%,,2.40%
21-Dec-00,13.74%,5.36%,27.40%,,16.08%,14.56%,,,,,,,2.38%,,2.38%
22-Dec-00,13.78%,5.31%,27.42%,,16.07%,14.55%,,,,,,,2.36%,,2.36%
23-Dec-00,13.82%,5.26%,27.44%,,16.06%,14.55%,,,,,,,2.34%,,2.34%
24-Dec-00,13.86%,5.21%,27.46%,,16.05%,14.54%,,,,,,,2.32%,,2.32%
25-Dec-00,13.91%,5.15%,27.48%,,16.04%,14.54%,,,,,,,2.30%,,2.30%
26-Dec-00,13.95%,5.10%,27.50%,,16.03%,14.54%,,,,,,,2.28%,,2.28%
27-Dec-00,13.95%,5.04%,27.52%,,16.02%,14.59%,,,,,,,2.26%,,2.26%
28-Dec-00,13.94%,4.98%,27.54%,,16.00%,14.63%,,,,,,,2.23%,,2.23%
29-Dec-00,13.94%,4.92%,27.56%,,15.99%,14.68%,,,,,,,2.21%,,2.21%
30-Dec-00,13.94%,4.86%,27.57%,,15.97%,14.73%,,,,,,,2.18%,,2.18%
31-Dec-00,13.94%,4.80%,27.59%,,15.95%,14.77%,,,,,,,2.16%,,2.16%
01-Jan-01,13.94%,4.74%,27.61%,,15.94%,14.82%,,,,,,,2.13%,,2.13%
02-Jan-01,13.94%,4.68%,27.62%,,15.92%,14.87%,,,,,,,2.11%,,2.11%
03-Jan-01,13.94%,4.62%,27.64%,,15.91%,14.92%,,,,,,,2.08%,,2.08%
04-Jan-01,13.94%,4.56%,27.66%,,15.89%,14.96%,,,,,,,2.06%,,2.06%
05-Jan-01,13.94%,4.50%,27.68%,,15.87%,15.01%,,,,,,,2.03%,,2.03%
06-Jan-01,13.94%,4.44%,27.69%,,15.86%,15.06%,,,,,,,2.01%,,2.01%
07-Jan-01,13.94%,4.37%,27.71%,,15.84%,15.10%,,,,,,,1.98%,,1.98%
08-Jan-01,13.94%,4.31%,27.73%,,15.82%,15.15%,,,,,,,1.96%,,1.96%
09-Jan-01,13.94%,4.25%,27.74%,,15.80%,15.20%,,,,,,,1.93%,,1.93%
10-Jan-01,13.94%,4.19%,27.76%,,15.79%,15.25%,,,,,,,1.91%,,1.91%
11-Jan-01,13.94%,4.13%,27.77%,,15.77%,15.29%,,,,,,,1.88%,,1.88%
12-Jan-01,13.94%,4.06%,27.79%,,15.75%,15.34%,,,,,,,1.86%,,1.86%
13-Jan-01,13.94%,4.00%,27.81%,,15.73%,15.39%,,,,,,,1.83%,,1.83%
14-Jan-01,13.94%,3.94%,27.82%,,15.71%,15.43%,,,,,,,1.80%,,1.80%
15-Jan-01,13.94%,3.87%,27.84%,,15.70%,15.48%,,,,,,,1.78%,,1.78%
16-Jan-01,13.94%,3.81%,27.85%,,15.68%,15.53%,,,,,,,1.75%,,1.75%
17-Jan-01,13.94%,3.74%,27.87%,,15.66%,15.57%,,,,,,,1.72%,,1.72%
18-Jan-01,13.94%,3.68%,27.88%,,15.64%,15.62%,,,,,,,1.70%,,1.70%
19-Jan-01,13.95%,3.61%,27.90%,,15.62%,15.67%,,,,,,,1.67%,,1.67%
20-Jan-01,13.95%,3.55%,27.91%,,15.60%,15.71%,,,,,,,1.64%,,1.64%
21-Jan-01,13.95%,3.48%,27.93%,,15.58%,15.76%,,,,,,,1.62%,,1.62%
22-Jan-01,13.95%,3.41%,27.94%,,15.56%,15.81%,,,,,,,1.59%,,1.59%
23-Jan-01,13.96%,3.35%,27.95%,,15.54%,15.85%,,,,,,,1.56%,,1.56%
24-Jan-01,13.96%,3.28%,27.97%,,15.51%,15.90%,,,,,,,1.53%,,1.53%
25-Jan-01,13.96%,3.21%,27.98%,,15.49%,15.95%,,,,,,,1.50%,,1.50%
26-Jan-01,13.97%,3.14%,27.99%,,15.47%,15.99%,,,,,,,1.47%,,1.47%
27-Jan-01,13.97%,3.07%,28.00%,,15.44%,16.04%,,,,,,,1.44%,,1.44%
28-Jan-01,13.98%,3.00%,28.02%,,15.42%,16.09%,,,,,,,1.41%,,1.41%
29-Jan-01,13.99%,2.92%,28.03%,,15.39%,16.13%,,,,,,,1.38%,,1.38%
30-Jan-01,13.99%,2.85%,28.04%,,15.37%,16.18%,,,,,,,1.35%,,1.35%
31-Jan-01,14.01%,2.79%,28.03%,,15.33%,16.19%,,,,,,,1.32%,,1.32%
01-Feb-01,14.03%,2.73%,28.02%,,15.30%,16.21%,,,,,,,1.29%,,1.29%
02-Feb-01,14.05%,2.67%,28.01%,,15.27%,16.23%,,,,,,,1.27%,,1.27%
03-Feb-01,14.07%,2.62%,28.00%,,15.24%,16.24%,,,,,,,1.24%,,1.24%
04-Feb-01,14.09%,2.56%,27.99%,,15.21%,16.26%,,,,,,,1.21%,,1.21%
05-Feb-01,14.11%,2.50%,27.97%,,15.17%,16.27%,,,,,,,1.19%,,1.19%
06-Feb-01,14.13%,2.44%,27.96%,,15.14%,16.29%,,,,,,,1.16%,,1.16%
07-Feb-01,14.15%,2.39%,27.95%,,15.11%,16.30%,,,,,,,1.13%,,1.13%
08-Feb-01,14.17%,2.33%,27.94%,,15.08%,16.32%,,,,,,,1.11%,,1.11%
09-Feb-01,14.19%,2.27%,27.93%,,15.05%,16.33%,,,,,,,1.08%,,1.08%
10-Feb-01,14.33%,2.28%,27.95%,,15.01%,16.38%,,,,,,,1.05%,,1.05%
11-Feb-01,14.46%,2.29%,27.97%,,14.97%,16.43%,,,,,,,1.03%,,1.03%
12-Feb-01,14.60%,2.31%,27.99%,,14.93%,16.48%,,,,,,,1.00%,,1.00%
13-Feb-01,14.74%,2.32%,28.01%,,14.89%,16.53%,,,,,,,0.97%,,0.97%
14-Feb-01,14.88%,2.33%,28.04%,,14.85%,16.58%,,,,,,,0.95%,,0.95%
15-Feb-01,15.02%,2.34%,28.06%,,14.81%,16.63%,,,,,,,0.92%,,0.92%
16-Feb-01,15.16%,2.36%,28.08%,,14.77%,16.68%,,,,,,,0.89%,,0.89%
17-Feb-01,15.30%,2.37%,28.10%,,14.73%,16.73%,,,,,,,0.87%,,0.87%
18-Feb-01,15.44%,2.39%,28.12%,,14.69%,16.78%,,,,,,,0.84%,,0.84%
19-Feb-01,15.59%,2.41%,28.14%,,14.65%,16.83%,,,,,,,0.82%,,0.82%
20-Feb-01,15.67%,2.42%,28.19%,,14.65%,16.88%,,,,,,,0.79%,,0.81%
21-Feb-01,15.74%,2.43%,28.24%,,14.66%,16.92%,,,,,,,0.76%,,0.80%
22-Feb-01,15.82%,2.45%,28.29%,,14.66%,16.97%,,,,,,,0.74%,,0.79%
23-Feb-01,15.89%,2.49%,28.34%,,14.68%,17.01%,,,,,,,0.72%,,0.79%
24-Feb-01,15.96%,2.53%,28.39%,,14.69%,17.05%,,,,,,,0.71%,,0.79%
25-Feb-01,16.03%,2.57%,28.45%,,14.71%,17.09%,,,,,,,0.69%,,0.79%
26-Feb-01,16.10%,2.61%,28.50%,,14.73%,17.13%,,,,,,,0.68%,,0.80%
27-Feb-01,16.17%,2.65%,28.56%,,14.75%,17.17%,,,,,,,0.67%,,0.80%
28-Feb-01,16.24%,2.69%,28.61%,,14.76%,17.21%,,,,,,,0.65%,,0.80%
01-Mar-01,16.31%,2.73%,28.66%,,14.78%,17.25%,,,,,,,0.64%,,0.81%
02-Mar-01,16.38%,2.77%,28.72%,,14.80%,17.29%,,,,,,,0.62%,,0.81%
03-Mar-01,16.45%,2.81%,28.77%,,14.82%,17.32%,,,,,,,0.61%,,0.81%
04-Mar-01,16.51%,2.85%,28.82%,,14.84%,17.36%,,,,,,,0.60%,,0.82%
05-Mar-01,16.58%,2.89%,28.88%,,14.85%,17.40%,,,,,,,0.58%,,0.82%
06-Mar-01,16.65%,2.93%,28.93%,,14.87%,17.44%,,,,,,,0.57%,,0.82%
07-Mar-01,16.72%,2.97%,28.98%,,14.89%,17.48%,,,,,,,0.56%,,0.83%
08-Mar-01,16.79%,3.02%,29.04%,,14.91%,17.52%,,,,,,,0.54%,,0.83%
09-Mar-01,16.86%,3.06%,29.09%,,14.93%,17.56%,,,,,,,0.53%,,0.84%
10-Mar-01,16.93%,3.10%,29.14%,,14.95%,17.59%,,,,,,,0.52%,,0.84%
11-Mar-01,16.99%,3.14%,29.20%,,14.96%,17.63%,,,,,,,0.50%,,0.84%
12-Mar-01,17.06%,3.18%,29.25%,,14.98%,17.67%,,,,,,,0.49%,,0.85%
13-Mar-01,17.13%,3.23%,29.30%,,15.00%,17.71%,,,,,,,0.48%,,0.85%
14-Mar-01,17.20%,3.27%,29.36%,,15.02%,17.74%,,,,,,,0.46%,,0.86%
15-Mar-01,17.26%,3.30%,29.42%,,15.07%,17.76%,,,,,,,0.45%,,0.85%
16-Mar-01,17.32%,3.34%,29.49%,,15.13%,17.77%,,,,,,,0.44%,,0.85%
17-Mar-01,17.38%,3.37%,29.56%,,15.18%,17.79%,,,,,,,0.43%,,0.85%
18-Mar-01,17.44%,3.41%,29.62%,,15.23%,17.80%,,,,,,,0.41%,,0.85%
19-Mar-01,17.50%,3.44%,29.69%,,15.29%,17.81%,,,,,,,0.40%,,0.84%
20-Mar-01,17.56%,3.48%,29.76%,,15.34%,17.83%,,,,,,,0.39%,,0.84%
21-Mar-01,17.62%,3.51%,29.82%,,15.40%,17.84%,,,,,,,0.38%,,0.84%
22-Mar-01,17.68%,3.55%,29.89%,,15.45%,17.85%,,,,,,,0.37%,,0.84%
23-Mar-01,17.74%,3.59%,29.95%,,15.51%,17.86%,,,,,,,0.35%,,0.84%
24-Mar-01,17.80%,3.62%,30.02%,,15.56%,17.88%,,,,,,,0.34%,,0.84%
25-Mar-01,17.86%,3.66%,30.09%,,15.62%,17.89%,,,,,,,0.33%,,0.83%
26-Mar-01,17.92%,3.70%,30.15%,,15.67%,17.90%,,,,,,,0.32%,,0.83%
27-Mar-01,17.98%,3.74%,30.22%,,15.73%,17.91%,,,,,,,0.31%,,0.83%
28-Mar-01,18.04%,3.77%,30.29%,,15.78%,17.92%,,,,,,,0.30%,,0.83%
29-Mar-01,18.10%,3.81%,30.35%,,15.84%,17.93%,,,,,,,0.29%,,0.83%
30-Mar-01,18.16%,3.85%,30.42%,,15.90%,17.94%,,,,,,,0.28%,,0.83%
31-Mar-01,18.22%,3.89%,30.49%,,15.95%,17.95%,,,,,,,0.27%,,0.83%
01-Apr-01,18.27%,3.93%,30.55%,,16.01%,17.96%,,,,,,,0.26%,,0.83%
02-Apr-01,18.33%,3.97%,30.62%,,16.07%,17.97%,,,,,,,0.25%,,0.83%
03-Apr-01,18.39%,4.01%,30.68%,,16.13%,17.97%,,,,,,,0.24%,,0.83%
04-Apr-01,18.45%,4.05%,30.75%,,16.18%,17.98%,,,,,,,0.23%,,0.83%
05-Apr-01,18.51%,4.10%,30.82%,,16.24%,17.99%,,,,,,,0.22%,,0.83%
06-Apr-01,18.57%,4.14%,30.88%,,16.30%,17.99%,,,,,,,0.21%,,0.84%
07-Apr-01,18.62%,4.18%,30.95%,,16.36%,18.00%,,,,,,,0.20%,,0.84%
08-Apr-01,18.68%,4.23%,31.02%,,16.42%,18.01%,,,,,,,0.19%,,0.84%
09-Apr-01,18.74%,4.27%,31.08%,,16.48%,18.01%,,,,,,,0.19%,,0.84%
10-Apr-01,18.80%,4.31%,31.15%,,16.54%,18.02%,,,,,,,0.18%,,0.84%
11-Apr-01,18.85%,4.36%,31.22%,,16.60%,18.02%,,,,,,,0.17%,,0.84%
12-Apr-01,18.91%,4.40%,31.28%,,16.66%,18.03%,,,,,,,0.16%,,0.84%
13-Apr-01,18.97%,4.44%,31.35%,,16.73%,18.03%,,,,,,,0.15%,,0.85%
14-Apr-01,19.02%,4.49%,31.42%,,16.79%,18.04%,,,,,,,0.14%,,0.85%
15-Apr-01,19.06%,4.53%,31.46%,,16.85%,18.03%,,,,,,,0.15%,,0.85%
16-Apr-01,19.11%,4.58%,31.49%,,16.91%,18.01%,,,,,,,0.15%,,0.86%
17-Apr-01,19.15%,4.63%,31.53%,,16.97%,18.00%,,,,,,,0.16%,,0.86%
18-Apr-01,19.19%,4.67%,31.57%,,17.04%,17.99%,,,,,,,0.17%,,0.87%
19-Apr-01,19.23%,4.72%,31.61%,,17.10%,17.98%,,,,,,,0.17%,,0.87%
20-Apr-01,19.27%,4.77%,31.65%,,17.16%,17.96%,,,,,,,0.18%,,0.88%
21-Apr-01,19.31%,4.81%,31.68%,,17.23%,17.95%,,,,,,,0.18%,,0.88%
22-Apr-01,19.35%,4.86%,31.72%,,17.29%,17.93%,,,,,,,0.19%,,0.89%
23-Apr-01,19.38%,4.91%,31.76%,,17.36%,17.92%,,,,,,,0.20%,,0.89%
24-Apr-01,19.42%,4.96%,31.80%,,17.42%,17.91%,,,,,,,0.20%,,0.90%
25-Apr-01,19.46%,5.00%,31.84%,,17.49%,17.89%,,,,,,,0.21%,,0.90%
26-Apr-01,19.50%,5.05%,31.88%,,17.56%,17.88%,,,,,,,0.22%,,0.91%
27-Apr-01,19.53%,5.10%,31.91%,,17.62%,17.86%,,,,,,,0.23%,,0.92%
28-Apr-01,19.57%,5.15%,31.95%,,17.69%,17.85%,,,,,,,0.23%,,0.92%
29-Apr-01,19.61%,5.20%,31.99%,,17.76%,17.83%,,,,,,,0.24%,,0.93%
30-Apr-01,19.64%,5.25%,32.03%,,17.83%,17.82%,,,,,,,0.25%,,0.94%
01-May-01,19.68%,5.30%,32.07%,,17.89%,17.80%,,,,,,,0.26%,,0.94%
02-May-01,19.71%,5.35%,32.11%,,17.96%,17.78%,,,,,,,0.27%,,0.95%
03-May-01,19.74%,5.40%,32.14%,,18.04%,17.77%,,,,,,,0.28%,,0.96%
04-May-01,19.78%,5.46%,32.18%,,18.11%,17.75%,,,,,,,0.29%,,0.97%
05-May-01,19.81%,5.51%,32.22%,,18.18%,17.73%,,,,,,,0.30%,,0.98%
06-May-01,19.84%,5.56%,32.26%,,18.25%,17.71%,,,,,,,0.31%,,0.98%
07-May-01,19.87%,5.62%,32.30%,,18.33%,17.70%,,,,,,,0.33%,,0.99%
08-May-01,19.90%,5.67%,32.34%,,18.40%,17.68%,,,,,,,0.34%,,1.00%
09-May-01,19.92%,5.73%,32.38%,,18.48%,17.66%,,,,,,,0.35%,,1.01%
10-May-01,19.95%,5.79%,32.42%,,18.56%,17.64%,,,,,,,0.37%,,1.03%
11-May-01,19.97%,5.85%,32.46%,,18.64%,17.62%,,,,,,,0.38%,,1.04%
12-May-01,20.00%,5.91%,32.50%,,18.72%,17.60%,,,,,,,0.40%,,1.05%
13-May-01,20.02%,5.97%,32.54%,,18.80%,17.58%,,,,,,,0.42%,,1.06%
14-May-01,20.04%,6.03%,32.58%,,18.89%,17.56%,,,,,,,0.44%,,1.08%
15-May-01,20.08%,6.08%,32.60%,,18.97%,17.53%,,,,,,,0.45%,,1.09%
16-May-01,20.11%,6.14%,32.62%,,19.05%,17.49%,,,,,,,0.47%,,1.10%
17-May-01,20.14%,6.19%,32.64%,,19.13%,17.46%,,,,,,,0.48%,,1.12%
18-May-01,20.18%,6.25%,32.65%,,19.21%,17.43%,,,,,,,0.50%,,1.13%
19-May-01,20.21%,6.30%,32.67%,,19.30%,17.40%,,,,,,,0.52%,,1.15%
20-May-01,20.24%,6.35%,32.68%,,19.38%,17.36%,,,,,,,0.54%,,1.16%
21-May-01,20.16%,6.34%,32.67%,,19.47%,17.29%,,,,,,,0.55%,,1.17%
22-May-01,20.07%,6.32%,32.65%,,19.56%,17.22%,,,,,,,0.57%,,1.19%
23-May-01,19.99%,6.31%,32.63%,,19.65%,17.15%,,,,,,,0.59%,,1.20%
24-May-01,19.90%,6.29%,32.61%,,19.74%,17.08%,,,,,,,0.61%,,1.21%
25-May-01,19.81%,6.27%,32.59%,,19.83%,17.01%,,,,,,,0.62%,,1.23%
26-May-01,19.73%,6.25%,32.57%,,19.92%,16.94%,,,,,,,0.64%,,1.24%
27-May-01,19.64%,6.23%,32.55%,,20.01%,16.86%,,,,,,,0.66%,,1.26%
28-May-01,19.55%,6.22%,32.53%,,20.10%,16.79%,,,,,,,0.68%,,1.27%
29-May-01,19.46%,6.19%,32.50%,,20.19%,16.72%,,,,,,,0.70%,,1.28%
30-May-01,19.37%,6.17%,32.48%,,20.28%,16.64%,,,,,,,0.72%,,1.30%
31-May-01,19.34%,6.16%,32.43%,,20.33%,16.57%,,,,,,,0.74%,,1.29%
01-Jun-01,19.32%,6.14%,32.38%,,20.38%,16.50%,,,,,,,0.75%,,1.29%
02-Jun-01,19.30%,6.12%,32.32%,,20.43%,16.43%,,,,,,,0.77%,,1.29%
03-Jun-01,19.27%,6.10%,32.27%,,20.47%,16.36%,,,,,,,0.79%,,1.28%
04-Jun-01,19.25%,6.09%,32.22%,,20.52%,16.29%,,,,,,,0.81%,,1.28%
05-Jun-01,19.22%,6.07%,32.16%,,20.57%,16.22%,,,,,,,0.83%,,1.28%
06-Jun-01,19.20%,6.05%,32.11%,,20.62%,16.14%,,,,,,,0.85%,,1.27%
07-Jun-01,19.18%,6.03%,32.05%,,20.66%,16.07%,,,,,,,0.87%,,1.27%
08-Jun-01,19.15%,6.01%,32.00%,,20.71%,16.00%,,,,,,,0.89%,,1.27%
09-Jun-01,19.13%,6.00%,31.94%,,20.75%,15.93%,,,,,,,0.91%,,1.26%
10-Jun-01,19.11%,5.98%,31.89%,,20.80%,15.86%,,,,,,,0.93%,,1.26%
11-Jun-01,19.08%,5.96%,31.83%,,20.85%,15.78%,,,,,,,0.95%,,1.26%
12-Jun-01,19.06%,5.94%,31.77%,,20.89%,15.71%,,,,,,,0.97%,,1.26%
13-Jun-01,19.04%,5.93%,31.71%,,20.94%,15.64%,,,,,,,0.99%,,1.25%
14-Jun-01,19.01%,5.91%,31.65%,,20.98%,15.57%,,,,,,,1.01%,,1.25%
15-Jun-01,19.00%,5.91%,31.62%,,21.00%,15.53%,,,,,,,1.02%,,1.24%
16-Jun-01,18.99%,5.91%,31.58%,,21.01%,15.50%,,,,,,,1.03%,,1.23%
17-Jun-01,18.98%,5.92%,31.55%,,21.02%,15.47%,,,,,,,1.04%,,1.22%
18-Jun-01,18.97%,5.92%,31.51%,,21.03%,15.44%,,,,,,,1.05%,,1.21%
19-Jun-01,18.96%,5.93%,31.48%,,21.04%,15.41%,,,,,,,1.06%,,1.20%
20-Jun-01,18.95%,5.93%,31.44%,,21.05%,15.38%,,,,,,,1.07%,,1.19%
21-Jun-01,18.94%,5.94%,31.41%,,21.06%,15.35%,,,,,,,1.08%,,1.18%
22-Jun-01,18.93%,5.94%,31.37%,,21.07%,15.32%,,,,,,,1.09%,,1.18%
23-Jun-01,18.93%,5.95%,31.32%,,21.05%,15.31%,,,,,,,1.10%,,1.17%
24-Jun-01,18.93%,5.97%,31.27%,,21.02%,15.30%,,,,,,,1.11%,,1.17%
25-Jun-01,18.93%,5.98%,31.23%,,21.00%,15.30%,,,,,,,1.12%,,1.17%
26-Jun-01,18.93%,6.00%,31.18%,,20.97%,15.29%,,,,,,,1.13%,,1.17%
27-Jun-01,18.93%,6.01%,31.13%,,20.94%,15.29%,,,,,,,1.14%,,1.16%
28-Jun-01,18.93%,6.03%,31.08%,,20.92%,15.28%,,,,,,,1.15%,,1.16%
29-Jun-01,18.93%,6.04%,31.03%,,20.89%,15.27%,,,,,,,1.16%,,1.16%
30-Jun-01,18.93%,6.06%,30.98%,,20.86%,15.27%,,,,,,,1.17%,,1.16%
01-Jul-01,18.93%,6.07%,30.93%,,20.84%,15.27%,,,,,,,1.18%,,1.15%
02-Jul-01,18.93%,6.09%,30.89%,,20.81%,15.26%,,,,,,,1.19%,,1.15%
03-Jul-01,18.93%,6.11%,30.84%,,20.78%,15.26%,,,,,,,1.20%,,1.15%
04-Jul-01,18.93%,6.12%,30.79%,,20.75%,15.26%,,,,,,,1.21%,,1.14%
05-Jul-01,18.93%,6.14%,30.74%,,20.72%,15.25%,,,,,,,1.22%,,1.14%
06-Jul-01,18.94%,6.15%,30.69%,,20.69%,15.25%,,,,,,,1.23%,,1.14%
07-Jul-01,18.94%,6.17%,30.65%,,20.66%,15.25%,,,,,,,1.24%,,1.14%
08-Jul-01,18.94%,6.19%,30.60%,,20.63%,15.25%,,,,,,,1.25%,,1.13%
09-Jul-01,18.94%,6.20%,30.55%,,20.60%,15.25%,,,,,,,1.26%,,1.13%
10-Jul-01,18.95%,6.22%,30.51%,,20.57%,15.25%,,,,,,,1.26%,,1.13%
11-Jul-01,18.95%,6.24%,30.46%,,20.54%,15.25%,,,,,,,1.27%,,1.12%
12-Jul-01,18.95%,6.26%,30.41%,,20.51%,15.25%,,,,,,,1.28%,,1.12%
13-Jul-01,18.96%,6.27%,30.37%,,20.48%,15.25%,,,,,,,1.29%,,1.12%
14-Jul-01,18.96%,6.29%,30.32%,,20.44%,15.25%,,,,,,,1.30%,,1.11%
15-Jul-01,18.97%,6.31%,30.28%,,20.41%,15.25%,,,,,,,1.30%,,1.11%
16-Jul-01,18.96%,6.32%,30.24%,,20.35%,15.24%,,,,,,,1.32%,,1.11%
17-Jul-01,18.95%,6.33%,30.20%,,20.29%,15.23%,,,,,,,1.34%,,1.11%
18-Jul-01,18.94%,6.34%,30.16%,,20.23%,15.21%,,,,,,,1.36%,,1.11%
19-Jul-01,18.93%,6.35%,30.12%,,20.18%,15.20%,,,,,,,1.38%,,1.11%
20-Jul-01,18.92%,6.37%,30.08%,,20.12%,15.19%,,,,,,,1.40%,,1.11%
21-Jul-01,18.91%,6.38%,30.04%,,20.05%,15.18%,,,,,,,1.41%,,1.11%
22-Jul-01,18.90%,6.39%,30.00%,,19.99%,15.16%,,,,,,,1.43%,,1.11%
23-Jul-01,18.90%,6.40%,29.96%,,19.93%,15.15%,,,,,,,1.45%,,1.11%
24-Jul-01,18.90%,6.41%,29.95%,,19.87%,15.16%,,,,,,,1.46%,,1.11%
25-Jul-01,18.91%,6.42%,29.94%,,19.80%,15.16%,,,,,,,1.46%,,1.11%
26-Jul-01,18.92%,6.43%,29.93%,,19.74%,15.17%,,,,,,,1.47%,,1.11%
27-Jul-01,18.92%,6.44%,29.92%,,19.68%,15.18%,,,,,,,1.47%,,1.11%
28-Jul-01,18.93%,6.45%,29.91%,,19.61%,15.19%,,,,,,,1.48%,,1.10%
29-Jul-01,18.94%,6.46%,29.90%,,19.55%,15.19%,,,,,,,1.48%,,1.10%
30-Jul-01,18.94%,6.47%,29.90%,,19.48%,15.20%,,,,,,,1.49%,,1.10%
31-Jul-01,18.95%,6.48%,29.89%,,19.42%,15.21%,,,,,,,1.49%,,1.10%
01-Aug-01,18.96%,6.49%,29.88%,,19.35%,15.22%,,,,,,,1.50%,,1.10%
02-Aug-01,18.97%,6.51%,29.87%,,19.28%,15.23%,,,,,,,1.50%,,1.09%
03-Aug-01,18.97%,6.52%,29.87%,,19.21%,15.24%,,,,,,,1.51%,,1.09%
04-Aug-01,18.98%,6.53%,29.86%,,19.15%,15.25%,,,,,,,1.51%,,1.09%
05-Aug-01,18.99%,6.54%,29.86%,,19.08%,15.26%,,,,,,,1.52%,,1.09%
06-Aug-01,19.00%,6.55%,29.85%,,19.01%,15.27%,,,,,,,1.52%,,1.09%
07-Aug-01,19.01%,6.56%,29.85%,,18.94%,15.28%,,,,,,,1.53%,,1.08%
08-Aug-01,19.01%,6.57%,29.84%,,18.87%,15.29%,,,,,,,1.53%,,1.08%
09-Aug-01,19.02%,6.58%,29.84%,,18.80%,15.30%,,,,,,,1.54%,,1.08%
10-Aug-01,19.03%,6.60%,29.83%,,18.72%,15.31%,,,,,,,1.54%,,1.08%
11-Aug-01,19.04%,6.61%,29.83%,,18.65%,15.32%,,,,,,,1.55%,,1.08%
12-Aug-01,19.05%,6.62%,29.83%,,18.58%,15.34%,,,,,,,1.55%,,1.07%
13-Aug-01,19.06%,6.63%,29.83%,,18.50%,15.35%,,,,,,,1.56%,,1.07%
14-Aug-01,19.07%,6.65%,29.82%,,18.42%,15.36%,,,,,,,1.56%,,1.07%
15-Aug-01,19.08%,6.66%,29.82%,,18.35%,15.38%,,,,,,,1.56%,,1.07%
16-Aug-01,19.09%,6.67%,29.82%,,18.27%,15.39%,,,,,,,1.57%,,1.06%
17-Aug-01,19.10%,6.68%,29.82%,,18.19%,15.41%,,,,,,,1.57%,,1.06%
18-Aug-01,19.11%,6.70%,29.82%,,18.11%,15.43%,,,,,,,1.58%,,1.06%
19-Aug-01,19.12%,6.71%,29.83%,,18.03%,15.44%,,,,,,,1.58%,,1.06%
20-Aug-01,19.13%,6.72%,29.83%,,17.95%,15.46%,,,,,,,1.58%,,1.06%
21-Aug-01,19.14%,6.74%,29.83%,,17.86%,15.48%,,,,,,,1.59%,,1.05%
22-Aug-01,19.16%,6.75%,29.83%,,17.78%,15.50%,,,,,,,1.59%,,1.05%
23-Aug-01,19.16%,6.77%,29.86%,,17.69%,15.53%,,,,,,,1.60%,,1.05%
24-Aug-01,19.16%,6.79%,29.89%,,17.61%,15.56%,,,,,,,1.60%,,1.05%
25-Aug-01,19.16%,6.81%,29.92%,,17.52%,15.59%,,,,,,,1.61%,,1.04%
26-Aug-01,19.16%,6.83%,29.95%,,17.44%,15.62%,,,,,,,1.61%,,1.04%
27-Aug-01,19.16%,6.85%,29.97%,,17.35%,15.65%,,,,,,,1.61%,,1.04%
28-Aug-01,19.16%,6.87%,30.00%,,17.26%,15.68%,,,,,,,1.62%,,1.03%
29-Aug-01,19.16%,6.90%,30.03%,,17.18%,15.71%,,,,,,,1.62%,,1.03%
30-Aug-01,19.16%,6.92%,30.06%,,17.09%,15.74%,,,,,,,1.63%,,1.03%
31-Aug-01,19.16%,6.94%,30.10%,,17.00%,15.77%,,,,,,,1.63%,,1.02%
01-Sep-01,19.16%,6.96%,30.13%,,16.91%,15.81%,,,,,,,1.63%,,1.02%
02-Sep-01,19.16%,6.98%,30.16%,,16.82%,15.84%,,,,,,,1.64%,,1.02%
03-Sep-01,19.16%,7.00%,30.19%,,16.74%,15.87%,,,,,,,1.64%,,1.02%
04-Sep-01,19.16%,7.01%,30.23%,,16.65%,15.90%,,,,,,,1.65%,,1.01%
05-Sep-01,19.16%,7.03%,30.26%,,16.56%,15.93%,,,,,,,1.65%,,1.01%
06-Sep-01,19.16%,7.05%,30.29%,,16.47%,15.96%,,,,,,,1.66%,,1.01%
07-Sep-01,19.15%,7.07%,30.33%,,16.38%,15.99%,,,,,,,1.66%,,1.01%
08-Sep-01,19.15%,7.09%,30.36%,,16.29%,16.02%,,,,,,,1.67%,,1.01%
09-Sep-01,19.15%,7.11%,30.40%,,16.21%,16.05%,,,,,,,1.67%,,1.00%
10-Sep-01,19.14%,7.13%,30.44%,,16.12%,16.08%,,,,,,,1.68%,,1.00%
11-Sep-01,19.14%,7.15%,30.47%,,16.03%,16.11%,,,,,,,1.68%,,1.00%
12-Sep-01,19.13%,7.17%,30.49%,,15.93%,16.13%,,,,,,,1.69%,,1.01%
13-Sep-01,19.12%,7.20%,30.51%,,15.83%,16.15%,,,,,,,1.70%,,1.02%
14-Sep-01,19.11%,7.23%,30.53%,,15.74%,16.17%,,,,,,,1.71%,,1.03%
15-Sep-01,19.10%,7.26%,30.55%,,15.64%,16.19%,,,,,,,1.72%,,1.04%
16-Sep-01,19.09%,7.29%,30.57%,,15.54%,16.21%,,,,,,,1.72%,,1.05%
17-Sep-01,19.07%,7.32%,30.59%,,15.44%,16.23%,,,,,,,1.73%,,1.06%
18-Sep-01,19.06%,7.35%,30.62%,,15.34%,16.25%,,,,,,,1.74%,,1.07%
19-Sep-01,19.05%,7.37%,30.64%,,15.25%,16.27%,,,,,,,1.75%,,1.08%
20-Sep-01,19.04%,7.40%,30.66%,,15.15%,16.29%,,,,,,,1.76%,,1.09%
21-Sep-01,19.03%,7.43%,30.68%,,15.05%,16.31%,,,,,,,1.77%,,1.10%
22-Sep-01,19.02%,7.46%,30.70%,,14.95%,16.32%,,,,,,,1.78%,,1.11%
23-Sep-01,18.99%,7.47%,30.70%,,14.89%,16.30%,,,,,,,1.80%,,1.13%
24-Sep-01,18.96%,7.47%,30.70%,,14.82%,16.28%,,,,,,,1.82%,,1.15%
25-Sep-01,18.94%,7.48%,30.70%,,14.76%,16.26%,,,,,,,1.84%,,1.17%
26-Sep-01,18.91%,7.49%,30.69%,,14.69%,16.23%,,,,,,,1.86%,,1.18%
27-Sep-01,18.89%,7.49%,30.69%,,14.63%,16.21%,,,,,,,1.87%,,1.20%
28-Sep-01,18.86%,7.50%,30.69%,,14.56%,16.18%,,,,,,,1.89%,,1.22%
29-Sep-01,18.83%,7.51%,30.69%,,14.50%,16.16%,,,,,,,1.91%,,1.24%
30-Sep-01,18.81%,7.51%,30.68%,,14.44%,16.13%,,,,,,,1.93%,,1.26%
01-Oct-01,18.78%,7.52%,30.68%,,14.37%,16.11%,,,,,,,1.95%,,1.27%
02-Oct-01,18.75%,7.52%,30.68%,,14.31%,16.08%,,,,,,,1.97%,,1.29%
03-Oct-01,18.73%,7.53%,30.68%,,14.25%,16.06%,,,,,,,1.99%,,1.31%
04-Oct-01,18.70%,7.54%,30.68%,,14.19%,16.03%,,,,,,,2.01%,,1.33%
05-Oct-01,18.67%,7.54%,30.67%,,14.13%,16.01%,,,,,,,2.03%,,1.35%
06-Oct-01,18.65%,7.55%,30.67%,,14.06%,15.98%,,,,,,,2.05%,,1.37%
07-Oct-01,18.62%,7.56%,30.66%,,14.00%,15.95%,,,,,,,2.07%,,1.39%
08-Oct-01,18.59%,7.56%,30.66%,,13.94%,15.93%,,,,,,,2.08%,,1.41%
09-Oct-01,18.56%,7.57%,30.66%,,13.88%,15.90%,,,,,,,2.10%,,1.42%
10-Oct-01,18.55%,7.63%,30.67%,,13.84%,15.86%,,,,,,,2.11%,,1.43%
11-Oct-01,18.54%,7.69%,30.69%,,13.81%,15.81%,,,,,,,2.11%,,1.43%
12-Oct-01,18.53%,7.75%,30.71%,,13.78%,15.76%,,,,,,,2.12%,,1.44%
13-Oct-01,18.52%,7.82%,30.72%,,13.74%,15.72%,,,,,,,2.12%,,1.44%
14-Oct-01,18.50%,7.88%,30.74%,,13.71%,15.67%,,,,,,,2.12%,,1.45%
15-Oct-01,18.49%,7.94%,30.75%,,13.68%,15.62%,,,,,,,2.13%,,1.46%
16-Oct-01,18.48%,8.01%,30.77%,,13.64%,15.58%,,,,,,,2.13%,,1.46%
17-Oct-01,18.47%,8.07%,30.78%,,13.61%,15.53%,,,,,,,2.14%,,1.47%
18-Oct-01,18.45%,8.14%,30.80%,,13.58%,15.48%,,,,,,,2.14%,,1.47%
19-Oct-01,18.44%,8.20%,30.81%,,13.55%,15.43%,,,,,,,2.14%,,1.48%
20-Oct-01,18.43%,8.28%,30.79%,,13.50%,15.39%,,,,,,,2.14%,,1.48%
21-Oct-01,18.43%,8.37%,30.77%,,13.45%,15.34%,,,,,,,2.14%,,1.48%
22-Oct-01,18.42%,8.45%,30.74%,,13.41%,15.30%,,,,,,,2.14%,,1.48%
23-Oct-01,18.41%,8.53%,30.72%,,13.36%,15.26%,,,,,,,2.14%,,1.48%
24-Oct-01,18.41%,8.62%,30.69%,,13.34%,15.23%,,,,,,,2.13%,,1.48%
25-Oct-01,18.42%,8.72%,30.66%,,13.31%,15.20%,,,,,,,2.12%,,1.47%
26-Oct-01,18.43%,8.81%,30.62%,,13.29%,15.17%,,,,,,,2.11%,,1.47%
27-Oct-01,18.43%,8.90%,30.59%,,13.27%,15.14%,,,,,,,2.10%,,1.46%
28-Oct-01,18.44%,8.99%,30.56%,,13.25%,15.12%,,,,,,,2.09%,,1.46%
29-Oct-01,18.45%,9.08%,30.53%,,13.23%,15.09%,,,,,,,2.07%,,1.46%
30-Oct-01,18.45%,9.17%,30.50%,,13.21%,15.06%,,,,,,,2.06%,,1.45%
31-Oct-01,18.46%,9.27%,30.46%,,13.19%,15.03%,,,,,,,2.05%,,1.45%
01-Nov-01,18.47%,9.36%,30.43%,,13.17%,15.00%,,,,,,,2.04%,,1.45%
02-Nov-01,18.47%,9.45%,30.40%,,13.15%,14.97%,,,,,,,2.03%,,1.44%
03-Nov-01,18.48%,9.54%,30.36%,,13.13%,14.94%,,,,,,,2.02%,,1.44%
04-Nov-01,18.49%,9.64%,30.33%,,13.12%,14.91%,,,,,,,2.00%,,1.44%
05-Nov-01,18.49%,9.73%,30.29%,,13.10%,14.88%,,,,,,,1.99%,,1.43%
06-Nov-01,18.50%,9.82%,30.26%,,13.08%,14.85%,,,,,,,1.98%,,1.43%
07-Nov-01,18.51%,9.91%,30.23%,,13.06%,14.82%,,,,,,,1.97%,,1.42%
08-Nov-01,18.51%,10.01%,30.19%,,13.05%,14.79%,,,,,,,1.96%,,1.42%
09-Nov-01,18.52%,10.10%,30.16%,,13.03%,14.76%,,,,,,,1.94%,,1.42%
10-Nov-01,18.53%,10.19%,30.12%,,13.01%,14.73%,,,,,,,1.93%,,1.41%
11-Nov-01,18.52%,10.26%,30.10%,,12.99%,14.70%,,,,,,,1.92%,,1.40%
12-Nov-01,18.51%,10.33%,30.08%,,12.97%,14.67%,,,,,,,1.90%,,1.40%
13-Nov-01,18.49%,10.40%,30.05%,,12.95%,14.64%,,,,,,,1.89%,,1.39%
14-Nov-01,18.48%,10.47%,30.03%,,12.93%,14.61%,,,,,,,1.87%,,1.39%
15-Nov-01,18.48%,10.55%,30.01%,,12.91%,14.57%,,,,,,,1.86%,,1.38%
16-Nov-01,18.47%,10.62%,29.99%,,12.90%,14.53%,,,,,,,1.84%,,1.37%
17-Nov-01,18.46%,10.70%,29.97%,,12.88%,14.49%,,,,,,,1.82%,,1.36%
18-Nov-01,18.45%,10.77%,29.96%,,12.86%,14.45%,,,,,,,1.81%,,1.36%
19-Nov-01,18.44%,10.84%,29.94%,,12.85%,14.41%,,,,,,,1.79%,,
20-Nov-01,18.44%,10.92%,29.92%,,12.83%,14.37%,,,,,,,1.77%,,
21-Nov-01,18.43%,10.99%,29.90%,,12.82%,14.33%,,,,,,,1.76%,,
22-Nov-01,18.42%,11.07%,29.88%,,12.80%,14.29%,,,,,,,1.74%,,
23-Nov-01,18.41%,11.14%,29.85%,,12.79%,14.25%,,,,,,,1.72%,,
24-Nov-01,18.41%,11.22%,29.83%,,12.78%,14.21%,,,,,,,1.70%,,
25-Nov-01,18.40%,11.29%,29.81%,,12.77%,14.16%,,,,,,,1.69%,,
26-Nov-01,18.39%,11.36%,29.79%,,12.75%,14.12%,,,,,,,1.67%,,
27-Nov-01,18.39%,11.44%,29.77%,,12.74%,14.08%,,,,,,,1.65%,,
28-Nov-01,18.38%,11.51%,29.74%,,12.73%,14.04%,,,,,,,1.63%,,
29-Nov-01,18.38%,11.59%,29.72%,,12.73%,14.00%,,,,,,,1.61%,,
30-Nov-01,18.37%,11.66%,29.70%,,12.72%,13.95%,,,,,,,1.60%,,
01-Dec-01,18.37%,11.73%,29.67%,,12.71%,13.91%,,,,,,,1.58%,,
02-Dec-01,18.36%,11.81%,29.65%,,12.70%,13.87%,,,,,,,1.56%,,
03-Dec-01,18.36%,11.88%,29.63%,,12.69%,13.83%,,,,,,,1.54%,,
04-Dec-01,18.35%,11.96%,29.60%,,12.69%,13.79%,,,,,,,1.52%,,
05-Dec-01,18.35%,12.03%,29.58%,,12.68%,13.74%,,,,,,,1.50%,,
06-Dec-01,18.34%,12.10%,29.55%,,12.67%,13.70%,,,,,,,1.48%,,
07-Dec-01,18.34%,12.18%,29.53%,,12.67%,13.66%,,,,,,,1.46%,,
08-Dec-01,18.33%,12.26%,29.51%,,12.66%,13.62%,,,,,,,1.44%,,
09-Dec-01,18.33%,12.33%,29.48%,,12.65%,13.58%,,,,,,,1.42%,,
10-Dec-01,18.32%,12.41%,29.46%,,12.65%,13.54%,,,,,,,1.40%,,
11-Dec-01,18.32%,12.48%,29.44%,,12.64%,13.50%,,,,,,,1.38%,,
12-Dec-01,18.32%,12.56%,29.41%,,12.63%,13.46%,,,,,,,1.36%,,
13-Dec-01,18.31%,12.64%,29.39%,,12.63%,13.42%,,,,,,,1.33%,,
14-Dec-01,18.31%,12.71%,29.37%,,12.62%,13.38%,,,,,,,1.31%,,
15-Dec-01,18.30%,12.78%,29.35%,,12.62%,13.33%,,,,,,,1.29%,0.03%,
16-Dec-01,18.29%,12.84%,29.33%,,12.61%,13.28%,,,,,,,1.27%,0.07%,
17-Dec-01,18.28%,12.91%,29.31%,,12.61%,13.23%,,,,,,,1.24%,0.11%,
18-Dec-01,18.26%,12.98%,29.29%,,12.60%,13.18%,,,,,,,1.22%,0.14%,
19-Dec-01,18.25%,13.04%,29.28%,,12.59%,13.13%,,,,,,,1.20%,0.18%,
20-Dec-01,18.24%,13.11%,29.26%,,12.59%,13.08%,,,,,,,1.17%,0.21%,
21-Dec-01,18.24%,13.17%,29.26%,,12.59%,13.04%,,,,,,,1.14%,0.25%,
22-Dec-01,18.23%,13.22%,29.26%,,12.60%,13.00%,,,,,,,1.12%,0.29%,
23-Dec-01,18.23%,13.28%,29.26%,,12.60%,12.96%,,,,,,,1.09%,0.32%,
24-Dec-01,18.22%,13.33%,29.26%,,12.61%,12.92%,,,,,,,1.06%,0.36%,
25-Dec-01,18.22%,13.39%,29.26%,,12.61%,12.88%,,,,,,,1.03%,0.40%,
26-Dec-01,18.21%,13.45%,29.26%,,12.62%,12.84%,,,,,,,1.00%,0.44%,
27-Dec-01,18.21%,13.50%,29.26%,,12.62%,12.81%,,,,,,,0.98%,0.48%,
28-Dec-01,18.20%,13.56%,29.26%,,12.63%,12.77%,,,,,,,0.95%,0.52%,
29-Dec-01,18.19%,13.61%,29.26%,,12.63%,12.73%,,,,,,,0.92%,0.55%,
30-Dec-01,18.19%,13.66%,29.27%,,12.64%,12.69%,,,,,,,0.89%,0.59%,
31-Dec-01,18.18%,13.72%,29.27%,,12.64%,12.65%,,,,,,,0.86%,0.63%,
01-Jan-02,18.18%,13.77%,29.27%,,12.65%,12.62%,,,,,,,0.83%,0.67%,
02-Jan-02,18.18%,13.83%,29.27%,,12.66%,12.58%,,,,,,,0.80%,0.71%,
03-Jan-02,18.17%,13.88%,29.28%,,12.66%,12.54%,,,,,,,0.77%,0.76%,
04-Jan-02,18.16%,13.93%,29.28%,,12.67%,12.50%,,,,,,,0.74%,0.80%,
05-Jan-02,18.16%,13.98%,29.29%,,12.67%,12.46%,,,,,,,0.71%,0.84%,
06-Jan-02,18.15%,14.03%,29.29%,,12.68%,12.43%,,,,,,,0.68%,0.88%,
07-Jan-02,18.15%,14.09%,29.29%,,12.69%,12.39%,,,,,,,0.65%,0.92%,
08-Jan-02,18.14%,14.14%,29.30%,,12.69%,12.35%,,,,,,,0.62%,0.97%,
09-Jan-02,18.13%,14.19%,29.30%,,12.70%,12.31%,,,,,,,0.59%,1.01%,
10-Jan-02,18.13%,14.24%,29.31%,,12.70%,12.27%,,,,,,,0.56%,1.06%,
11-Jan-02,18.12%,14.28%,29.31%,,12.71%,12.23%,,,,,,,0.53%,1.10%,
12-Jan-02,18.11%,14.33%,29.32%,,12.71%,12.19%,,,,,,,0.51%,1.15%,
13-Jan-02,18.10%,14.38%,29.33%,,12.72%,12.15%,,,,,,,0.48%,1.20%,
14-Jan-02,18.09%,14.43%,29.33%,,12.72%,12.11%,,,,,,,0.45%,1.24%,
15-Jan-02,18.08%,14.47%,29.34%,,12.73%,12.07%,,,,,,,0.42%,1.29%,
16-Jan-02,18.07%,14.52%,29.34%,,12.73%,12.03%,,,,,,,0.39%,1.34%,
17-Jan-02,18.06%,14.56%,29.35%,,12.74%,11.99%,,,,,,,0.36%,1.39%,
18-Jan-02,18.04%,14.55%,29.34%,,12.72%,11.96%,,,,,,,0.34%,1.44%,
19-Jan-02,18.01%,14.54%,29.32%,,12.70%,11.94%,,,,,,,0.33%,1.49%,
20-Jan-02,17.98%,14.52%,29.31%,,12.67%,11.91%,,,,,,,0.32%,1.54%,
21-Jan-02,17.95%,14.51%,29.30%,,12.65%,11.89%,,,,,,,0.30%,1.60%,
22-Jan-02,17.93%,14.49%,29.29%,,12.63%,11.86%,,,,,,,0.29%,1.65%,
23-Jan-02,17.90%,14.48%,29.28%,,12.61%,11.84%,,,,,,,0.28%,1.71%,
24-Jan-02,17.87%,14.46%,29.26%,,12.59%,11.81%,,,,,,,0.27%,1.76%,
25-Jan-02,17.84%,14.44%,29.25%,,12.57%,11.78%,,,,,,,0.25%,1.82%,
26-Jan-02,17.81%,14.42%,29.24%,,12.55%,11.76%,,,,,,,0.24%,1.88%,
27-Jan-02,17.78%,14.40%,29.23%,,12.52%,11.73%,,,,,,,0.23%,1.93%,
28-Jan-02,17.74%,14.36%,29.26%,,12.52%,11.69%,,,,,,,0.22%,1.99%,
29-Jan-02,17.71%,14.32%,29.29%,,12.52%,11.66%,,,,,,,0.21%,2.05%,
30-Jan-02,17.67%,14.28%,29.32%,,12.51%,11.62%,,,,,,,0.21%,2.12%,
31-Jan-02,17.63%,14.24%,29.36%,,12.51%,11.59%,,,,,,,0.20%,2.18%,
01-Feb-02,17.60%,14.20%,29.39%,,12.50%,11.55%,,,,,,,0.19%,2.24%,
02-Feb-02,17.56%,14.15%,29.42%,,12.50%,11.51%,,,,,,,0.18%,2.30%,
03-Feb-02,17.52%,14.11%,29.45%,,12.50%,11.48%,,,,,,,0.18%,2.37%,
04-Feb-02,17.48%,14.07%,29.48%,,12.49%,11.44%,,,,,,,0.17%,2.43%,
05-Feb-02,17.45%,14.02%,29.51%,,12.49%,11.40%,,,,,,,0.16%,2.50%,
06-Feb-02,17.41%,13.98%,29.54%,,12.48%,11.37%,,,,,,,0.16%,2.57%,
07-Feb-02,17.37%,13.94%,29.57%,,12.48%,11.33%,,,,,,,0.15%,2.64%,
08-Feb-02,17.33%,13.89%,29.60%,,12.48%,11.29%,,,,,,,0.14%,2.71%,
09-Feb-02,17.30%,13.85%,29.63%,,12.47%,11.25%,,,,,,,0.14%,2.78%,
10-Feb-02,17.26%,13.80%,29.66%,,12.47%,11.21%,,,,,,,0.13%,2.85%,
11-Feb-02,17.22%,13.76%,29.69%,,12.46%,11.17%,,,,,,,0.12%,2.93%,
12-Feb-02,17.18%,13.71%,29.72%,,12.46%,11.13%,,,,,,,0.12%,3.01%,
13-Feb-02,17.14%,13.67%,29.75%,,12.46%,11.09%,,,,,,,0.11%,3.09%,
14-Feb-02,17.10%,13.62%,29.78%,,12.45%,11.05%,,,,,,,0.10%,3.17%,
15-Feb-02,17.08%,13.58%,29.80%,,12.44%,11.00%,,,,,,,0.10%,3.26%,
16-Feb-02,17.05%,13.53%,29.81%,,12.42%,10.96%,,,,,,,0.09%,3.34%,
17-Feb-02,17.03%,13.48%,29.83%,,12.40%,10.92%,,,,,,,0.08%,3.43%,
18-Feb-02,17.01%,13.44%,29.84%,,12.38%,10.87%,,,,,,,0.08%,3.53%,
19-Feb-02,17.00%,13.41%,29.84%,,12.37%,10.83%,,,,,,,0.07%,3.62%,
20-Feb-02,17.00%,13.39%,29.84%,,12.36%,10.79%,,,,,,,0.07%,3.71%,
21-Feb-02,16.99%,13.36%,29.84%,,12.34%,10.74%,,,,,,,0.07%,3.80%,
22-Feb-02,16.98%,13.34%,29.84%,,12.33%,10.70%,,,,,,,0.06%,3.90%,
23-Feb-02,16.98%,13.31%,29.84%,,12.31%,10.67%,,,,,,,0.06%,3.99%,
24-Feb-02,16.97%,13.28%,29.84%,,12.30%,10.63%,,,,,,,0.06%,4.09%,
25-Feb-02,16.96%,13.25%,29.83%,,12.28%,10.60%,,,,,,,0.05%,4.18%,
26-Feb-02,16.95%,13.22%,29.83%,,12.27%,10.56%,,,,,,,0.05%,4.28%,
27-Feb-02,16.95%,13.19%,29.82%,,12.25%,10.53%,,,,,,,0.05%,4.37%,
28-Feb-02,16.94%,13.16%,29.82%,,12.23%,10.49%,,,,,,,0.05%,4.47%,
01-Mar-02,16.93%,13.13%,29.81%,,12.22%,10.46%,,,,,,,0.04%,4.56%,
02-Mar-02,16.92%,13.10%,29.81%,,12.20%,10.42%,,,,,,,0.04%,4.65%,
03-Mar-02,16.92%,13.07%,29.80%,,12.19%,10.39%,,,,,,,0.04%,4.75%,
04-Mar-02,16.91%,13.04%,29.80%,,12.17%,10.35%,,,,,,,0.04%,4.84%,
05-Mar-02,16.90%,13.01%,29.79%,,12.15%,10.32%,,,,,,,0.03%,4.94%,
06-Mar-02,16.90%,12.98%,29.79%,,12.14%,10.28%,,,,,,,0.03%,5.03%,
07-Mar-02,16.89%,12.95%,29.78%,,12.12%,10.25%,,,,,,,0.03%,5.12%,
08-Mar-02,16.89%,12.92%,29.78%,,12.10%,10.22%,,,,,,,0.03%,5.22%,
09-Mar-02,16.88%,12.89%,29.77%,,12.08%,10.18%,,,,,,,0.02%,5.31%,
10-Mar-02,16.87%,12.86%,29.76%,,12.07%,10.15%,,,,,,,0.02%,5.40%,
11-Mar-02,16.87%,12.83%,29.76%,,12.05%,10.12%,,,,,,,0.02%,5.50%,
12-Mar-02,16.86%,12.80%,29.75%,,12.03%,10.08%,,,,,,,0.02%,5.59%,
13-Mar-02,16.86%,12.77%,29.74%,,12.01%,10.05%,,,,,,,0.02%,5.68%,
14-Mar-02,16.85%,12.74%,29.74%,,12.00%,10.02%,,,,,,,0.02%,5.77%,
15-Mar-02,16.85%,12.71%,29.73%,,11.98%,9.98%,,,,,,,0.01%,5.87%,
16-Mar-02,16.85%,12.68%,29.72%,,11.96%,9.95%,,,,,,,0.01%,5.96%,
17-Mar-02,16.84%,12.65%,29.71%,,11.94%,9.92%,,,,,,,0.01%,6.05%,
18-Mar-02,16.84%,12.62%,29.70%,,11.92%,9.88%,,,,,,,0.01%,6.14%,
19-Mar-02,16.84%,12.59%,29.70%,,11.90%,9.85%,,,,,,,0.01%,6.23%,
20-Mar-02,16.83%,12.56%,29.69%,,11.88%,9.82%,,,,,,,0.01%,6.32%,
21-Mar-02,16.83%,12.53%,29.68%,,11.86%,9.79%,,,,,,,0.00%,6.41%,
22-Mar-02,16.83%,12.50%,29.67%,,11.84%,9.75%,,,,,,,0.00%,6.50%,
23-Mar-02,16.83%,12.47%,29.66%,,11.82%,9.72%,,,,,,,0.00%,6.59%,
24-Mar-02,16.83%,12.44%,29.65%,,11.80%,9.69%,,,,,,,0.00%,6.68%,
25-Mar-02,16.84%,12.40%,29.63%,,11.77%,9.68%,,,,,,,0.00%,6.74%,
26-Mar-02,16.85%,12.36%,29.61%,,11.74%,9.66%,,,,,,,0.00%,6.79%,
27-Mar-02,16.87%,12.33%,29.59%,,11.71%,9.65%,,,,,,,0.00%,6.84%,
28-Mar-02,16.88%,12.29%,29.57%,,11.68%,9.64%,,,,,,,0.00%,6.90%,
29-Mar-02,16.89%,12.25%,29.55%,,11.65%,9.63%,,,,,,,0.00%,6.95%,
30-Mar-02,16.91%,12.21%,29.53%,,11.62%,9.62%,,,,,,,0.00%,7.00%,
31-Mar-02,16.92%,12.18%,29.51%,,11.59%,9.60%,,,,,,,0.00%,7.05%,
01-Apr-02,16.94%,12.14%,29.49%,,11.56%,9.59%,,,,,,,0.00%,7.10%,
02-Apr-02,16.95%,12.10%,29.47%,,11.53%,9.58%,,,,,,,0.00%,7.15%,
03-Apr-02,16.96%,12.06%,29.45%,,11.49%,9.57%,,,,,,,0.00%,7.21%,
04-Apr-02,16.98%,12.03%,29.43%,,11.46%,9.56%,,,,,,,0.00%,7.26%,
05-Apr-02,16.99%,11.99%,29.41%,,11.43%,9.55%,,,,,,,0.00%,7.31%,
06-Apr-02,17.01%,11.95%,29.39%,,11.40%,9.53%,,,,,,,0.00%,7.36%,
07-Apr-02,17.02%,11.91%,29.37%,,11.37%,9.52%,,,,,,,0.00%,7.41%,
08-Apr-02,17.04%,11.88%,29.35%,,11.34%,9.51%,,,,,,,0.00%,7.45%,
09-Apr-02,17.05%,11.84%,29.33%,,11.31%,9.50%,,,,,,,0.00%,7.50%,
10-Apr-02,17.07%,11.81%,29.31%,,11.28%,9.49%,,,,,,,0.00%,7.55%,
11-Apr-02,17.09%,11.77%,29.29%,,11.25%,9.48%,,,,,,,0.00%,7.60%,
12-Apr-02,17.10%,11.73%,29.27%,,11.22%,9.47%,,,,,,,0.00%,7.65%,
13-Apr-02,17.12%,11.70%,29.25%,,11.19%,9.46%,,,,,,,0.00%,7.69%,
14-Apr-02,17.14%,11.66%,29.23%,,11.15%,9.45%,,,,,,,0.00%,7.74%,
15-Apr-02,17.15%,11.63%,29.20%,,11.12%,9.44%,,,,,,,0.00%,7.79%,
16-Apr-02,17.17%,11.60%,29.18%,,11.09%,9.43%,,,,,,,0.00%,7.83%,
17-Apr-02,17.19%,11.56%,29.16%,,11.06%,9.43%,,,,,,,0.00%,7.88%,
18-Apr-02,17.21%,11.53%,29.14%,,11.03%,9.42%,,,,,,,0.00%,7.92%,
19-Apr-02,17.22%,11.49%,29.12%,,11.00%,9.41%,,,,,,,0.00%,7.97%,
20-Apr-02,17.24%,11.46%,29.10%,,10.97%,9.40%,,,,,,,0.00%,8.01%,
21-Apr-02,17.26%,11.43%,29.07%,,10.94%,9.39%,,,,,,,0.00%,8.05%,
22-Apr-02,17.28%,11.40%,29.05%,,10.91%,9.38%,,,,,,,0.00%,8.10%,
23-Apr-02,17.30%,11.36%,29.03%,,10.88%,9.38%,,,,,,,0.00%,8.14%,
24-Apr-02,17.32%,11.33%,29.01%,,10.85%,9.37%,,,,,,,0.00%,8.18%,
25-Apr-02,17.34%,11.30%,28.98%,,10.82%,9.36%,,,,,,,0.00%,8.22%,
26-Apr-02,17.36%,11.27%,28.96%,,10.79%,9.36%,,,,,,,0.00%,8.26%,
27-Apr-02,17.38%,11.24%,28.94%,,10.76%,9.35%,,,,,,,0.00%,8.29%,
28-Apr-02,17.40%,11.21%,28.91%,,10.73%,9.35%,,,,,,,0.00%,8.33%,
29-Apr-02,17.43%,11.18%,28.89%,,10.70%,9.34%,,,,,,,0.00%,8.37%,
30-Apr-02,17.45%,11.16%,28.87%,,10.67%,9.34%,,,,,,,0.00%,8.40%,
01-May-02,17.47%,11.13%,28.84%,,10.64%,9.33%,,,,,,,0.00%,8.44%,
02-May-02,17.50%,11.10%,28.81%,,10.61%,9.33%,,,,,,,0.00%,8.47%,
03-May-02,17.52%,11.07%,28.79%,,10.58%,9.33%,,,,,,,0.00%,8.51%,
04-May-02,17.54%,11.04%,28.76%,,10.55%,9.32%,,,,,,,0.00%,8.54%,
05-May-02,17.57%,11.02%,28.73%,,10.52%,9.32%,,,,,,,0.00%,8.57%,
06-May-02,17.59%,10.99%,28.71%,,10.48%,9.32%,,,,,,,0.00%,8.60%,
07-May-02,17.62%,10.96%,28.68%,,10.45%,9.32%,,,,,,,0.00%,8.63%,
08-May-02,17.64%,10.94%,28.65%,,10.42%,9.32%,,,,,,,0.00%,8.66%,
09-May-02,17.67%,10.91%,28.62%,,10.39%,9.32%,,,,,,,0.00%,8.69%,
10-May-02,17.70%,10.89%,28.59%,,10.35%,9.32%,,,,,,,0.00%,8.71%,
11-May-02,17.72%,10.86%,28.56%,,10.32%,9.32%,,,,,,,0.00%,8.74%,
12-May-02,17.75%,10.84%,28.53%,,10.29%,9.32%,,,,,,,0.00%,8.76%,
13-May-02,17.78%,10.81%,28.50%,,10.25%,9.32%,,,,,,,0.00%,8.79%,
14-May-02,17.80%,10.78%,28.47%,,10.22%,9.33%,,,,,,,0.00%,8.81%,
15-May-02,17.83%,10.76%,28.44%,,10.19%,9.33%,,,,,,,0.00%,8.83%,
16-May-02,17.86%,10.73%,28.40%,,10.15%,9.33%,,,,,,,0.00%,8.85%,
17-May-02,17.88%,10.70%,28.37%,,10.12%,9.34%,,,,,,,0.00%,8.87%,
18-May-02,17.91%,10.67%,28.34%,,10.08%,9.34%,,,,,,,0.00%,8.89%,
19-May-02,17.94%,10.65%,28.31%,,10.05%,9.34%,,,,,,,0.00%,8.91%,
20-May-02,17.97%,10.62%,28.28%,,10.02%,9.35%,,,,,,,0.00%,8.93%,
21-May-02,17.99%,10.59%,28.25%,,9.98%,9.35%,,,,,,,0.00%,8.94%,
22-May-02,18.02%,10.56%,28.22%,,9.94%,9.36%,,,,,,,0.00%,8.95%,
23-May-02,18.05%,10.53%,28.19%,,9.91%,9.37%,,,,,,,0.00%,8.96%,
24-May-02,18.08%,10.50%,28.16%,,9.87%,9.38%,,,,,,,0.00%,8.97%,
25-May-02,18.11%,10.47%,28.13%,,9.83%,9.39%,,,,,,,0.00%,8.98%,
26-May-02,18.13%,10.44%,28.11%,,9.81%,9.40%,,,,,,,0.00%,8.98%,
27-May-02,18.14%,10.41%,28.10%,,9.79%,9.41%,,,,,,,0.00%,8.98%,
28-May-02,18.16%,10.38%,28.08%,,9.76%,9.42%,,,,,,,0.00%,8.97%,
29-May-02,18.17%,10.35%,28.07%,,9.74%,9.43%,,,,,,,0.00%,8.97%,
30-May-02,18.19%,10.32%,28.05%,,9.72%,9.44%,,,,,,,0.00%,8.97%,
31-May-02,18.20%,10.28%,28.04%,,9.69%,9.45%,,,,,,,0.00%,8.96%,
01-Jun-02,18.22%,10.25%,28.02%,,9.67%,9.46%,,,,,,,0.00%,8.95%,
02-Jun-02,18.23%,10.22%,28.01%,,9.65%,9.48%,,,,,,,0.00%,8.95%,
03-Jun-02,18.24%,10.19%,27.99%,,9.63%,9.49%,,,,,,,0.00%,8.94%,
04-Jun-02,18.26%,10.16%,27.98%,,9.61%,9.50%,,,,,,,0.00%,8.93%,
05-Jun-02,18.27%,10.13%,27.97%,,9.58%,9.51%,,,,,,,0.00%,8.93%,
06-Jun-02,18.29%,10.10%,27.95%,,9.56%,9.52%,,,,,,,0.00%,8.92%,
07-Jun-02,18.30%,10.07%,27.94%,,9.54%,9.54%,,,,,,,0.00%,8.91%,
08-Jun-02,18.32%,10.04%,27.93%,,9.52%,9.55%,,,,,,,0.00%,8.90%,
09-Jun-02,18.33%,10.01%,27.91%,,9.50%,9.56%,,,,,,,0.00%,8.90%,
10-Jun-02,18.35%,9.98%,27.90%,,9.48%,9.57%,,,,,,,0.00%,8.89%,
11-Jun-02,18.36%,9.95%,27.89%,,9.46%,9.58%,,,,,,,0.00%,8.88%,
12-Jun-02,18.37%,9.92%,27.87%,,9.43%,9.59%,,,,,,,0.00%,8.88%,
13-Jun-02,18.39%,9.89%,27.86%,,9.41%,9.61%,,,,,,,0.00%,8.87%,
14-Jun-02,18.40%,9.86%,27.85%,,9.39%,9.62%,,,,,,,0.00%,8.87%,
15-Jun-02,18.41%,9.85%,27.84%,,9.39%,9.64%,,,,,,,0.00%,8.88%,
16-Jun-02,18.41%,9.84%,27.83%,,9.39%,9.66%,,,,,,,0.00%,8.89%,
17-Jun-02,18.42%,9.83%,27.82%,,9.39%,9.68%,,,,,,,0.00%,8.91%,
18-Jun-02,18.43%,9.82%,27.81%,,9.39%,9.70%,,,,,,,0.00%,8.92%,
19-Jun-02,18.43%,9.81%,27.80%,,9.39%,9.72%,,,,,,,0.00%,8.94%,
20-Jun-02,18.44%,9.80%,27.79%,,9.39%,9.74%,,,,,,,0.00%,8.95%,
21-Jun-02,18.45%,9.79%,27.78%,,9.39%,9.77%,,,,,,,0.00%,8.97%,
22-Jun-02,18.45%,9.78%,27.77%,,9.39%,9.79%,,,,,,,0.00%,8.99%,
23-Jun-02,18.46%,9.77%,27.76%,,9.40%,9.81%,,,,,,,0.00%,9.00%,
24-Jun-02,18.46%,9.76%,27.75%,,9.40%,9.83%,,,,,,,0.00%,9.02%,
25-Jun-02,18.47%,9.75%,27.75%,,9.40%,9.85%,,,,,,,0.00%,9.04%,
26-Jun-02,18.47%,9.75%,27.74%,,9.40%,9.87%,,,,,,,0.00%,9.06%,
27-Jun-02,18.48%,9.74%,27.73%,,9.41%,9.89%,,,,,,,0.00%,9.07%,
28-Jun-02,18.48%,9.73%,27.72%,,9.41%,9.91%,,,,,,,0.00%,9.09%,
29-Jun-02,18.48%,9.72%,27.71%,,9.42%,9.94%,,,,,,,0.00%,9.11%,
30-Jun-02,18.49%,9.71%,27.71%,,9.42%,9.96%,,,,,,,0.00%,9.13%,
01-Jul-02,18.49%,9.70%,27.70%,,9.43%,9.98%,,,,,,,0.00%,9.15%,
02-Jul-02,18.49%,9.69%,27.69%,,9.43%,10.00%,,,,,,,0.00%,9.17%,
03-Jul-02,18.49%,9.70%,27.69%,,9.45%,10.02%,,,,,,,0.00%,9.20%,
04-Jul-02,18.48%,9.72%,27.69%,,9.47%,10.03%,,,,,,,0.00%,9.22%,
05-Jul-02,18.48%,9.73%,27.69%,,9.48%,10.05%,,,,,,,0.00%,9.24%,
06-Jul-02,18.48%,9.74%,27.69%,,9.50%,10.06%,,,,,,,0.00%,9.26%,
07-Jul-02,18.47%,9.75%,27.69%,,9.52%,10.08%,,,,,,,0.00%,9.29%,
08-Jul-02,18.47%,9.76%,27.69%,,9.54%,10.09%,,,,,,,0.00%,9.31%,
09-Jul-02,18.46%,9.77%,27.69%,,9.55%,10.11%,,,,,,,0.00%,9.33%,
10-Jul-02,18.46%,9.79%,27.69%,,9.57%,10.12%,,,,,,,0.00%,9.36%,
11-Jul-02,18.46%,9.80%,27.69%,,9.59%,10.14%,,,,,,,0.00%,9.38%,
12-Jul-02,18.45%,9.81%,27.69%,,9.60%,10.15%,,,,,,,0.00%,9.40%,
13-Jul-02,18.45%,9.82%,27.69%,,9.62%,10.17%,,,,,,,0.00%,9.42%,
14-Jul-02,18.44%,9.83%,27.69%,,9.64%,10.18%,,,,,,,0.00%,9.45%,
15-Jul-02,18.42%,9.83%,27.71%,,9.65%,10.19%,,,,,,,0.02%,9.45%,
16-Jul-02,18.39%,9.83%,27.72%,,9.65%,10.21%,,,,,,,0.04%,9.45%,
17-Jul-02,18.36%,9.84%,27.74%,,9.66%,10.22%,,,,,,,0.05%,9.45%,
18-Jul-02,18.33%,9.84%,27.76%,,9.67%,10.23%,,,,,,,0.07%,9.46%,
19-Jul-02,18.30%,9.84%,27.78%,,9.67%,10.24%,,,,,,,0.09%,9.46%,
20-Jul-02,18.27%,9.84%,27.79%,,9.68%,10.26%,,,,,,,0.11%,9.46%,
21-Jul-02,18.24%,9.84%,27.81%,,9.68%,10.27%,,,,,,,0.13%,9.47%,
22-Jul-02,18.21%,9.84%,27.83%,,9.69%,10.28%,,,,,,,0.15%,9.47%,
23-Jul-02,18.18%,9.84%,27.85%,,9.70%,10.30%,,,,,,,0.16%,9.47%,
24-Jul-02,18.15%,9.84%,27.86%,,9.70%,10.31%,,,,,,,0.18%,9.47%,
25-Jul-02,18.13%,9.85%,27.88%,,9.71%,10.32%,,,,,,,0.20%,9.48%,
26-Jul-02,18.10%,9.85%,27.90%,,9.72%,10.33%,,,,,,,0.22%,9.48%,
27-Jul-02,18.07%,9.85%,27.92%,,9.72%,10.35%,,,,,,,0.24%,9.48%,
28-Jul-02,18.04%,9.85%,27.94%,,9.73%,10.36%,,,,,,,0.26%,9.48%,
29-Jul-02,18.01%,9.85%,27.95%,,9.74%,10.37%,,,,,,,0.28%,9.48%,
30-Jul-02,17.98%,9.85%,27.97%,,9.74%,10.38%,,,,,,,0.29%,9.49%,
31-Jul-02,17.95%,9.86%,27.99%,,9.75%,10.40%,,,,,,,0.31%,9.49%,
01-Aug-02,17.92%,9.86%,28.01%,,9.76%,10.41%,,,,,,,0.33%,9.49%,
02-Aug-02,17.89%,9.86%,28.03%,,9.76%,10.42%,,,,,,,0.35%,9.49%,
03-Aug-02,17.86%,9.86%,28.05%,,9.77%,10.43%,,,,,,,0.37%,9.49%,
04-Aug-02,17.83%,9.87%,28.06%,,9.78%,10.44%,,,,,,,0.39%,9.50%,
05-Aug-02,17.80%,9.87%,28.08%,,9.78%,10.46%,,,,,,,0.41%,9.50%,
06-Aug-02,17.77%,9.87%,28.10%,,9.79%,10.47%,,,,,,,0.43%,9.50%,
07-Aug-02,17.74%,9.87%,28.12%,,9.80%,10.48%,,,,,,,0.45%,9.50%,
08-Aug-02,17.70%,9.88%,28.14%,,9.81%,10.49%,,,,,,,0.46%,9.50%,
09-Aug-02,17.67%,9.88%,28.16%,,9.81%,10.50%,,,,,,,0.48%,9.51%,
10-Aug-02,17.64%,9.88%,28.18%,,9.82%,10.52%,,,,,,,0.50%,9.51%,
11-Aug-02,17.61%,9.88%,28.20%,,9.83%,10.53%,,,,,,,0.52%,9.51%,
12-Aug-02,17.58%,9.89%,28.22%,,9.83%,10.54%,,,,,,,0.54%,9.51%,
13-Aug-02,17.55%,9.89%,28.24%,,9.84%,10.55%,,,,,,,0.56%,9.51%,
14-Aug-02,17.52%,9.89%,28.26%,,9.85%,10.56%,,,,,,,0.58%,9.51%,
15-Aug-02,17.49%,9.90%,28.28%,,9.86%,10.58%,,,,,,,0.60%,9.51%,
16-Aug-02,17.45%,9.90%,28.30%,,9.86%,10.59%,,,,,,,0.62%,9.52%,
17-Aug-02,17.42%,9.91%,28.32%,,9.87%,10.60%,,,,,,,0.64%,9.52%,
18-Aug-02,17.39%,9.91%,28.34%,,9.88%,10.61%,,,,,,,0.66%,9.52%,
19-Aug-02,17.36%,9.91%,28.36%,,9.89%,10.62%,,,,,,,0.68%,9.52%,
20-Aug-02,17.32%,9.92%,28.38%,,9.89%,10.63%,,,,,,,0.70%,9.52%,
21-Aug-02,17.29%,9.92%,28.40%,,9.90%,10.64%,,,,,,,0.72%,9.52%,
22-Aug-02,17.26%,9.93%,28.42%,,9.91%,10.65%,,,,,,,0.74%,9.52%,
23-Aug-02,17.23%,9.93%,28.44%,,9.92%,10.66%,,,,,,,0.76%,9.52%,
24-Aug-02,17.19%,9.94%,28.46%,,9.93%,10.67%,,,,,,,0.78%,9.52%,
25-Aug-02,17.16%,9.95%,28.48%,,9.93%,10.69%,,,,,,,0.80%,9.52%,
26-Aug-02,17.12%,9.95%,28.50%,,9.94%,10.70%,,,,,,,0.82%,9.52%,
27-Aug-02,17.09%,9.96%,28.53%,,9.95%,10.71%,,,,,,,0.84%,9.52%,
28-Aug-02,17.05%,9.96%,28.55%,,9.96%,10.72%,,,,,,,0.86%,9.52%,
29-Aug-02,17.02%,9.97%,28.57%,,9.97%,10.73%,,,,,,,0.89%,9.52%,
30-Aug-02,16.98%,9.98%,28.59%,,9.98%,10.74%,,,,,,,0.91%,9.52%,
31-Aug-02,16.95%,9.99%,28.62%,,9.99%,10.74%,,,,,,,0.93%,9.52%,
01-Sep-02,16.91%,10.00%,28.64%,,10.00%,10.75%,,,,,,,0.95%,9.52%,
02-Sep-02,16.88%,10.01%,28.66%,,10.01%,10.76%,,,,,,,0.97%,9.52%,
03-Sep-02,16.84%,10.02%,28.69%,,10.02%,10.77%,,,,,,,0.99%,9.52%,
04-Sep-02,16.80%,10.03%,28.71%,,10.03%,10.78%,,,,,,,1.02%,9.52%,
05-Sep-02,16.76%,10.04%,28.74%,,10.04%,10.79%,,,,,,,1.04%,9.52%,
06-Sep-02,16.73%,10.05%,28.76%,,10.05%,10.80%,,,,,,,1.06%,9.52%,
07-Sep-02,16.69%,10.06%,28.79%,,10.06%,10.81%,,,,,,,1.08%,9.51%,
08-Sep-02,16.65%,10.07%,28.81%,,10.07%,10.81%,,,,,,,1.11%,9.51%,
09-Sep-02,16.61%,10.08%,28.84%,,10.08%,10.82%,,,,,,,1.13%,9.51%,
10-Sep-02,16.57%,10.08%,28.86%,,10.08%,10.83%,,,,,,,1.15%,9.51%,
11-Sep-02,16.53%,10.09%,28.89%,,10.09%,10.84%,,,,,,,1.18%,9.50%,
12-Sep-02,16.49%,10.10%,28.91%,,10.10%,10.85%,,,,,,,1.20%,9.50%,
13-Sep-02,16.45%,10.11%,28.94%,,10.11%,10.86%,,,,,,,1.23%,9.50%,
14-Sep-02,16.41%,10.12%,28.97%,,10.12%,10.87%,,,,,,,1.25%,9.49%,
15-Sep-02,16.43%,10.13%,29.01%,,10.09%,10.87%,,,,,,,1.26%,9.51%,
16-Sep-02,16.46%,10.14%,29.05%,,10.07%,10.87%,,,,,,,1.27%,9.53%,
17-Sep-02,16.48%,10.15%,29.09%,,10.05%,10.87%,,,,,,,1.28%,9.54%,
18-Sep-02,16.51%,10.15%,29.13%,,10.02%,10.87%,,,,,,,1.28%,9.56%,
19-Sep-02,16.54%,10.16%,29.18%,,9.99%,10.87%,,,,,,,1.29%,9.57%,
20-Sep-02,16.56%,10.17%,29.22%,,9.97%,10.87%,,,,,,,1.30%,9.59%,
21-Sep-02,16.59%,10.18%,29.26%,,9.94%,10.87%,,,,,,,1.31%,9.61%,
22-Sep-02,16.62%,10.19%,29.31%,,9.91%,10.87%,,,,,,,1.31%,9.62%,
23-Sep-02,16.65%,10.18%,29.35%,,9.86%,10.86%,,,,,,,1.32%,9.62%,
24-Sep-02,16.69%,10.16%,29.39%,,9.81%,10.85%,,,,,,,1.33%,9.62%,
25-Sep-02,16.72%,10.15%,29.43%,,9.77%,10.84%,,,,,,,1.34%,9.61%,
26-Sep-02,16.76%,10.14%,29.47%,,9.72%,10.82%,,,,,,,1.34%,9.61%,
27-Sep-02,16.80%,10.13%,29.52%,,9.67%,10.81%,,,,,,,1.35%,9.61%,
28-Sep-02,16.84%,10.11%,29.56%,,9.62%,10.80%,,,,,,,1.36%,9.60%,
29-Sep-02,16.87%,10.10%,29.60%,,9.57%,10.79%,,,,,,,1.36%,9.60%,
30-Sep-02,16.91%,10.09%,29.64%,,9.52%,10.78%,,,,,,,1.37%,9.60%,
01-Oct-02,16.95%,10.08%,29.68%,,9.46%,10.77%,,,,,,,1.38%,9.59%,
02-Oct-02,16.99%,10.06%,29.72%,,9.41%,10.76%,,,,,,,1.38%,9.59%,
03-Oct-02,17.03%,10.05%,29.77%,,9.36%,10.75%,,,,,,,1.39%,9.59%,
04-Oct-02,17.07%,10.04%,29.81%,,9.31%,10.74%,,,,,,,1.40%,9.58%,
05-Oct-02,17.11%,10.02%,29.85%,,9.25%,10.73%,,,,,,,1.40%,9.58%,
06-Oct-02,17.16%,10.01%,29.89%,,9.20%,10.71%,,,,,,,1.41%,9.58%,
07-Oct-02,17.20%,10.00%,29.94%,,9.15%,10.70%,,,,,,,1.41%,9.57%,
08-Oct-02,17.25%,9.98%,29.98%,,9.09%,10.69%,,,,,,,1.42%,9.57%,
09-Oct-02,17.29%,9.97%,30.02%,,9.04%,10.68%,,,,,,,1.42%,9.57%,
10-Oct-02,17.34%,9.95%,30.06%,,8.98%,10.66%,,,,,,,1.43%,9.56%,
11-Oct-02,17.38%,9.94%,30.11%,,8.92%,10.65%,,,,,,,1.43%,9.56%,
12-Oct-02,17.43%,9.92%,30.15%,,8.87%,10.64%,,,,,,,1.43%,9.56%,
13-Oct-02,17.48%,9.91%,30.19%,,8.81%,10.63%,,,,,,,1.44%,9.55%,
14-Oct-02,17.53%,9.89%,30.24%,,8.75%,10.61%,,,,,,,1.44%,9.55%,
15-Oct-02,17.58%,9.88%,30.28%,,8.69%,10.60%,,,,,,,1.44%,9.55%,
16-Oct-02,17.63%,9.86%,30.32%,,8.63%,10.59%,,,,,,,1.45%,9.55%,
17-Oct-02,17.69%,9.85%,30.37%,,8.58%,10.57%,,,,,,,1.45%,9.55%,
18-Oct-02,17.74%,9.83%,30.41%,,8.52%,10.56%,,,,,,,1.45%,9.55%,
19-Oct-02,17.79%,9.82%,30.45%,,8.46%,10.55%,,,,,,,1.45%,9.55%,
20-Oct-02,17.85%,9.80%,30.50%,,8.40%,10.53%,,,,,,,1.46%,9.55%,
21-Oct-02,17.91%,9.79%,30.54%,,8.33%,10.52%,,,,,,,1.46%,9.55%,
22-Oct-02,17.97%,9.78%,30.59%,,8.27%,10.50%,,,,,,,1.46%,9.55%,
23-Oct-02,18.06%,9.77%,30.61%,,8.22%,10.49%,,,,,,,1.44%,9.57%,
24-Oct-02,18.14%,9.77%,30.64%,,8.17%,10.48%,,,,,,,1.42%,9.59%,
25-Oct-02,18.23%,9.77%,30.67%,,8.12%,10.47%,,,,,,,1.40%,9.61%,
26-Oct-02,18.31%,9.76%,30.70%,,8.07%,10.45%,,,,,,,1.38%,9.64%,
27-Oct-02,18.40%,9.76%,30.72%,,8.01%,10.44%,,,,,,,1.37%,9.66%,
28-Oct-02,18.49%,9.76%,30.75%,,7.96%,10.43%,,,,,,,1.35%,9.68%,
29-Oct-02,18.57%,9.75%,30.78%,,7.91%,10.42%,,,,,,,1.33%,9.70%,
30-Oct-02,18.66%,9.75%,30.80%,,7.86%,10.41%,,,,,,,1.31%,9.72%,
31-Oct-02,18.75%,9.75%,30.83%,,7.81%,10.39%,,,,,,,1.29%,9.75%,
01-Nov-02,18.83%,9.74%,30.86%,,7.76%,10.38%,,,,,,,1.27%,9.77%,
02-Nov-02,18.92%,9.74%,30.88%,,7.70%,10.37%,,,,,,,1.26%,9.79%,
03-Nov-02,19.01%,9.74%,30.91%,,7.65%,10.36%,,,,,,,1.24%,9.81%,
04-Nov-02,19.09%,9.73%,30.94%,,7.60%,10.34%,,,,,,,1.22%,9.84%,
05-Nov-02,19.18%,9.73%,30.96%,,7.55%,10.33%,,,,,,,1.20%,9.86%,
06-Nov-02,19.27%,9.73%,30.99%,,7.50%,10.32%,,,,,,,1.18%,9.88%,
07-Nov-02,19.35%,9.73%,31.02%,,7.45%,10.31%,,,,,,,1.16%,9.90%,
08-Nov-02,19.44%,9.72%,31.04%,,7.40%,10.29%,,,,,,,1.14%,9.93%,
09-Nov-02,19.53%,9.72%,31.07%,,7.35%,10.28%,,,,,,,1.13%,9.95%,
10-Nov-02,19.62%,9.72%,31.10%,,7.29%,10.27%,,,,,,,1.11%,9.97%,
11-Nov-02,19.70%,9.71%,31.12%,,7.24%,10.26%,,,,,,,1.09%,9.99%,
12-Nov-02,19.79%,9.71%,31.15%,,7.19%,10.25%,,,,,,,1.07%,10.02%,
13-Nov-02,19.88%,9.71%,31.18%,,7.14%,10.23%,,,,,,,1.05%,10.04%,
14-Nov-02,19.96%,9.71%,31.20%,,7.09%,10.22%,,,,,,,1.03%,10.06%,
15-Nov-02,20.05%,9.70%,31.23%,,7.04%,10.21%,,,,,,,1.01%,10.09%,
16-Nov-02,20.14%,9.70%,31.26%,,6.99%,10.20%,,,,,,,0.99%,10.11%,
17-Nov-02,20.23%,9.70%,31.28%,,6.94%,10.18%,,,,,,,0.97%,10.13%,
18-Nov-02,20.32%,9.70%,31.31%,,6.89%,10.17%,,,,,,,0.95%,10.16%,
19-Nov-02,20.40%,9.69%,31.33%,,6.83%,10.16%,,,,,,,0.93%,10.18%,
20-Nov-02,20.49%,9.69%,31.36%,,6.78%,10.15%,,,,,,,0.92%,10.20%,
21-Nov-02,20.58%,9.69%,31.38%,,6.73%,10.14%,,,,,,,0.90%,10.23%,
22-Nov-02,20.67%,9.69%,31.41%,,6.68%,10.12%,,,,,,,0.88%,10.25%,
23-Nov-02,20.76%,9.68%,31.44%,,6.63%,10.11%,,,,,,,0.86%,10.27%,
24-Nov-02,20.84%,9.68%,31.46%,,6.58%,10.10%,,,,,,,0.84%,10.30%,
25-Nov-02,20.93%,9.68%,31.49%,,6.53%,10.09%,,,,,,,0.82%,10.32%,
26-Nov-02,21.02%,9.68%,31.51%,,6.48%,10.08%,,,,,,,0.80%,10.34%,
27-Nov-02,21.11%,9.67%,31.54%,,6.43%,10.06%,,,,,,,0.78%,10.37%,
28-Nov-02,21.20%,9.67%,31.56%,,6.38%,10.05%,,,,,,,0.76%,10.39%,
29-Nov-02,21.29%,9.67%,31.59%,,6.33%,10.04%,,,,,,,0.74%,10.42%,
30-Nov-02,21.38%,9.67%,31.61%,,6.28%,10.03%,,,,,,,0.72%,10.44%,
01-Dec-02,21.47%,9.67%,31.64%,,6.23%,10.01%,,,,,,,0.70%,10.47%,
02-Dec-02,21.56%,9.66%,31.66%,,6.18%,10.00%,,,,,,,0.68%,10.49%,
03-Dec-02,21.64%,9.66%,31.69%,,6.13%,9.99%,,,,,,,0.65%,10.51%,
04-Dec-02,21.73%,9.66%,31.71%,,6.08%,9.98%,,,,,,,0.63%,10.54%,
05-Dec-02,21.82%,9.66%,31.74%,,6.03%,9.97%,,,,,,,0.61%,10.56%,
06-Dec-02,21.91%,9.66%,31.76%,,5.98%,9.95%,,,,,,,0.59%,10.59%,
07-Dec-02,22.01%,9.66%,31.79%,,5.93%,9.94%,,,,,,,0.57%,10.61%,
08-Dec-02,22.10%,9.66%,31.81%,,5.88%,9.93%,,,,,,,0.55%,10.64%,
09-Dec-02,22.19%,9.65%,31.83%,,5.83%,9.92%,,,,,,,0.53%,10.67%,
10-Dec-02,22.28%,9.65%,31.86%,,5.78%,9.91%,,,,,,,0.51%,10.69%,
11-Dec-02,22.37%,9.65%,31.88%,,5.73%,9.89%,,,,,,,0.48%,10.72%,
12-Dec-02,22.46%,9.65%,31.91%,,5.68%,9.88%,,,,,,,0.46%,10.74%,
13-Dec-02,22.55%,9.65%,31.93%,,5.63%,9.87%,,,,,,,0.44%,10.77%,
14-Dec-02,22.64%,9.65%,31.95%,,5.58%,9.86%,,,,,,,0.42%,10.80%,
15-Dec-02,22.74%,9.65%,31.97%,,5.53%,9.85%,,,,,,,0.40%,10.82%,
16-Dec-02,22.83%,9.65%,32.00%,,5.48%,9.84%,,,,,,,0.37%,10.85%,
17-Dec-02,22.92%,9.65%,32.02%,,5.44%,9.82%,,,,,,,0.35%,10.88%,
18-Dec-02,23.01%,9.65%,32.04%,,5.39%,9.81%,,,,,,,0.33%,10.91%,
19-Dec-02,23.11%,9.65%,32.06%,,5.34%,9.80%,,,,,,,0.30%,10.93%,
20-Dec-02,23.20%,9.65%,32.08%,,5.29%,9.79%,,,,,,,0.28%,10.96%,
21-Dec-02,23.30%,9.65%,32.11%,,5.24%,9.78%,,,,,,,0.25%,10.99%,
22-Dec-02,23.39%,9.65%,32.13%,,5.20%,9.77%,,,,,,,0.23%,11.02%,
23-Dec-02,23.49%,9.65%,32.15%,,5.15%,9.75%,,,,,,,0.21%,11.05%,
24-Dec-02,23.52%,9.65%,32.15%,,5.13%,9.75%,,,,,,,0.20%,11.06%,
25-Dec-02,23.55%,9.65%,32.16%,,5.12%,9.75%,,,,,,,0.19%,11.07%,
26-Dec-02,23.58%,9.65%,32.17%,,5.10%,9.74%,,,,,,,0.18%,11.08%,
27-Dec-02,23.61%,9.65%,32.17%,,5.09%,9.74%,,,,,,,0.17%,11.09%,
28-Dec-02,23.63%,9.65%,32.18%,,5.08%,9.74%,,,,,,,0.17%,11.10%,
29-Dec-02,23.66%,9.65%,32.18%,,5.07%,9.73%,,,,,,,0.16%,11.11%,
30-Dec-02,23.69%,9.66%,32.19%,,5.05%,9.73%,,,,,,,0.15%,11.11%,
31-Dec-02,23.71%,9.66%,32.19%,,5.04%,9.73%,,,,,,,0.14%,11.12%,
01-Jan-03,23.74%,9.66%,32.19%,,5.03%,9.73%,,,,,,,0.13%,11.13%,
02-Jan-03,23.76%,9.66%,32.20%,,5.02%,9.72%,,,,,,,0.13%,11.14%,
03-Jan-03,23.79%,9.66%,32.20%,,5.01%,9.72%,,,,,,,0.12%,11.15%,
04-Jan-03,23.81%,9.66%,32.20%,,5.00%,9.72%,,,,,,,0.11%,11.16%,
05-Jan-03,23.84%,9.66%,32.21%,,4.99%,9.72%,,,,,,,0.11%,11.17%,
06-Jan-03,23.86%,9.66%,32.21%,,4.98%,9.71%,,,,,,,0.10%,11.17%,
07-Jan-03,23.88%,9.66%,32.21%,,4.97%,9.71%,,,,,,,0.09%,11.18%,
08-Jan-03,23.90%,9.66%,32.22%,,4.96%,9.71%,,,,,,,0.09%,11.19%,
09-Jan-03,23.93%,9.67%,32.22%,,4.95%,9.71%,,,,,,,0.08%,11.20%,
10-Jan-03,23.95%,9.67%,32.22%,,4.94%,9.70%,,,,,,,0.07%,11.20%,
11-Jan-03,23.97%,9.67%,32.23%,,4.93%,9.70%,,,,,,,0.07%,11.21%,
12-Jan-03,23.99%,9.67%,32.23%,,4.93%,9.70%,,,,,,,0.06%,11.22%,
13-Jan-03,24.01%,9.67%,32.23%,,4.92%,9.70%,,,,,,,0.06%,11.23%,
14-Jan-03,24.02%,9.67%,32.23%,,4.91%,9.70%,,,,,,,0.05%,11.23%,
15-Jan-03,24.04%,9.67%,32.24%,,4.90%,9.69%,,,,,,,0.05%,11.24%,
16-Jan-03,24.06%,9.67%,32.24%,,4.90%,9.69%,,,,,,,0.04%,11.24%,
17-Jan-03,24.08%,9.67%,32.24%,,4.89%,9.69%,,,,,,,0.04%,11.25%,
18-Jan-03,24.09%,9.67%,32.24%,,4.88%,9.69%,,,,,,,0.03%,11.25%,
19-Jan-03,24.10%,9.67%,32.25%,,4.88%,9.69%,,,,,,,0.03%,11.26%,
20-Jan-03,24.12%,9.67%,32.25%,,4.87%,9.69%,,,,,,,0.02%,11.26%,
21-Jan-03,24.13%,9.67%,32.25%,,4.87%,9.68%,,,,,,,0.02%,11.27%,
22-Jan-03,24.14%,9.68%,32.25%,,4.86%,9.68%,,,,,,,0.02%,11.27%,
23-Jan-03,24.15%,9.68%,32.25%,,4.86%,9.68%,,,,,,,0.01%,11.28%,
24-Jan-03,24.16%,9.68%,32.25%,,4.85%,9.68%,,,,,,,0.01%,11.28%,
25-Jan-03,24.17%,9.68%,32.25%,,4.85%,9.68%,,,,,,,0.01%,11.28%,
26-Jan-03,24.18%,9.68%,32.26%,,4.85%,9.68%,,,,,,,0.00%,11.29%,
27-Jan-03,24.18%,9.68%,32.26%,,4.84%,9.68%,,,,,,,0.00%,11.29%,
28-Jan-03,24.19%,9.68%,32.26%,,4.84%,9.68%,,,,,,,0.00%,11.29%,
29-Jan-03,24.19%,9.68%,32.26%,,4.84%,9.68%,,,,,,,0.00%,11.29%,
30-Jan-03,24.19%,9.68%,32.26%,,4.84%,9.68%,,,,,,,0.00%,11.29%,
31-Jan-03,24.19%,9.68%,32.26%,,4.84%,9.68%,,,,,,,0.00%,11.29%,
01-Feb-03,24.19%,9.68%,32.26%,,4.84%,9.68%,,,,,,,0.00%,11.29%,
02-Feb-03,24.19%,9.68%,32.26%,,4.84%,9.68%,,,,,,,0.00%,11.29%,
03-Feb-03,24.19%,9.68%,32.26%,,4.84%,9.68%,,,,,,,0.00%,11.29%,
04-Feb-03,24.19%,9.68%,32.26%,,4.84%,9.68%,,,,,,,0.00%,11.29%,
05-Feb-03,24.19%,9.68%,32.26%,,4.84%,9.68%,,,,,,,0.00%,11.29%,
06-Feb-03,24.19%,9.68%,32.26%,,4.84%,9.68%,,,,,,,0.00%,11.29%,
07-Feb-03,24.19%,9.68%,32.26%,,4.84%,9.68%,,,,,,,0.00%,11.29%,
08-Feb-03,24.19%,9.68%,32.26%,,4.84%,9.68%,,,,,,,0.00%,11.29%,
09-Feb-03,24.19%,9.68%,32.26%,,4.84%,9.68%,,,,,,,0.00%,11.29%,
10-Feb-03,24.19%,9.68%,32.26%,,4.84%,9.68%,,,,,,,0.00%,11.29%,
11-Feb-03,24.19%,9.68%,32.26%,,4.84%,9.68%,,,,,,,0.00%,11.29%,
12-Feb-03,24.19%,9.68%,32.26%,,4.84%,9.68%,,,,,,,0.00%,11.29%,
13-Feb-03,24.19%,9.68%,32.26%,,4.84%,9.68%,,,,,,,0.00%,11.29%,
14-Feb-03,24.19%,9.68%,32.26%,,4.84%,9.68%,,,,,,,0.00%,11.29%,
15-Feb-03,24.11%,9.65%,32.30%,,4.85%,9.63%,,,,,,,0.00%,11.47%,
16-Feb-03,24.03%,9.63%,32.34%,,4.86%,9.58%,,,,,,,0.00%,11.65%,
17-Feb-03,23.94%,9.61%,32.39%,,4.88%,9.53%,,,,,,,0.00%,11.83%,
18-Feb-03,23.86%,9.58%,32.43%,,4.89%,9.49%,,,,,,,0.00%,12.01%,
19-Feb-03,23.78%,9.56%,32.47%,,4.90%,9.44%,,,,,,,0.00%,12.19%,
20-Feb-03,23.69%,9.54%,32.52%,,4.91%,9.39%,,,,,,,0.00%,12.37%,
21-Feb-03,23.61%,9.51%,32.56%,,4.93%,9.34%,,,,,,,0.00%,12.55%,
22-Feb-03,23.53%,9.49%,32.60%,,4.94%,9.29%,,,,,,,0.00%,12.73%,
23-Feb-03,23.44%,9.46%,32.65%,,4.95%,9.25%,,,,,,,0.00%,12.91%,
24-Feb-03,23.36%,9.44%,32.69%,,4.96%,9.20%,,,,,,,0.00%,13.09%,
25-Feb-03,23.28%,9.42%,32.73%,,4.98%,9.15%,,,,,,,0.00%,13.27%,
26-Feb-03,23.19%,9.39%,32.78%,,4.99%,9.10%,,,,,,,0.00%,13.45%,
27-Feb-03,23.11%,9.37%,32.82%,,5.00%,9.05%,,,,,,,0.00%,13.63%,
28-Feb-03,23.03%,9.35%,32.86%,,5.01%,9.01%,,,,,,,0.00%,13.81%,
01-Mar-03,22.94%,9.32%,32.91%,,5.03%,8.96%,,,,,,,0.00%,13.99%,
02-Mar-03,17.69%,13.03%,25.40%,,7.04%,7.31%,,,,,,,2.25%,24.62%,
03-Mar-03,17.69%,13.03%,25.40%,,7.04%,7.31%,,,,,,,2.25%,24.62%,
04-Mar-03,17.69%,13.03%,25.40%,,7.04%,7.31%,,,,,,,2.25%,24.62%,
05-Mar-03,17.69%,13.03%,25.40%,,7.04%,7.31%,,,,,,,2.25%,24.62%,
06-Mar-03,17.69%,13.03%,25.40%,,7.04%,7.31%,,,,,,,2.25%,24.62%,
07-Mar-03,17.69%,13.03%,25.40%,,7.04%,7.31%,,,,,,,2.25%,24.62%,
08-Mar-03,17.69%,13.03%,25.40%,,7.04%,7.31%,,,,,,,2.25%,24.62%,
09-Mar-03,17.69%,13.03%,25.40%,,7.04%,7.31%,,,,,,,2.25%,24.62%,
10-Mar-03,17.69%,13.03%,25.40%,,7.04%,7.31%,,,,,,,2.25%,24.62%,
11-Mar-03,17.69%,13.03%,25.40%,,7.04%,7.31%,,,,,,,2.25%,24.62%,
12-Mar-03,17.69%,13.03%,25.40%,,7.04%,7.31%,,,,,,,2.25%,24.62%,
13-Mar-03,17.69%,13.03%,25.40%,,7.04%,7.31%,,,,,,,2.25%,24.62%,
14-Mar-03,17.69%,13.03%,25.40%,,7.04%,7.31%,,,,,,,2.25%,24.62%,
15-Mar-03,17.69%,13.03%,25.40%,,7.04%,7.31%,,,,,,,2.25%,24.62%,
16-Mar-03,17.69%,13.03%,25.40%,,7.04%,7.31%,,,,,,,2.25%,24.62%,
17-Mar-03,17.69%,13.03%,25.40%,,7.04%,7.31%,,,,,,,2.25%,24.62%,
18-Mar-03,17.69%,13.03%,25.40%,,7.04%,7.31%,,,,,,,2.25%,24.62%,
19-Mar-03,17.69%,13.03%,25.40%,,7.04%,7.31%,,,,,,,2.25%,24.62%,
20-Mar-03,17.69%,13.03%,25.40%,,7.04%,7.31%,,,,,,,2.25%,24.62%,
21-Mar-03,17.69%,13.03%,25.40%,,7.04%,7.31%,,,,,,,2.25%,24.62%,
22-Mar-03,17.69%,13.03%,25.40%,,7.04%,7.31%,,,,,,,2.25%,24.62%,
23-Mar-03,17.69%,13.03%,25.40%,,7.04%,7.31%,,,,,,,2.25%,24.62%,
24-Mar-03,17.69%,13.03%,25.40%,,7.04%,7.31%,,,,,,,2.25%,24.62%,
25-Mar-03,17.69%,13.03%,25.40%,,7.04%,7.31%,,,,,,,2.25%,24.62%,
26-Mar-03,17.69%,13.03%,25.40%,,7.04%,7.31%,,,,,,,2.25%,24.62%,
27-Mar-03,17.69%,13.03%,25.40%,,7.04%,7.31%,,,,,,,2.25%,24.62%,
28-Mar-03,17.69%,13.03%,25.40%,,7.04%,7.31%,,,,,,,2.25%,24.62%,
29-Mar-03,17.69%,13.03%,25.40%,,7.04%,7.31%,,,,,,,2.25%,24.62%,
30-Mar-03,17.69%,13.03%,25.40%,,7.04%,7.31%,,,,,,,2.25%,24.62%,
31-Mar-03,17.69%,13.03%,25.40%,,7.04%,7.31%,,,,,,,2.25%,24.62%,
01-Apr-03,17.69%,13.03%,25.40%,,7.04%,7.31%,,,,,,,2.25%,24.62%,
02-Apr-03,17.69%,13.03%,25.40%,,7.04%,7.31%,,,,,,,2.25%,24.62%,
03-Apr-03,17.69%,13.03%,25.40%,,7.04%,7.31%,,,,,,,2.25%,24.62%,
04-Apr-03,17.69%,13.03%,25.40%,,7.04%,7.31%,,,,,,,2.25%,24.62%,
05-Apr-03,17.69%,13.03%,25.40%,,7.04%,7.31%,,,,,,,2.25%,24.62%,
06-Apr-03,17.69%,13.03%,25.40%,,7.04%,7.31%,,,,,,,2.25%,24.62%,
07-Apr-03,17.69%,13.03%,25.40%,,7.04%,7.31%,,,,,,,2.25%,24.62%,
08-Apr-03,17.69%,13.03%,25.40%,,7.04%,7.31%,,,,,,,2.25%,24.62%,
09-Apr-03,17.69%,13.03%,25.40%,,7.04%,7.31%,,,,,,,2.25%,24.62%,
10-Apr-03,17.69%,13.03%,25.40%,,7.04%,7.31%,,,,,,,2.25%,24.62%,
11-Apr-03,17.69%,13.03%,25.40%,,7.04%,7.31%,,,,,,,2.25%,24.62%,
12-Apr-03,17.69%,13.03%,25.40%,,7.04%,7.31%,,,,,,,2.25%,24.62%,
13-Apr-03,17.69%,13.03%,25.40%,,7.04%,7.31%,,,,,,,2.25%,24.62%,
14-Apr-03,17.69%,13.03%,25.40%,,7.04%,7.31%,,,,,,,2.25%,24.62%,
15-Apr-03,17.69%,13.03%,25.40%,,7.04%,7.31%,,,,,,,2.25%,24.62%,
16-Apr-03,17.69%,13.03%,25.40%,,7.04%,7.31%,,,,,,,2.25%,24.62%,
17-Apr-03,17.69%,13.03%,25.40%,,7.04%,7.31%,,,,,,,2.25%,24.62%,
18-Apr-03,17.69%,13.03%,25.40%,,7.04%,7.31%,,,,,,,2.25%,24.62%,
19-Apr-03,17.69%,13.03%,25.40%,,7.04%,7.31%,,,,,,,2.25%,24.62%,
20-Apr-03,17.69%,13.03%,25.40%,,7.04%,7.31%,,,,,,,2.25%,24.62%,
21-Apr-03,17.69%,13.03%,25.40%,,7.04%,7.31%,,,,,,,2.25%,24.62%,
22-Apr-03,17.69%,13.03%,25.40%,,7.04%,7.31%,,,,,,,2.25%,24.62%,
23-Apr-03,17.69%,13.03%,25.40%,,7.04%,7.31%,,,,,,,2.25%,24.62%,
24-Apr-03,17.69%,13.03%,25.40%,,7.04%,7.31%,,,,,,,2.25%,24.62%,
25-Apr-03,17.69%,13.03%,25.40%,,7.04%,7.31%,,,,,,,2.25%,24.62%,
26-Apr-03,17.69%,13.03%,25.40%,,7.04%,7.31%,,,,,,,2.25%,24.62%,
27-Apr-03,17.69%,13.03%,25.40%,,7.04%,7.31%,,,,,,,2.25%,24.62%,
28-Apr-03,17.69%,13.03%,25.40%,,7.04%,7.31%,,,,,,,2.25%,24.62%,
29-Apr-03,17.69%,13.03%,25.40%,,7.04%,7.31%,,,,,,,2.25%,24.62%,
30-Apr-03,17.69%,13.03%,25.40%,,7.04%,7.31%,,,,,,,2.25%,24.62%,
01-May-03,17.69%,13.03%,25.40%,,7.04%,7.31%,,,,,,,2.25%,24.62%,
02-May-03,17.69%,13.03%,25.40%,,7.04%,7.31%,,,,,,,2.25%,24.62%,
03-May-03,17.69%,13.03%,25.40%,,7.04%,7.31%,,,,,,,2.25%,24.62%,
04-May-03,17.69%,13.03%,25.40%,,7.04%,7.31%,,,,,,,2.25%,24.62%,
05-May-03,17.69%,13.03%,25.40%,,7.04%,7.31%,,,,,,,2.25%,24.62%,
06-May-03,17.69%,13.03%,25.40%,,7.04%,7.31%,,,,,,,2.25%,24.62%,
07-May-03,17.69%,13.03%,25.40%,,7.04%,7.31%,,,,,,,2.25%,24.62%,
08-May-03,17.69%,13.03%,25.40%,,7.04%,7.31%,,,,,,,2.25%,24.62%,
09-May-03,17.69%,13.03%,25.40%,,7.04%,7.31%,,,,,,,2.25%,24.62%,
10-May-03,17.69%,13.03%,25.40%,,7.04%,7.31%,,,,,,,2.25%,24.62%,
11-May-03,17.69%,13.03%,25.40%,,7.04%,7.31%,,,,,,,2.25%,24.62%,
12-May-03,17.69%,13.03%,25.40%,,7.04%,7.31%,,,,,,,2.25%,24.62%,
13-May-03,17.69%,13.03%,25.40%,,7.04%,7.31%,,,,,,,2.25%,24.62%,
14-May-03,17.69%,13.03%,25.40%,,7.04%,7.31%,,,,,,,2.25%,24.62%,
15-May-03,17.69%,13.03%,25.40%,,7.04%,7.31%,,,,,,,2.25%,24.62%,
16-May-03,17.69%,13.03%,25.40%,,7.04%,7.31%,,,,,,,2.25%,24.62%,
17-May-03,17.69%,13.03%,25.40%,,7.04%,7.31%,,,,,,,2.25%,24.62%,
18-May-03,17.69%,13.03%,25.40%,,7.04%,7.31%,,,,,,,2.25%,24.62%,
19-May-03,17.69%,13.03%,25.40%,,7.04%,7.31%,,,,,,,2.25%,24.62%,
20-May-03,17.69%,13.03%,25.40%,,7.04%,7.31%,,,,,,,2.25%,24.62%,
21-May-03,17.69%,13.03%,25.40%,,7.04%,7.31%,,,,,,,2.25%,24.62%,
22-May-03,17.69%,13.03%,25.40%,,7.04%,7.31%,,,,,,,2.25%,24.62%,
23-May-03,17.69%,13.03%,25.40%,,7.04%,7.31%,,,,,,,2.25%,24.62%,
24-May-03,17.69%,13.03%,25.40%,,7.04%,7.31%,,,,,,,2.25%,24.62%,
25-May-03,17.69%,13.03%,25.40%,,7.04%,7.31%,,,,,,,2.25%,24.62%,
26-May-03,17.69%,13.03%,25.40%,,7.04%,7.31%,,,,,,,2.25%,24.62%,
27-May-03,17.69%,13.03%,25.40%,,7.04%,7.31%,,,,,,,2.25%,24.62%,
28-May-03,17.69%,13.03%,25.40%,,7.04%,7.31%,,,,,,,2.25%,24.62%,
29-May-03,17.69%,13.03%,25.40%,,7.04%,7.31%,,,,,,,2.25%,24.62%,
30-May-03,17.69%,13.03%,25.40%,,7.04%,7.31%,,,,,,,2.25%,24.62%,
31-May-03,17.69%,13.03%,25.40%,,7.04%,7.31%,,,,,,,2.25%,24.62%,
01-Jun-03,17.69%,13.03%,25.40%,,7.04%,7.31%,,,,,,,2.25%,24.62%,
02-Jun-03,17.69%,13.03%,25.40%,,7.04%,7.31%,,,,,,,2.25%,24.62%,
03-Jun-03,17.69%,13.03%,25.40%,,7.04%,7.31%,,,,,,,2.25%,24.62%,
04-Jun-03,17.69%,13.03%,25.40%,,7.04%,7.31%,,,,,,,2.25%,24.62%,
05-Jun-03,17.69%,13.03%,25.40%,,7.04%,7.31%,,,,,,,2.25%,24.62%,
06-Jun-03,17.69%,13.03%,25.40%,,7.04%,7.31%,,,,,,,2.25%,24.62%,
07-Jun-03,17.69%,13.03%,25.40%,,7.04%,7.31%,,,,,,,2.25%,24.62%,
08-Jun-03,17.69%,13.03%,25.40%,,7.04%,7.31%,,,,,,,2.25%,24.62%,
09-Jun-03,17.69%,13.03%,25.40%,,7.04%,7.31%,,,,,,,2.25%,24.62%,
10-Jun-03,17.69%,13.03%,25.40%,,7.04%,7.31%,,,,,,,2.25%,24.62%,
11-Jun-03,17.69%,13.03%,25.40%,,7.04%,7.31%,,,,,,,2.25%,24.62%,
12-Jun-03,17.69%,13.03%,25.40%,,7.04%,7.31%,,,,,,,2.25%,24.62%,
13-Jun-03,17.69%,13.03%,25.40%,,7.04%,7.31%,,,,,,,2.25%,24.62%,
14-Jun-03,17.69%,13.03%,25.40%,,7.04%,7.31%,,,,,,,2.25%,24.62%,
15-Jun-03,17.69%,13.03%,25.40%,,7.04%,7.31%,,,,,,,2.25%,24.62%,
16-Jun-03,17.69%,13.03%,25.40%,,7.04%,7.31%,,,,,,,2.25%,24.62%,
17-Jun-03,17.69%,13.03%,25.40%,,7.04%,7.31%,,,,,,,2.25%,24.62%,
18-Jun-03,17.69%,13.03%,25.40%,,7.04%,7.31%,,,,,,,2.25%,24.62%,
19-Jun-03,17.69%,13.03%,25.40%,,7.04%,7.31%,,,,,,,2.25%,24.62%,
20-Jun-03,17.69%,13.03%,25.40%,,7.04%,7.31%,,,,,,,2.25%,24.62%,
21-Jun-03,17.69%,13.03%,25.40%,,7.04%,7.31%,,,,,,,2.25%,24.62%,
22-Jun-03,17.69%,13.03%,25.40%,,7.04%,7.31%,,,,,,,2.25%,24.62%,
23-Jun-03,17.69%,13.03%,25.40%,,7.04%,7.31%,,,,,,,2.25%,24.62%,
24-Jun-03,17.69%,13.03%,25.40%,,7.04%,7.31%,,,,,,,2.25%,24.62%,
25-Jun-03,17.69%,13.03%,25.40%,,7.04%,7.31%,,,,,,,2.25%,24.62%,
26-Jun-03,17.69%,13.03%,25.40%,,7.04%,7.31%,,,,,,,2.25%,24.62%,
27-Jun-03,17.69%,13.03%,25.40%,,7.04%,7.31%,,,,,,,2.25%,24.62%,
28-Jun-03,17.69%,13.03%,25.40%,,7.04%,7.31%,,,,,,,2.25%,24.62%,
29-Jun-03,17.69%,13.03%,25.40%,,7.04%,7.31%,,,,,,,2.25%,24.62%,
30-Jun-03,17.69%,13.03%,25.40%,,7.04%,7.31%,,,,,,,2.25%,24.62%,
01-Jul-03,17.69%,13.03%,25.40%,,7.04%,7.31%,,,,,,,2.25%,24.62%,
02-Jul-03,17.69%,13.03%,25.40%,,7.04%,7.31%,,,,,,,2.25%,24.62%,
03-Jul-03,17.69%,13.03%,25.40%,,7.04%,7.31%,,,,,,,2.25%,24.62%,
04-Jul-03,17.69%,13.03%,25.40%,,7.04%,7.31%,,,,,,,2.25%,24.62%,
05-Jul-03,17.69%,13.03%,25.40%,,7.04%,7.31%,,,,,,,2.25%,24.62%,
06-Jul-03,17.69%,13.03%,25.40%,,7.04%,7.31%,,,,,,,2.25%,24.62%,
07-Jul-03,17.69%,13.03%,25.40%,,7.04%,7.31%,,,,,,,2.25%,24.62%,
08-Jul-03,17.69%,13.03%,25.40%,,7.04%,7.31%,,,,,,,2.25%,24.62%,
09-Jul-03,17.69%,13.03%,25.40%,,7.04%,7.31%,,,,,,,2.25%,24.62%,
10-Jul-03,17.69%,13.03%,25.40%,,7.04%,7.31%,,,,,,,2.25%,24.62%,
11-Jul-03,17.69%,13.03%,25.40%,,7.04%,7.31%,,,,,,,2.25%,24.62%,
12-Jul-03,17.69%,13.03%,25.40%,,7.04%,7.31%,,,,,,,2.25%,24.62%,
13-Jul-03,17.69%,13.03%,25.40%,,7.04%,7.31%,,,,,,,2.25%,24.62%,
14-Jul-03,17.69%,13.03%,25.40%,,7.04%,7.31%,,,,,,,2.25%,24.62%,
15-Jul-03,17.70%,13.00%,25.46%,,7.05%,7.30%,,,,,,,2.23%,24.59%,
16-Jul-03,17.72%,12.97%,25.52%,,7.05%,7.29%,,,,,,,2.21%,24.56%,
17-Jul-03,17.73%,12.94%,25.59%,,7.06%,7.28%,,,,,,,2.18%,24.53%,
18-Jul-03,17.74%,12.91%,25.65%,,7.06%,7.27%,,,,,,,2.16%,24.50%,
19-Jul-03,17.75%,12.88%,25.71%,,7.07%,7.26%,,,,,,,2.14%,24.46%,
20-Jul-03,17.77%,12.86%,25.77%,,7.07%,7.25%,,,,,,,2.12%,24.43%,
21-Jul-03,17.78%,12.83%,25.84%,,7.08%,7.24%,,,,,,,2.09%,24.40%,
22-Jul-03,17.79%,12.80%,25.90%,,7.08%,7.23%,,,,,,,2.07%,24.37%,
23-Jul-03,17.81%,12.77%,25.96%,,7.09%,7.22%,,,,,,,2.05%,24.34%,
24-Jul-03,17.82%,12.74%,26.02%,,7.10%,7.21%,,,,,,,2.03%,24.31%,
25-Jul-03,17.83%,12.71%,26.09%,,7.10%,7.20%,,,,,,,2.00%,24.28%,
26-Jul-03,17.85%,12.68%,26.15%,,7.11%,7.19%,,,,,,,1.98%,24.25%,
27-Jul-03,17.86%,12.65%,26.21%,,7.11%,7.18%,,,,,,,1.96%,24.22%,
28-Jul-03,17.87%,12.62%,26.27%,,7.12%,7.17%,,,,,,,1.94%,24.19%,
29-Jul-03,17.88%,12.59%,26.34%,,7.12%,7.16%,,,,,,,1.91%,24.15%,
30-Jul-03,17.90%,12.57%,26.40%,,7.13%,7.15%,,,,,,,1.89%,24.12%,
31-Jul-03,17.91%,12.54%,26.46%,,7.13%,7.14%,,,,,,,1.87%,24.09%,
01-Aug-03,17.92%,12.51%,26.52%,,7.14%,7.13%,,,,,,,1.85%,24.06%,
02-Aug-03,17.94%,12.48%,26.59%,,7.15%,7.12%,,,,,,,1.82%,24.03%,
03-Aug-03,17.95%,12.45%,26.65%,,7.15%,7.11%,,,,,,,1.80%,24.00%,
04-Aug-03,17.96%,12.42%,26.71%,,7.16%,7.10%,,,,,,,1.78%,23.97%,
05-Aug-03,17.98%,12.39%,26.77%,,7.16%,7.09%,,,,,,,1.76%,23.94%,
06-Aug-03,17.99%,12.36%,26.84%,,7.17%,7.08%,,,,,,,1.73%,23.91%,
07-Aug-03,18.00%,12.33%,26.90%,,7.17%,7.07%,,,,,,,1.71%,23.88%,
08-Aug-03,18.01%,12.30%,26.96%,,7.18%,7.06%,,,,,,,1.69%,23.84%,
09-Aug-03,18.03%,12.28%,27.02%,,7.18%,7.05%,,,,,,,1.67%,23.81%,
10-Aug-03,18.04%,12.25%,27.09%,,7.19%,7.05%,,,,,,,1.64%,23.78%,
11-Aug-03,18.05%,12.22%,27.15%,,7.20%,7.04%,,,,,,,1.62%,23.75%,
12-Aug-03,18.07%,12.19%,27.21%,,7.20%,7.03%,,,,,,,1.60%,23.72%,
13-Aug-03,18.08%,12.16%,27.27%,,7.21%,7.02%,,,,,,,1.58%,23.69%,
14-Aug-03,18.09%,12.13%,27.34%,,7.21%,7.01%,,,,,,,1.55%,23.66%,
15-Aug-03,18.10%,12.10%,27.37%,,7.20%,7.02%,,,,,,,1.53%,23.64%,
16-Aug-03,18.10%,12.07%,27.40%,,7.19%,7.03%,,,,,,,1.51%,23.63%,
17-Aug-03,18.11%,12.04%,27.43%,,7.18%,7.04%,,,,,,,1.49%,23.61%,
18-Aug-03,18.11%,12.01%,27.47%,,7.17%,7.06%,,,,,,,1.46%,23.59%,
19-Aug-03,18.12%,11.98%,27.50%,,7.16%,7.07%,,,,,,,1.44%,23.58%,
20-Aug-03,18.12%,11.96%,27.53%,,7.16%,7.08%,,,,,,,1.42%,23.56%,
21-Aug-03,18.13%,11.93%,27.56%,,7.15%,7.10%,,,,,,,1.40%,23.55%,
22-Aug-03,18.14%,11.90%,27.59%,,7.14%,7.11%,,,,,,,1.37%,23.53%,
23-Aug-03,18.14%,11.87%,27.63%,,7.13%,7.12%,,,,,,,1.35%,23.52%,
24-Aug-03,18.15%,11.84%,27.66%,,7.12%,7.13%,,,,,,,1.33%,23.50%,
25-Aug-03,18.15%,11.81%,27.69%,,7.11%,7.15%,,,,,,,1.31%,23.48%,
26-Aug-03,18.16%,11.78%,27.72%,,7.10%,7.16%,,,,,,,1.28%,23.47%,
27-Aug-03,18.16%,11.75%,27.75%,,7.09%,7.17%,,,,,,,1.26%,23.45%,
28-Aug-03,18.17%,11.72%,27.79%,,7.08%,7.19%,,,,,,,1.24%,23.44%,
29-Aug-03,18.17%,11.69%,27.82%,,7.07%,7.20%,,,,,,,1.22%,23.42%,
30-Aug-03,18.18%,11.67%,27.85%,,7.06%,7.21%,,,,,,,1.19%,23.41%,
31-Aug-03,18.18%,11.64%,27.88%,,7.05%,7.23%,,,,,,,1.17%,23.39%,
01-Sep-03,18.19%,11.61%,27.91%,,7.04%,7.24%,,,,,,,1.15%,23.38%,
02-Sep-03,18.19%,11.58%,27.94%,,7.03%,7.25%,,,,,,,1.13%,23.36%,
03-Sep-03,18.20%,11.55%,27.97%,,7.02%,7.27%,,,,,,,1.10%,23.34%,
04-Sep-03,18.20%,11.52%,28.00%,,7.01%,7.28%,,,,,,,1.08%,23.33%,
05-Sep-03,18.21%,11.49%,28.04%,,7.00%,7.30%,,,,,,,1.06%,23.31%,
06-Sep-03,18.21%,11.46%,28.07%,,6.99%,7.31%,,,,,,,1.04%,23.30%,
07-Sep-03,18.22%,11.43%,28.10%,,6.98%,7.32%,,,,,,,1.01%,23.28%,
08-Sep-03,18.22%,11.40%,28.13%,,6.97%,7.34%,,,,,,,0.99%,23.27%,
09-Sep-03,18.23%,11.38%,28.16%,,6.96%,7.35%,,,,,,,0.97%,23.25%,
10-Sep-03,18.23%,11.35%,28.19%,,6.95%,7.37%,,,,,,,0.94%,23.24%,
11-Sep-03,18.24%,11.32%,28.22%,,6.93%,7.38%,,,,,,,0.92%,23.22%,
12-Sep-03,18.24%,11.29%,28.25%,,6.92%,7.39%,,,,,,,0.90%,23.21%,
13-Sep-03,18.25%,11.26%,28.28%,,6.91%,7.41%,,,,,,,0.88%,23.19%,
14-Sep-03,18.25%,11.23%,28.31%,,6.90%,7.42%,,,,,,,0.86%,23.18%,
15-Sep-03,18.28%,11.19%,28.32%,,6.89%,7.43%,,,,,,,0.83%,23.17%,
16-Sep-03,18.31%,11.15%,28.33%,,6.88%,7.44%,,,,,,,0.81%,23.16%,
17-Sep-03,18.34%,11.11%,28.34%,,6.88%,7.45%,,,,,,,0.79%,23.15%,
18-Sep-03,18.36%,11.06%,28.34%,,6.87%,7.46%,,,,,,,0.77%,23.14%,
19-Sep-03,18.39%,11.02%,28.35%,,6.86%,7.47%,,,,,,,0.74%,23.13%,
20-Sep-03,18.42%,10.98%,28.36%,,6.85%,7.48%,,,,,,,0.72%,23.12%,
21-Sep-03,18.45%,10.94%,28.37%,,6.84%,7.49%,,,,,,,0.70%,23.11%,
22-Sep-03,18.47%,10.90%,28.38%,,6.83%,7.50%,,,,,,,0.68%,23.10%,
23-Sep-03,18.50%,10.86%,28.38%,,6.82%,7.51%,,,,,,,0.65%,23.09%,
24-Sep-03,18.53%,10.81%,28.39%,,6.81%,7.51%,,,,,,,0.63%,23.08%,
25-Sep-03,18.56%,10.77%,28.40%,,6.80%,7.52%,,,,,,,0.61%,23.07%,
26-Sep-03,18.58%,10.73%,28.40%,,6.79%,7.53%,,,,,,,0.59%,23.06%,
27-Sep-03,18.61%,10.69%,28.41%,,6.78%,7.54%,,,,,,,0.56%,23.05%,
28-Sep-03,18.64%,10.65%,28.42%,,6.77%,7.55%,,,,,,,0.54%,23.04%,
29-Sep-03,18.67%,10.60%,28.42%,,6.76%,7.56%,,,,,,,0.52%,23.03%,
30-Sep-03,18.70%,10.56%,28.43%,,6.75%,7.57%,,,,,,,0.50%,23.02%,
01-Oct-03,18.73%,10.52%,28.43%,,6.75%,7.58%,,,,,,,0.47%,23.01%,
02-Oct-03,18.76%,10.48%,28.44%,,6.74%,7.59%,,,,,,,0.45%,23.00%,
03-Oct-03,18.79%,10.43%,28.44%,,6.73%,7.60%,,,,,,,0.43%,22.99%,
04-Oct-03,18.82%,10.39%,28.45%,,6.72%,7.61%,,,,,,,0.41%,22.98%,
05-Oct-03,18.84%,10.35%,28.45%,,6.71%,7.62%,,,,,,,0.38%,22.98%,
06-Oct-03,18.87%,10.31%,28.46%,,6.70%,7.63%,,,,,,,0.36%,22.97%,
07-Oct-03,18.90%,10.26%,28.46%,,6.69%,7.64%,,,,,,,0.34%,22.96%,
08-Oct-03,18.93%,10.22%,28.46%,,6.68%,7.65%,,,,,,,0.32%,22.95%,
09-Oct-03,18.96%,10.18%,28.47%,,6.67%,7.66%,,,,,,,0.29%,22.94%,
10-Oct-03,18.99%,10.13%,28.47%,,6.66%,7.67%,,,,,,,0.27%,22.93%,
11-Oct-03,19.02%,10.09%,28.47%,,6.65%,7.68%,,,,,,,0.25%,22.93%,
12-Oct-03,19.06%,10.05%,28.47%,,6.64%,7.69%,,,,,,,0.23%,22.92%,
13-Oct-03,19.09%,10.00%,28.47%,,6.63%,7.70%,,,,,,,0.20%,22.91%,
14-Oct-03,19.12%,9.96%,28.47%,,6.62%,7.71%,,,,,,,0.18%,22.90%,
15-Oct-03,19.15%,9.91%,28.47%,,6.61%,7.72%,,,,,,,0.16%,22.90%,
16-Oct-03,19.18%,9.87%,28.47%,,6.59%,7.73%,,,,,,,0.14%,22.89%,
17-Oct-03,19.21%,9.82%,28.47%,,6.58%,7.74%,,,,,,,0.11%,22.88%,
18-Oct-03,19.25%,9.78%,28.47%,,6.57%,7.75%,,,,,,,0.09%,22.87%,
19-Oct-03,19.28%,9.74%,28.47%,,6.56%,7.76%,,,,,,,0.07%,22.87%,
20-Oct-03,19.31%,9.69%,28.47%,,6.55%,7.77%,,,,,,,0.05%,22.86%,
21-Oct-03,19.34%,9.64%,28.46%,,6.54%,7.78%,,,,,,,0.02%,22.85%,
22-Oct-03,19.37%,9.60%,28.45%,,6.55%,7.79%,,,,,,,0.00%,22.86%,
23-Oct-03,19.37%,9.59%,28.37%,,6.55%,7.80%,,,,,,,0.00%,22.89%,
24-Oct-03,19.38%,9.58%,28.29%,,6.55%,7.81%,,,,,,,0.00%,22.92%,
25-Oct-03,19.39%,9.57%,28.21%,,6.55%,7.82%,,,,,,,0.00%,22.95%,
26-Oct-03,19.40%,9.55%,28.13%,,6.55%,7.83%,,,,,,,0.00%,22.98%,
27-Oct-03,19.41%,9.54%,28.05%,,6.55%,7.85%,,,,,,,0.00%,23.02%,
28-Oct-03,19.42%,9.53%,27.97%,,6.55%,7.86%,,,,,,,0.00%,23.05%,
29-Oct-03,19.43%,9.52%,27.89%,,6.55%,7.87%,,,,,,,0.00%,23.08%,
30-Oct-03,19.43%,9.50%,27.81%,,6.56%,7.88%,,,,,,,0.00%,23.11%,
31-Oct-03,19.44%,9.49%,27.73%,,6.56%,7.89%,,,,,,,0.00%,23.14%,
01-Nov-03,19.45%,9.48%,27.65%,,6.56%,7.90%,,,,,,,0.00%,23.18%,
02-Nov-03,19.46%,9.47%,27.57%,,6.56%,7.91%,,,,,,,0.00%,23.21%,
03-Nov-03,19.47%,9.45%,27.49%,,6.56%,7.92%,,,,,,,0.00%,23.24%,
04-Nov-03,19.48%,9.44%,27.41%,,6.57%,7.93%,,,,,,,0.00%,23.27%,
05-Nov-03,19.49%,9.43%,27.33%,,6.57%,7.94%,,,,,,,0.00%,23.31%,
06-Nov-03,19.50%,9.42%,27.25%,,6.57%,7.95%,,,,,,,0.00%,23.34%,
07-Nov-03,19.51%,9.40%,27.17%,,6.58%,7.96%,,,,,,,0.00%,23.37%,
08-Nov-03,19.51%,9.39%,27.09%,,6.58%,7.97%,,,,,,,0.00%,23.40%,
09-Nov-03,19.52%,9.38%,27.00%,,6.58%,7.98%,,,,,,,0.00%,23.44%,
10-Nov-03,19.53%,9.37%,26.92%,,6.59%,7.99%,,,,,,,0.00%,23.47%,
11-Nov-03,19.54%,9.35%,26.84%,,6.59%,8.00%,,,,,,,0.00%,23.50%,
12-Nov-03,19.55%,9.34%,26.76%,,6.60%,8.01%,,,,,,,0.00%,23.54%,
13-Nov-03,19.56%,9.33%,26.68%,,6.60%,8.02%,,,,,,,0.00%,23.57%,
14-Nov-03,19.57%,9.32%,26.59%,,6.60%,8.03%,,,,,,,0.00%,23.60%,
15-Nov-03,19.58%,9.30%,26.51%,,6.61%,8.04%,,,,,,,0.00%,23.64%,
16-Nov-03,19.59%,9.29%,26.43%,,6.61%,8.05%,,,,,,,0.00%,23.67%,
17-Nov-03,19.60%,9.28%,26.34%,,6.62%,8.06%,,,,,,,0.00%,23.70%,
18-Nov-03,19.61%,9.26%,26.26%,,6.63%,8.06%,,,,,,,0.00%,23.74%,
19-Nov-03,19.62%,9.25%,26.18%,,6.63%,8.07%,,,,,,,0.00%,23.77%,
20-Nov-03,19.63%,9.24%,26.09%,,6.64%,8.08%,,,,,,,0.00%,23.80%,
21-Nov-03,19.63%,9.22%,26.01%,,6.65%,8.09%,,,,,,,0.00%,23.84%,
22-Nov-03,19.64%,9.21%,25.92%,,6.65%,8.09%,,,,,,,0.00%,23.87%,
23-Nov-03,19.66%,9.20%,25.87%,,6.68%,8.08%,,,,,,,0.00%,23.89%,
24-Nov-03,19.68%,9.18%,25.81%,,6.70%,8.06%,,,,,,,0.00%,23.91%,
25-Nov-03,19.70%,9.17%,25.76%,,6.72%,8.04%,,,,,,,0.00%,23.93%,
26-Nov-03,19.71%,9.16%,25.70%,,6.75%,8.03%,,,,,,,0.00%,23.95%,
27-Nov-03,19.73%,9.14%,25.65%,,6.77%,8.01%,,,,,,,0.00%,23.97%,
28-Nov-03,19.74%,9.13%,25.59%,,6.79%,7.99%,,,,,,,0.00%,23.99%,
29-Nov-03,19.76%,9.12%,25.53%,,6.82%,7.98%,,,,,,,0.00%,24.01%,
30-Nov-03,19.78%,9.11%,25.48%,,6.84%,7.96%,,,,,,,0.00%,24.02%,
01-Dec-03,19.79%,9.09%,25.42%,,6.87%,7.94%,,,,,,,0.00%,24.04%,
02-Dec-03,19.81%,9.08%,25.37%,,6.89%,7.93%,,,,,,,0.00%,24.06%,
03-Dec-03,19.82%,9.07%,25.31%,,6.92%,7.91%,,,,,,,0.00%,24.08%,
04-Dec-03,19.84%,9.05%,25.26%,,6.94%,7.89%,,,,,,,0.00%,24.10%,
05-Dec-03,19.85%,9.04%,25.20%,,6.97%,7.87%,,,,,,,0.00%,24.12%,
06-Dec-03,19.86%,9.03%,25.14%,,7.00%,7.86%,,,,,,,0.00%,24.14%,
07-Dec-03,19.87%,9.02%,25.09%,,7.03%,7.84%,,,,,,,0.00%,24.16%,
08-Dec-03,19.88%,9.01%,25.03%,,7.06%,7.82%,,,,,,,0.00%,24.19%,
09-Dec-03,19.89%,9.00%,24.97%,,7.09%,7.80%,,,,,,,0.00%,24.21%,
10-Dec-03,19.90%,8.99%,24.91%,,7.12%,7.78%,,,,,,,0.00%,24.23%,
11-Dec-03,19.90%,8.99%,24.86%,,7.15%,7.76%,,,,,,,0.00%,24.25%,
12-Dec-03,19.91%,8.98%,24.80%,,7.18%,7.74%,,,,,,,0.00%,24.27%,
13-Dec-03,19.92%,8.97%,24.74%,,7.21%,7.72%,,,,,,,0.00%,24.29%,
14-Dec-03,19.93%,8.96%,24.68%,,7.24%,7.70%,,,,,,,0.00%,24.32%,
15-Dec-03,19.93%,8.95%,24.63%,,7.27%,7.68%,,,,,,,0.00%,24.34%,
16-Dec-03,19.94%,8.94%,24.57%,,7.30%,7.66%,,,,,,,0.00%,24.36%,
17-Dec-03,19.95%,8.93%,24.51%,,7.33%,7.64%,,,,,,,0.00%,24.38%,
18-Dec-03,19.95%,8.92%,24.45%,,7.37%,7.62%,,,,,,,0.00%,24.40%,
19-Dec-03,19.96%,8.91%,24.40%,,7.40%,7.60%,,,,,,,0.00%,24.42%,
20-Dec-03,19.97%,8.91%,24.34%,,7.43%,7.58%,,,,,,,0.00%,24.44%,
21-Dec-03,19.97%,8.90%,24.28%,,7.46%,7.56%,,,,,,,0.00%,24.47%,
22-Dec-03,19.98%,8.89%,24.23%,,7.50%,7.54%,,,,,,,0.00%,24.49%,
23-Dec-03,19.98%,8.88%,24.17%,,7.53%,7.52%,,,,,,,0.00%,24.51%,
24-Dec-03,19.97%,8.88%,24.13%,,7.56%,7.50%,,,,,,,0.00%,24.53%,
25-Dec-03,19.95%,8.89%,24.10%,,7.59%,7.49%,,,,,,,0.00%,24.54%,
26-Dec-03,19.93%,8.89%,24.06%,,7.63%,7.47%,,,,,,,0.00%,24.56%,
27-Dec-03,19.91%,8.90%,24.02%,,7.66%,7.46%,,,,,,,0.00%,24.58%,
28-Dec-03,19.90%,8.90%,23.99%,,7.69%,7.44%,,,,,,,0.00%,24.60%,
29-Dec-03,19.88%,8.91%,23.95%,,7.72%,7.43%,,,,,,,0.00%,24.61%,
30-Dec-03,19.86%,8.91%,23.92%,,7.75%,7.41%,,,,,,,0.00%,24.63%,
31-Dec-03,19.84%,8.92%,23.88%,,7.79%,7.40%,,,,,,,0.00%,24.65%,
01-Jan-04,19.82%,8.92%,23.85%,,7.82%,7.38%,,,,,,,0.00%,24.67%,
02-Jan-04,19.81%,8.93%,23.81%,,7.85%,7.36%,,,,,,,0.00%,24.68%,
03-Jan-04,19.79%,8.93%,23.78%,,7.88%,7.35%,,,,,,,0.00%,24.70%,
04-Jan-04,19.77%,8.94%,23.75%,,7.92%,7.33%,,,,,,,0.00%,24.72%,
05-Jan-04,19.75%,8.94%,23.71%,,7.95%,7.32%,,,,,,,0.00%,24.73%,
06-Jan-04,19.73%,8.95%,23.68%,,7.98%,7.30%,,,,,,,0.00%,24.75%,
07-Jan-04,19.71%,8.95%,23.65%,,8.01%,7.28%,,,,,,,0.00%,24.77%,
08-Jan-04,19.69%,8.96%,23.61%,,8.04%,7.27%,,,,,,,0.00%,24.78%,
09-Jan-04,19.68%,8.96%,23.58%,,8.08%,7.25%,,,,,,,0.00%,24.80%,
10-Jan-04,19.66%,8.97%,23.55%,,8.11%,7.24%,,,,,,,0.00%,24.81%,
11-Jan-04,19.64%,8.97%,23.51%,,8.14%,7.22%,,,,,,,0.00%,24.83%,
12-Jan-04,19.62%,8.98%,23.48%,,8.18%,7.20%,,,,,,,0.00%,24.85%,
13-Jan-04,19.60%,8.99%,23.45%,,8.21%,7.19%,,,,,,,0.00%,24.86%,
14-Jan-04,19.58%,8.99%,23.42%,,8.24%,7.17%,,,,,,,0.00%,24.88%,
15-Jan-04,19.56%,9.00%,23.39%,,8.27%,7.16%,,,,,,,0.00%,24.89%,
16-Jan-04,19.54%,9.00%,23.36%,,8.31%,7.14%,,,,,,,0.00%,24.91%,
17-Jan-04,19.52%,9.01%,23.33%,,8.34%,7.12%,,,,,,,0.00%,24.93%,
18-Jan-04,19.50%,9.02%,23.30%,,8.37%,7.11%,,,,,,,0.00%,24.94%,
19-Jan-04,19.48%,9.02%,23.27%,,8.41%,7.09%,,,,,,,0.00%,24.96%,
20-Jan-04,19.46%,9.03%,23.24%,,8.44%,7.07%,,,,,,,0.00%,24.97%,
21-Jan-04,19.43%,9.04%,23.21%,,8.47%,7.06%,,,,,,,0.00%,24.99%,
22-Jan-04,19.41%,9.04%,23.18%,,8.51%,7.04%,,,,,,,0.00%,25.00%,
23-Jan-04,19.39%,9.05%,23.16%,,8.54%,7.02%,,,,,,,0.00%,25.01%,
24-Jan-04,19.37%,9.06%,23.13%,,8.57%,7.01%,,,,,,,0.00%,25.03%,
25-Jan-04,19.35%,9.07%,23.10%,,8.61%,6.99%,,,,,,,0.00%,25.04%,
26-Jan-04,19.32%,9.07%,23.08%,,8.64%,6.97%,,,,,,,0.00%,25.06%,
27-Jan-04,19.30%,9.08%,23.05%,,8.67%,6.95%,,,,,,,0.00%,25.07%,
28-Jan-04,19.28%,9.09%,23.03%,,8.71%,6.94%,,,,,,,0.00%,25.08%,
29-Jan-04,19.25%,9.10%,23.00%,,8.74%,6.92%,,,,,,,0.00%,25.10%,
30-Jan-04,19.24%,9.10%,22.99%,,8.76%,6.91%,,,,,,,0.00%,25.10%,
31-Jan-04,19.23%,9.11%,22.98%,,8.77%,6.90%,,,,,,,0.00%,25.11%,
01-Feb-04,19.22%,9.11%,22.97%,,8.79%,6.89%,,,,,,,0.00%,25.12%,
02-Feb-04,19.21%,9.12%,22.96%,,8.81%,6.89%,,,,,,,0.00%,25.12%,
03-Feb-04,19.20%,9.12%,22.95%,,8.82%,6.88%,,,,,,,0.00%,25.13%,
04-Feb-04,19.18%,9.12%,22.94%,,8.84%,6.87%,,,,,,,0.00%,25.14%,
05-Feb-04,19.17%,9.13%,22.93%,,8.86%,6.86%,,,,,,,0.00%,25.14%,
06-Feb-04,19.16%,9.13%,22.92%,,8.87%,6.85%,,,,,,,0.00%,25.15%,
07-Feb-04,19.15%,9.14%,22.91%,,8.89%,6.85%,,,,,,,0.00%,25.15%,
08-Feb-04,19.14%,9.14%,22.90%,,8.90%,6.84%,,,,,,,0.00%,25.16%,
09-Feb-04,19.12%,9.15%,22.89%,,8.92%,6.83%,,,,,,,0.00%,25.16%,
10-Feb-04,19.11%,9.15%,22.88%,,8.93%,6.82%,,,,,,,0.00%,25.17%,
11-Feb-04,19.10%,9.16%,22.87%,,8.95%,6.82%,,,,,,,0.00%,25.18%,
12-Feb-04,19.09%,9.16%,22.86%,,8.96%,6.81%,,,,,,,0.00%,25.18%,
13-Feb-04,19.08%,9.16%,22.85%,,8.98%,6.80%,,,,,,,0.00%,25.19%,
14-Feb-04,19.06%,9.17%,22.84%,,8.99%,6.79%,,,,,,,0.00%,25.19%,
15-Feb-04,19.05%,9.17%,22.84%,,9.01%,6.79%,,,,,,,0.00%,25.20%,
16-Feb-04,19.04%,9.18%,22.83%,,9.02%,6.78%,,,,,,,0.00%,25.20%,
17-Feb-04,19.03%,9.18%,22.82%,,9.03%,6.77%,,,,,,,0.00%,25.21%,
18-Feb-04,19.02%,9.19%,22.81%,,9.05%,6.77%,,,,,,,0.00%,25.21%,
19-Feb-04,19.00%,9.19%,22.80%,,9.06%,6.76%,,,,,,,0.00%,25.22%,
20-Feb-04,18.99%,9.20%,22.80%,,9.07%,6.76%,,,,,,,0.00%,25.23%,
21-Feb-04,18.98%,9.20%,22.79%,,9.09%,6.75%,,,,,,,0.00%,25.23%,
22-Feb-04,18.97%,9.21%,22.78%,,9.10%,6.75%,,,,,,,0.00%,25.24%,
23-Feb-04,18.95%,9.21%,22.77%,,9.11%,6.74%,,,,,,,0.00%,25.24%,
24-Feb-04,18.94%,9.22%,22.77%,,9.12%,6.74%,,,,,,,0.00%,25.24%,
25-Feb-04,18.93%,9.22%,22.76%,,9.14%,6.73%,,,,,,,0.00%,25.25%,
26-Feb-04,18.92%,9.23%,22.75%,,9.15%,6.73%,,,,,,,0.00%,25.25%,
27-Feb-04,18.90%,9.23%,22.75%,,9.16%,6.72%,,,,,,,0.00%,25.26%,
28-Feb-04,18.89%,9.24%,22.74%,,9.17%,6.72%,,,,,,,0.00%,25.26%,
29-Feb-04,18.88%,9.24%,22.74%,,9.18%,6.71%,,,,,,,0.00%,25.27%,
01-Mar-04,18.87%,9.25%,22.73%,,9.19%,6.71%,,,,,,,0.00%,25.27%,
02-Mar-04,18.85%,9.25%,22.73%,,9.20%,6.71%,,,,,,,0.00%,25.28%,
03-Mar-04,18.84%,9.26%,22.72%,,9.21%,6.71%,,,,,,,0.00%,25.28%,
04-Mar-04,18.83%,9.27%,22.72%,,9.22%,6.70%,,,,,,,0.00%,25.28%,
05-Mar-04,18.81%,9.27%,22.72%,,9.23%,6.70%,,,,,,,0.00%,25.29%,
06-Mar-04,18.80%,9.28%,22.71%,,9.23%,6.70%,,,,,,,0.00%,25.29%,
07-Mar-04,18.79%,9.28%,22.71%,,9.24%,6.69%,,,,,,,0.00%,25.29%,
08-Mar-04,18.78%,9.29%,22.70%,,9.25%,6.69%,,,,,,,0.00%,25.30%,
09-Mar-04,18.77%,9.29%,22.70%,,9.26%,6.69%,,,,,,,0.00%,25.30%,
10-Mar-04,18.76%,9.30%,22.70%,,9.27%,6.69%,,,,,,,0.00%,25.31%,
11-Mar-04,18.74%,9.30%,22.69%,,9.28%,6.68%,,,,,,,0.00%,25.31%,
12-Mar-04,18.73%,9.31%,22.69%,,9.28%,6.68%,,,,,,,0.00%,25.31%,
13-Mar-04,18.72%,9.31%,22.69%,,9.29%,6.68%,,,,,,,0.00%,25.32%,
14-Mar-04,18.71%,9.31%,22.68%,,9.30%,6.68%,,,,,,,0.00%,25.32%,
15-Mar-04,18.70%,9.34%,22.66%,,9.33%,6.67%,,,,,,,0.00%,25.28%,
16-Mar-04,18.68%,9.36%,22.63%,,9.35%,6.66%,,,,,,,0.00%,25.25%,
17-Mar-04,18.66%,9.39%,22.61%,,9.38%,6.65%,,,,,,,0.00%,25.22%,
18-Mar-04,18.65%,9.41%,22.58%,,9.40%,6.64%,,,,,,,0.00%,25.18%,
19-Mar-04,18.63%,9.44%,22.56%,,9.43%,6.63%,,,,,,,0.00%,25.15%,
20-Mar-04,18.61%,9.46%,22.53%,,9.45%,6.62%,,,,,,,0.00%,25.11%,
21-Mar-04,18.60%,9.48%,22.51%,,9.48%,6.61%,,,,,,,0.00%,25.08%,
22-Mar-04,18.58%,9.51%,22.48%,,9.50%,6.60%,,,,,,,0.00%,25.04%,
23-Mar-04,18.57%,9.53%,22.46%,,9.53%,6.59%,,,,,,,0.00%,25.01%,
24-Mar-04,18.55%,9.55%,22.43%,,9.55%,6.58%,,,,,,,0.00%,24.97%,
25-Mar-04,18.53%,9.58%,22.41%,,9.58%,6.57%,,,,,,,0.00%,24.94%,
26-Mar-04,18.52%,9.60%,22.38%,,9.60%,6.56%,,,,,,,0.00%,24.90%,
27-Mar-04,18.51%,9.63%,22.36%,,9.62%,6.55%,,,,,,,0.00%,24.86%,
28-Mar-04,18.49%,9.65%,22.33%,,9.65%,6.55%,,,,,,,0.00%,24.83%,
29-Mar-04,18.48%,9.67%,22.31%,,9.67%,6.54%,,,,,,,0.00%,24.79%,
30-Mar-04,18.46%,9.69%,22.29%,,9.69%,6.53%,,,,,,,0.00%,24.76%,
31-Mar-04,18.45%,9.72%,22.26%,,9.72%,6.52%,,,,,,,0.00%,24.72%,
01-Apr-04,18.44%,9.74%,22.24%,,9.74%,6.51%,,,,,,,0.00%,24.69%,
02-Apr-04,18.42%,9.76%,22.22%,,9.76%,6.50%,,,,,,,0.00%,24.65%,
03-Apr-04,18.41%,9.79%,22.19%,,9.79%,6.49%,,,,,,,0.00%,24.61%,
04-Apr-04,18.40%,9.81%,22.17%,,9.81%,6.48%,,,,,,,0.00%,24.58%,
05-Apr-04,18.39%,9.83%,22.14%,,9.83%,6.48%,,,,,,,0.00%,24.54%,
06-Apr-04,18.37%,9.85%,22.12%,,9.85%,6.47%,,,,,,,0.00%,24.51%,
07-Apr-04,18.36%,9.88%,22.10%,,9.88%,6.46%,,,,,,,0.00%,24.47%,
08-Apr-04,18.35%,9.90%,22.07%,,9.90%,6.45%,,,,,,,0.00%,24.43%,
09-Apr-04,18.34%,9.92%,22.05%,,9.92%,6.44%,,,,,,,0.00%,24.40%,
10-Apr-04,18.32%,9.94%,22.02%,,9.94%,6.43%,,,,,,,0.00%,24.36%,
11-Apr-04,18.31%,9.97%,22.00%,,9.97%,6.42%,,,,,,,0.00%,24.33%,
12-Apr-04,18.30%,9.99%,21.98%,,9.99%,6.41%,,,,,,,0.00%,24.29%,
13-Apr-04,18.28%,10.01%,21.95%,,10.01%,6.41%,,,,,,,0.00%,24.26%,
14-Apr-04,18.27%,10.03%,21.93%,,10.03%,6.40%,,,,,,,0.00%,24.22%,
15-Apr-04,18.28%,10.06%,21.92%,,10.04%,6.40%,,,,,,,0.00%,24.19%,
16-Apr-04,18.29%,10.09%,21.91%,,10.05%,6.39%,,,,,,,0.00%,24.16%,
17-Apr-04,18.30%,10.11%,21.90%,,10.05%,6.39%,,,,,,,0.00%,24.13%,
18-Apr-04,18.31%,10.14%,21.89%,,10.06%,6.39%,,,,,,,0.00%,24.10%,
19-Apr-04,18.32%,10.17%,21.89%,,10.06%,6.39%,,,,,,,0.00%,24.07%,
20-Apr-04,18.33%,10.19%,21.88%,,10.07%,6.39%,,,,,,,0.00%,24.04%,
21-Apr-04,18.33%,10.22%,21.87%,,10.07%,6.39%,,,,,,,0.00%,24.01%,
22-Apr-04,18.34%,10.25%,21.86%,,10.08%,6.39%,,,,,,,0.00%,23.98%,
23-Apr-04,18.35%,10.27%,21.85%,,10.09%,6.38%,,,,,,,0.00%,23.95%,
24-Apr-04,18.36%,10.30%,21.84%,,10.09%,6.38%,,,,,,,0.00%,23.92%,
25-Apr-04,18.37%,10.33%,21.83%,,10.10%,6.38%,,,,,,,0.00%,23.89%,
26-Apr-04,18.38%,10.35%,21.83%,,10.10%,6.38%,,,,,,,0.00%,23.86%,
27-Apr-04,18.39%,10.38%,21.82%,,10.11%,6.38%,,,,,,,0.00%,23.84%,
28-Apr-04,18.40%,10.41%,21.81%,,10.11%,6.38%,,,,,,,0.00%,23.81%,
29-Apr-04,18.41%,10.44%,21.80%,,10.12%,6.38%,,,,,,,0.00%,23.78%,
30-Apr-04,18.42%,10.46%,21.79%,,10.12%,6.38%,,,,,,,0.00%,23.75%,
01-May-04,18.43%,10.49%,21.78%,,10.13%,6.37%,,,,,,,0.00%,23.72%,
02-May-04,18.44%,10.52%,21.77%,,10.14%,6.37%,,,,,,,0.00%,23.69%,
03-May-04,18.45%,10.54%,21.77%,,10.14%,6.37%,,,,,,,0.00%,23.66%,
04-May-04,18.46%,10.57%,21.76%,,10.15%,6.37%,,,,,,,0.00%,23.63%,
05-May-04,18.47%,10.60%,21.75%,,10.15%,6.37%,,,,,,,0.00%,23.60%,
06-May-04,18.48%,10.62%,21.74%,,10.16%,6.37%,,,,,,,0.00%,23.57%,
07-May-04,18.49%,10.65%,21.73%,,10.16%,6.37%,,,,,,,0.00%,23.54%,
08-May-04,18.50%,10.68%,21.73%,,10.17%,6.37%,,,,,,,0.00%,23.51%,
09-May-04,18.51%,10.70%,21.72%,,10.17%,6.37%,,,,,,,0.00%,23.48%,
10-May-04,18.52%,10.73%,21.71%,,10.18%,6.36%,,,,,,,0.00%,23.45%,
11-May-04,18.53%,10.76%,21.70%,,10.18%,6.36%,,,,,,,0.00%,23.42%,
12-May-04,18.54%,10.78%,21.69%,,10.18%,6.36%,,,,,,,0.00%,23.40%,
13-May-04,18.55%,10.81%,21.69%,,10.19%,6.36%,,,,,,,0.00%,23.37%,
14-May-04,18.56%,10.84%,21.68%,,10.19%,6.36%,,,,,,,0.00%,23.34%,
15-May-04,18.56%,10.86%,21.66%,,10.19%,6.37%,,,,,,,0.00%,23.31%,
16-May-04,18.56%,10.89%,21.64%,,10.19%,6.37%,,,,,,,0.00%,23.28%,
17-May-04,18.57%,10.91%,21.62%,,10.18%,6.38%,,,,,,,0.00%,23.25%,
18-May-04,18.57%,10.93%,21.60%,,10.18%,6.39%,,,,,,,0.00%,23.22%,
19-May-04,18.57%,10.96%,21.58%,,10.17%,6.39%,,,,,,,0.00%,23.20%,
20-May-04,18.57%,10.98%,21.56%,,10.17%,6.40%,,,,,,,0.00%,23.17%,
21-May-04,18.57%,11.00%,21.54%,,10.17%,6.41%,,,,,,,0.00%,23.14%,
22-May-04,18.57%,11.03%,21.52%,,10.16%,6.41%,,,,,,,0.00%,23.11%,
23-May-04,18.57%,11.05%,21.50%,,10.16%,6.42%,,,,,,,0.00%,23.08%,
24-May-04,18.57%,11.07%,21.48%,,10.15%,6.43%,,,,,,,0.00%,23.05%,
25-May-04,18.57%,11.10%,21.46%,,10.15%,6.43%,,,,,,,0.00%,23.03%,
26-May-04,18.58%,11.12%,21.44%,,10.14%,6.44%,,,,,,,0.00%,23.00%,
27-May-04,18.58%,11.14%,21.42%,,10.14%,6.45%,,,,,,,0.00%,22.97%,
28-May-04,18.58%,11.17%,21.40%,,10.13%,6.45%,,,,,,,0.00%,22.94%,
29-May-04,18.58%,11.19%,21.38%,,10.13%,6.46%,,,,,,,0.00%,22.91%,
30-May-04,18.58%,11.21%,21.36%,,10.12%,6.47%,,,,,,,0.00%,22.89%,
31-May-04,18.58%,11.24%,21.34%,,10.12%,6.47%,,,,,,,0.00%,22.86%,
01-Jun-04,18.58%,11.26%,21.32%,,10.11%,6.48%,,,,,,,0.00%,22.83%,
02-Jun-04,18.59%,11.28%,21.30%,,10.11%,6.49%,,,,,,,0.00%,22.80%,
03-Jun-04,18.59%,11.31%,21.28%,,10.10%,6.50%,,,,,,,0.00%,22.77%,
04-Jun-04,18.59%,11.33%,21.26%,,10.10%,6.50%,,,,,,,0.00%,22.75%,
05-Jun-04,18.59%,11.35%,21.24%,,10.09%,6.51%,,,,,,,0.00%,22.72%,
06-Jun-04,18.59%,11.38%,21.22%,,10.08%,6.52%,,,,,,,0.00%,22.69%,
07-Jun-04,18.59%,11.40%,21.20%,,10.08%,6.53%,,,,,,,0.00%,22.66%,
08-Jun-04,18.59%,11.42%,21.18%,,10.07%,6.54%,,,,,,,0.00%,22.64%,
09-Jun-04,18.60%,11.45%,21.16%,,10.06%,6.54%,,,,,,,0.00%,22.61%,
10-Jun-04,18.60%,11.47%,21.14%,,10.06%,6.55%,,,,,,,0.00%,22.58%,
11-Jun-04,18.60%,11.49%,21.11%,,10.05%,6.56%,,,,,,,0.00%,22.55%,
12-Jun-04,18.60%,11.52%,21.09%,,10.04%,6.57%,,,,,,,0.00%,22.53%,
13-Jun-04,18.60%,11.54%,21.07%,,10.04%,6.58%,,,,,,,0.00%,22.50%,
14-Jun-04,18.60%,11.56%,21.05%,,10.03%,6.59%,,,,,,,0.00%,22.47%,
15-Jun-04,18.61%,11.60%,21.03%,,10.04%,6.60%,,,,,,,0.00%,22.41%,
16-Jun-04,18.61%,11.64%,21.01%,,10.04%,6.62%,,,,,,,0.00%,22.34%,
17-Jun-04,18.61%,11.67%,20.99%,,10.05%,6.63%,,,,,,,0.00%,22.28%,
18-Jun-04,18.62%,11.71%,20.97%,,10.06%,6.65%,,,,,,,0.00%,22.21%,
19-Jun-04,18.62%,11.75%,20.95%,,10.06%,6.66%,,,,,,,0.00%,22.15%,
20-Jun-04,18.62%,11.79%,20.93%,,10.07%,6.68%,,,,,,,0.00%,22.08%,
21-Jun-04,18.63%,11.83%,20.91%,,10.08%,6.69%,,,,,,,0.00%,22.02%,
22-Jun-04,18.63%,11.86%,20.88%,,10.08%,6.71%,,,,,,,0.00%,21.95%,
23-Jun-04,18.64%,11.88%,20.89%,,10.07%,6.73%,,,,,,,0.00%,21.92%,
24-Jun-04,18.66%,11.89%,20.89%,,10.05%,6.76%,,,,,,,0.00%,21.89%,
25-Jun-04,18.68%,11.91%,20.89%,,10.04%,6.78%,,,,,,,0.00%,21.86%,
26-Jun-04,18.69%,11.93%,20.90%,,10.02%,6.81%,,,,,,,0.00%,21.83%,
27-Jun-04,18.71%,11.94%,20.90%,,10.01%,6.83%,,,,,,,0.00%,21.80%,
28-Jun-04,18.72%,11.96%,20.90%,,9.99%,6.86%,,,,,,,0.00%,21.76%,
29-Jun-04,18.74%,11.97%,20.90%,,9.98%,6.88%,,,,,,,0.00%,21.73%,
30-Jun-04,18.75%,11.99%,20.90%,,9.96%,6.91%,,,,,,,0.00%,21.70%,
01-Jul-04,18.77%,12.01%,20.91%,,9.95%,6.93%,,,,,,,0.00%,21.67%,
02-Jul-04,18.79%,12.02%,20.91%,,9.93%,6.96%,,,,,,,0.00%,21.63%,
03-Jul-04,18.80%,12.04%,20.91%,,9.92%,6.98%,,,,,,,0.00%,21.60%,
04-Jul-04,18.82%,12.06%,20.91%,,9.90%,7.01%,,,,,,,0.00%,21.57%,
05-Jul-04,18.83%,12.07%,20.91%,,9.89%,7.03%,,,,,,,0.00%,21.53%,
06-Jul-04,18.85%,12.09%,20.92%,,9.87%,7.06%,,,,,,,0.00%,21.50%,
07-Jul-04,18.86%,12.11%,20.92%,,9.86%,7.08%,,,,,,,0.00%,21.46%,
08-Jul-04,18.88%,12.12%,20.92%,,9.85%,7.11%,,,,,,,0.00%,21.43%,
09-Jul-04,18.89%,12.14%,20.92%,,9.83%,7.14%,,,,,,,0.00%,21.39%,
10-Jul-04,18.91%,12.16%,20.92%,,9.82%,7.16%,,,,,,,0.00%,21.36%,
11-Jul-04,18.92%,12.18%,20.92%,,9.81%,7.19%,,,,,,,0.00%,21.32%,
12-Jul-04,18.93%,12.19%,20.92%,,9.79%,7.21%,,,,,,,0.00%,21.29%,
13-Jul-04,18.95%,12.21%,20.92%,,9.78%,7.24%,,,,,,,0.00%,21.25%,
14-Jul-04,18.96%,12.23%,20.92%,,9.77%,7.27%,,,,,,,0.00%,21.21%,
15-Jul-04,18.98%,12.25%,20.93%,,9.75%,7.29%,,,,,,,0.00%,21.17%,
16-Jul-04,18.99%,12.27%,20.93%,,9.74%,7.32%,,,,,,,0.00%,21.13%,
17-Jul-04,19.01%,12.28%,20.93%,,9.73%,7.35%,,,,,,,0.00%,21.09%,
18-Jul-04,19.02%,12.30%,20.93%,,9.72%,7.37%,,,,,,,0.00%,21.06%,
19-Jul-04,19.03%,12.32%,20.93%,,9.70%,7.40%,,,,,,,0.00%,21.01%,
20-Jul-04,19.05%,12.34%,20.93%,,9.69%,7.43%,,,,,,,0.00%,20.97%,
21-Jul-04,19.06%,12.36%,20.93%,,9.68%,7.45%,,,,,,,0.00%,20.93%,
22-Jul-04,19.07%,12.38%,20.92%,,9.67%,7.48%,,,,,,,0.00%,20.89%,
23-Jul-04,19.09%,12.40%,20.92%,,9.66%,7.51%,,,,,,,0.00%,20.85%,
24-Jul-04,19.08%,12.41%,20.91%,,9.67%,7.53%,,,,,,,0.00%,20.79%,
25-Jul-04,19.07%,12.43%,20.89%,,9.67%,7.55%,,,,,,,0.00%,20.74%,
26-Jul-04,19.06%,12.45%,20.88%,,9.68%,7.57%,,,,,,,0.00%,20.69%,
27-Jul-04,19.05%,12.46%,20.86%,,9.69%,7.59%,,,,,,,0.00%,20.64%,
28-Jul-04,19.04%,12.48%,20.84%,,9.69%,7.61%,,,,,,,0.00%,20.59%,
29-Jul-04,19.03%,12.49%,20.83%,,9.70%,7.63%,,,,,,,0.00%,20.54%,
30-Jul-04,19.02%,12.51%,20.81%,,9.71%,7.65%,,,,,,,0.00%,20.48%,
31-Jul-04,19.02%,12.53%,20.80%,,9.71%,7.67%,,,,,,,0.00%,20.43%,
01-Aug-04,19.01%,12.54%,20.78%,,9.72%,7.69%,,,,,,,0.00%,20.38%,
02-Aug-04,19.00%,12.56%,20.77%,,9.73%,7.72%,,,,,,,0.00%,20.32%,
03-Aug-04,18.99%,12.58%,20.75%,,9.74%,7.74%,,,,,,,0.00%,20.27%,
04-Aug-04,18.98%,12.60%,20.73%,,9.75%,7.76%,,,,,,,0.00%,20.21%,
05-Aug-04,18.97%,12.61%,20.72%,,9.76%,7.78%,,,,,,,0.00%,20.16%,
06-Aug-04,18.96%,12.63%,20.70%,,9.77%,7.80%,,,,,,,0.00%,20.10%,
07-Aug-04,18.95%,12.65%,20.69%,,9.77%,7.82%,,,,,,,0.00%,20.04%,
08-Aug-04,18.95%,12.67%,20.67%,,9.78%,7.84%,,,,,,,0.00%,19.99%,
09-Aug-04,18.94%,12.69%,20.66%,,9.79%,7.86%,,,,,,,0.00%,19.93%,
10-Aug-04,18.93%,12.71%,20.64%,,9.81%,7.88%,,,,,,,0.00%,19.87%,
11-Aug-04,18.92%,12.73%,20.63%,,9.82%,7.90%,,,,,,,0.00%,19.81%,
12-Aug-04,18.91%,12.75%,20.61%,,9.83%,7.92%,,,,,,,0.00%,19.75%,
13-Aug-04,18.90%,12.77%,20.60%,,9.84%,7.95%,,,,,,,0.00%,19.69%,
14-Aug-04,18.90%,12.79%,20.58%,,9.85%,7.97%,,,,,,,0.00%,19.62%,
15-Aug-04,18.90%,12.78%,20.57%,,9.89%,8.00%,,,,,,,0.00%,19.50%,
16-Aug-04,18.91%,12.78%,20.56%,,9.93%,8.04%,,,,,,,0.00%,19.38%,
17-Aug-04,18.92%,12.78%,20.55%,,9.97%,8.07%,,,,,,,0.00%,19.26%,
18-Aug-04,18.93%,12.77%,20.54%,,10.02%,8.11%,,,,,,,0.00%,19.13%,
19-Aug-04,18.94%,12.77%,20.54%,,10.06%,8.14%,,,,,,,0.00%,19.01%,
20-Aug-04,18.95%,12.77%,20.53%,,10.10%,8.18%,,,,,,,0.00%,18.88%,
21-Aug-04,18.96%,12.76%,20.52%,,10.15%,8.21%,,,,,,,0.00%,18.75%,
22-Aug-04,18.96%,12.76%,20.51%,,10.19%,8.25%,,,,,,,0.00%,18.62%,
23-Aug-04,18.98%,12.76%,20.51%,,10.24%,8.27%,,,,,,,0.00%,18.49%,
24-Aug-04,19.00%,12.76%,20.52%,,10.30%,8.30%,,,,,,,0.00%,18.36%,
25-Aug-04,19.02%,12.76%,20.52%,,10.35%,8.33%,,,,,,,0.00%,18.23%,
26-Aug-04,19.04%,12.76%,20.52%,,10.41%,8.36%,,,,,,,0.00%,18.10%,
27-Aug-04,19.06%,12.76%,20.53%,,10.46%,8.39%,,,,,,,0.00%,17.97%,
28-Aug-04,19.08%,12.76%,20.53%,,10.51%,8.42%,,,,,,,0.00%,17.83%,
29-Aug-04,19.10%,12.75%,20.54%,,10.57%,8.45%,,,,,,,0.00%,17.70%,
30-Aug-04,19.12%,12.75%,20.54%,,10.62%,8.48%,,,,,,,0.00%,17.57%,
31-Aug-04,19.14%,12.75%,20.54%,,10.68%,8.51%,,,,,,,0.00%,17.43%,
01-Sep-04,19.16%,12.75%,20.55%,,10.74%,8.53%,,,,,,,0.00%,17.30%,
02-Sep-04,19.18%,12.75%,20.55%,,10.79%,8.56%,,,,,,,0.00%,17.16%,
03-Sep-04,19.20%,12.74%,20.56%,,10.85%,8.59%,,,,,,,0.00%,17.03%,
04-Sep-04,19.22%,12.74%,20.56%,,10.90%,8.62%,,,,,,,0.00%,16.89%,
05-Sep-04,19.24%,12.74%,20.57%,,10.96%,8.65%,,,,,,,0.00%,16.75%,
06-Sep-04,19.26%,12.73%,20.57%,,11.02%,8.68%,,,,,,,0.00%,16.62%,
07-Sep-04,19.28%,12.73%,20.58%,,11.08%,8.71%,,,,,,,0.00%,16.48%,
08-Sep-04,19.30%,12.73%,20.58%,,11.13%,8.74%,,,,,,,0.00%,16.34%,
09-Sep-04,19.32%,12.72%,20.58%,,11.19%,8.77%,,,,,,,0.00%,16.20%,
10-Sep-04,19.34%,12.72%,20.59%,,11.25%,8.80%,,,,,,,0.00%,16.06%,
11-Sep-04,19.36%,12.71%,20.59%,,11.31%,8.83%,,,,,,,0.00%,15.93%,
12-Sep-04,19.38%,12.71%,20.60%,,11.37%,8.86%,,,,,,,0.00%,15.79%,
13-Sep-04,19.41%,12.70%,20.60%,,11.43%,8.88%,,,,,,,0.00%,15.64%,
14-Sep-04,19.43%,12.70%,20.61%,,11.49%,8.91%,,,,,,,0.00%,15.50%,
15-Sep-04,19.45%,12.69%,20.61%,,11.55%,8.94%,,,,,,,0.00%,15.36%,
16-Sep-04,19.47%,12.68%,20.62%,,11.61%,8.97%,,,,,,,0.00%,15.22%,
17-Sep-04,19.49%,12.68%,20.63%,,11.67%,9.00%,,,,,,,0.00%,15.07%,
18-Sep-04,19.52%,12.67%,20.63%,,11.74%,9.03%,,,,,,,0.00%,14.93%,
19-Sep-04,19.54%,12.66%,20.64%,,11.80%,9.06%,,,,,,,0.00%,14.78%,
20-Sep-04,19.56%,12.65%,20.64%,,11.86%,9.09%,,,,,,,0.00%,14.63%,
21-Sep-04,19.58%,12.64%,20.65%,,11.93%,9.12%,,,,,,,0.00%,14.49%,
22-Sep-04,19.61%,12.63%,20.65%,,11.99%,9.15%,,,,,,,0.00%,14.34%,
23-Sep-04,19.63%,12.61%,20.66%,,12.04%,9.18%,,,,,,,0.00%,14.22%,
24-Sep-04,19.65%,12.58%,20.67%,,12.10%,9.20%,,,,,,,0.00%,14.11%,
25-Sep-04,19.68%,12.56%,20.67%,,12.15%,9.23%,,,,,,,0.00%,14.00%,
26-Sep-04,19.70%,12.54%,20.68%,,12.20%,9.25%,,,,,,,0.00%,13.88%,
27-Sep-04,19.72%,12.51%,20.69%,,12.25%,9.28%,,,,,,,0.00%,13.77%,
28-Sep-04,19.74%,12.49%,20.69%,,12.30%,9.30%,,,,,,,0.00%,13.66%,
29-Sep-04,19.76%,12.46%,20.70%,,12.35%,9.32%,,,,,,,0.00%,13.55%,
30-Sep-04,19.79%,12.43%,20.71%,,12.40%,9.35%,,,,,,,0.00%,13.44%,
01-Oct-04,19.81%,12.41%,20.71%,,12.45%,9.37%,,,,,,,0.00%,13.33%,
02-Oct-04,19.83%,12.38%,20.72%,,12.50%,9.39%,,,,,,,0.00%,13.22%,
03-Oct-04,19.85%,12.36%,20.73%,,12.56%,9.42%,,,,,,,0.00%,13.10%,
04-Oct-04,19.88%,12.33%,20.73%,,12.61%,9.44%,,,,,,,0.00%,12.99%,
05-Oct-04,19.90%,12.31%,20.74%,,12.66%,9.46%,,,,,,,0.00%,12.88%,
06-Oct-04,19.92%,12.28%,20.75%,,12.71%,9.49%,,,,,,,0.00%,12.77%,
07-Oct-04,19.94%,12.25%,20.75%,,12.76%,9.51%,,,,,,,0.00%,12.66%,
08-Oct-04,19.97%,12.23%,20.76%,,12.81%,9.53%,,,,,,,0.00%,12.56%,
09-Oct-04,19.99%,12.20%,20.77%,,12.86%,9.56%,,,,,,,0.00%,12.45%,
10-Oct-04,20.01%,12.18%,20.78%,,12.91%,9.58%,,,,,,,0.00%,12.34%,
11-Oct-04,20.03%,12.15%,20.78%,,12.96%,9.60%,,,,,,,0.00%,12.23%,
12-Oct-04,20.06%,12.12%,20.79%,,13.01%,9.62%,,,,,,,0.00%,12.12%,
13-Oct-04,20.08%,12.10%,20.80%,,13.06%,9.65%,,,,,,,0.00%,12.01%,
14-Oct-04,20.10%,12.07%,20.80%,,13.11%,9.67%,,,,,,,0.00%,11.91%,
15-Oct-04,20.13%,12.04%,20.81%,,13.16%,9.69%,,,,,,,0.00%,11.80%,
16-Oct-04,20.15%,12.02%,20.82%,,13.21%,9.71%,,,,,,,0.00%,11.69%,
17-Oct-04,20.17%,11.99%,20.83%,,13.26%,9.74%,,,,,,,0.00%,11.59%,
18-Oct-04,20.20%,11.96%,20.84%,,13.31%,9.76%,,,,,,,0.00%,11.48%,
19-Oct-04,20.22%,11.93%,20.84%,,13.36%,9.78%,,,,,,,0.00%,11.37%,
20-Oct-04,20.24%,11.91%,20.85%,,13.41%,9.80%,,,,,,,0.00%,11.27%,
21-Oct-04,20.27%,11.88%,20.86%,,13.45%,9.82%,,,,,,,0.00%,11.17%,
22-Oct-04,20.29%,11.85%,20.87%,,13.50%,9.85%,,,,,,,0.00%,11.06%,
23-Oct-04,20.32%,11.82%,20.88%,,13.55%,9.87%,,,,,,,0.00%,10.96%,
24-Oct-04,20.34%,11.80%,20.89%,,13.60%,9.89%,,,,,,,0.00%,10.85%,
25-Oct-04,20.36%,11.77%,20.90%,,13.65%,9.91%,,,,,,,0.00%,10.75%,
26-Oct-04,20.39%,11.74%,20.90%,,13.70%,9.93%,,,,,,,0.00%,10.65%,
27-Oct-04,20.41%,11.71%,20.91%,,13.74%,9.95%,,,,,,,0.00%,10.55%,
28-Oct-04,20.44%,11.68%,20.92%,,13.79%,9.98%,,,,,,,0.00%,10.45%,
29-Oct-04,20.46%,11.65%,20.93%,,13.84%,10.00%,,,,,,,0.00%,10.35%,
30-Oct-04,20.49%,11.62%,20.94%,,13.88%,10.02%,,,,,,,0.00%,10.25%,
31-Oct-04,20.51%,11.59%,20.95%,,13.93%,10.04%,,,,,,,0.00%,10.15%,
01-Nov-04,20.54%,11.56%,20.96%,,13.98%,10.06%,,,,,,,0.00%,10.05%,
02-Nov-04,20.56%,11.53%,20.97%,,14.02%,10.08%,,,,,,,0.00%,9.96%,
03-Nov-04,20.59%,11.50%,20.98%,,14.07%,10.10%,,,,,,,0.00%,9.86%,
04-Nov-04,20.62%,11.47%,20.99%,,14.11%,10.12%,,,,,,,0.00%,9.76%,
05-Nov-04,20.64%,11.44%,21.00%,,14.16%,10.14%,,,,,,,0.00%,9.67%,
06-Nov-04,20.67%,11.41%,21.01%,,14.20%,10.16%,,,,,,,0.00%,9.57%,
07-Nov-04,20.69%,11.38%,21.02%,,14.25%,10.18%,,,,,,,0.00%,9.48%,
08-Nov-04,20.72%,11.35%,21.03%,,14.29%,10.20%,,,,,,,0.00%,9.38%,
09-Nov-04,20.74%,11.32%,21.04%,,14.34%,10.22%,,,,,,,0.00%,9.29%,
10-Nov-04,20.77%,11.29%,21.05%,,14.38%,10.24%,,,,,,,0.00%,9.19%,
11-Nov-04,20.79%,11.26%,21.06%,,14.43%,10.26%,,,,,,,0.00%,9.10%,
12-Nov-04,20.82%,11.23%,21.07%,,14.47%,10.28%,,,,,,,0.00%,9.01%,
13-Nov-04,20.84%,11.19%,21.08%,,14.52%,10.30%,,,,,,,0.00%,8.92%,
14-Nov-04,20.86%,11.16%,21.09%,,14.56%,10.32%,,,,,,,0.00%,8.82%,
15-Nov-04,20.89%,11.10%,21.09%,,14.54%,10.32%,,,,,,,0.00%,8.71%,
16-Nov-04,20.91%,11.04%,21.09%,,14.53%,10.32%,,,,,,,0.00%,8.59%,
17-Nov-04,20.94%,10.98%,21.09%,,14.51%,10.33%,,,,,,,0.00%,8.48%,
18-Nov-04,20.96%,10.92%,21.08%,,14.49%,10.33%,,,,,,,0.00%,8.37%,
19-Nov-04,20.99%,10.85%,21.08%,,14.47%,10.33%,,,,,,,0.00%,8.25%,
20-Nov-04,21.01%,10.79%,21.08%,,14.45%,10.33%,,,,,,,0.00%,8.14%,
21-Nov-04,21.04%,10.72%,21.07%,,14.43%,10.33%,,,,,,,0.00%,8.03%,
22-Nov-04,21.06%,10.66%,21.07%,,14.41%,10.33%,,,,,,,0.00%,7.92%,
23-Nov-04,21.07%,10.62%,21.06%,,14.35%,10.32%,,,,,,,0.00%,7.86%,
24-Nov-04,21.07%,10.57%,21.05%,,14.30%,10.31%,,,,,,,0.00%,7.81%,
25-Nov-04,21.08%,10.53%,21.04%,,14.25%,10.29%,,,,,,,0.00%,7.76%,
26-Nov-04,21.09%,10.49%,21.03%,,14.20%,10.28%,,,,,,,0.00%,7.71%,
27-Nov-04,21.10%,10.45%,21.02%,,14.15%,10.27%,,,,,,,0.00%,7.66%,
28-Nov-04,21.10%,10.41%,21.01%,,14.09%,10.26%,,,,,,,0.00%,7.62%,
29-Nov-04,21.11%,10.36%,21.00%,,14.04%,10.24%,,,,,,,0.00%,7.57%,
30-Nov-04,21.11%,10.32%,20.99%,,13.98%,10.23%,,,,,,,0.00%,7.52%,
01-Dec-04,21.12%,10.28%,20.98%,,13.93%,10.21%,,,,,,,0.00%,7.48%,
02-Dec-04,21.13%,10.24%,20.97%,,13.87%,10.20%,,,,,,,0.00%,7.44%,
03-Dec-04,21.13%,10.20%,20.96%,,13.82%,10.19%,,,,,,,0.00%,7.39%,
04-Dec-04,21.14%,10.16%,20.95%,,13.76%,10.17%,,,,,,,0.00%,7.35%,
05-Dec-04,21.14%,10.12%,20.94%,,13.70%,10.16%,,,,,,,0.00%,7.31%,
06-Dec-04,21.15%,10.08%,20.93%,,13.65%,10.14%,,,,,,,0.00%,7.27%,
07-Dec-04,21.15%,10.04%,20.92%,,13.59%,10.13%,,,,,,,0.00%,7.22%,
08-Dec-04,21.16%,10.00%,20.91%,,13.53%,10.11%,,,,,,,0.00%,7.18%,
09-Dec-04,21.16%,9.96%,20.90%,,13.48%,10.10%,,,,,,,0.00%,7.14%,
10-Dec-04,21.17%,9.92%,20.88%,,13.42%,10.08%,,,,,,,0.00%,7.10%,
11-Dec-04,21.17%,9.88%,20.87%,,13.36%,10.07%,,,,,,,0.00%,7.06%,
12-Dec-04,21.18%,9.84%,20.86%,,13.31%,10.05%,,,,,,,0.00%,7.02%,
13-Dec-04,21.18%,9.80%,20.85%,,13.25%,10.04%,,,,,,,0.00%,6.98%,
14-Dec-04,21.18%,9.76%,20.84%,,13.19%,10.02%,,,,,,,0.00%,6.94%,
15-Dec-04,21.20%,9.75%,20.84%,,13.15%,10.01%,,,,,,,0.00%,6.91%,
16-Dec-04,21.22%,9.73%,20.84%,,13.11%,9.99%,,,,,,,0.00%,6.89%,
17-Dec-04,21.23%,9.72%,20.84%,,13.07%,9.97%,,,,,,,0.00%,6.86%,
18-Dec-04,21.25%,9.71%,20.84%,,13.03%,9.95%,,,,,,,0.00%,6.83%,
19-Dec-04,21.27%,9.69%,20.84%,,12.99%,9.93%,,,,,,,0.00%,6.80%,
20-Dec-04,21.28%,9.68%,20.83%,,12.94%,9.91%,,,,,,,0.00%,6.78%,
21-Dec-04,21.30%,9.67%,20.83%,,12.90%,9.90%,,,,,,,0.00%,6.75%,
22-Dec-04,21.31%,9.66%,20.83%,,12.86%,9.88%,,,,,,,0.00%,6.73%,
23-Dec-04,21.33%,9.65%,20.83%,,12.82%,9.86%,,,,,,,0.00%,6.70%,
24-Dec-04,21.34%,9.64%,20.83%,,12.77%,9.84%,,,,,,,0.00%,6.68%,
25-Dec-04,21.36%,9.63%,20.83%,,12.73%,9.82%,,,,,,,0.00%,6.66%,
26-Dec-04,21.37%,9.62%,20.82%,,12.69%,9.80%,,,,,,,0.00%,6.64%,
27-Dec-04,21.39%,9.61%,20.82%,,12.64%,9.78%,,,,,,,0.00%,6.62%,
28-Dec-04,21.40%,9.60%,20.82%,,12.60%,9.76%,,,,,,,0.00%,6.60%,
29-Dec-04,21.41%,9.59%,20.82%,,12.55%,9.74%,,,,,,,0.00%,6.58%,
30-Dec-04,21.43%,9.59%,20.82%,,12.51%,9.72%,,,,,,,0.00%,6.56%,
31-Dec-04,21.44%,9.58%,20.82%,,12.46%,9.70%,,,,,,,0.00%,6.54%,
01-Jan-05,21.45%,9.57%,20.81%,,12.42%,9.68%,,,,,,,0.00%,6.53%,
02-Jan-05,21.47%,9.57%,20.81%,,12.37%,9.66%,,,,,,,0.00%,6.51%,
03-Jan-05,21.48%,9.56%,20.81%,,12.32%,9.63%,,,,,,,0.00%,6.50%,
04-Jan-05,21.49%,9.56%,20.81%,,12.28%,9.61%,,,,,,,0.00%,6.48%,
05-Jan-05,21.51%,9.55%,20.81%,,12.23%,9.59%,,,,,,,0.00%,6.47%,
06-Jan-05,21.52%,9.55%,20.80%,,12.19%,9.57%,,,,,,,0.00%,6.45%,
07-Jan-05,21.53%,9.54%,20.80%,,12.14%,9.55%,,,,,,,0.00%,6.44%,
08-Jan-05,21.55%,9.54%,20.80%,,12.09%,9.53%,,,,,,,0.00%,6.42%,
09-Jan-05,21.56%,9.53%,20.80%,,12.05%,9.51%,,,,,,,0.00%,6.40%,
10-Jan-05,21.57%,9.53%,20.80%,,12.00%,9.49%,,,,,,,0.00%,6.39%,
11-Jan-05,21.59%,9.52%,20.80%,,11.96%,9.47%,,,,,,,0.00%,6.37%,
12-Jan-05,21.60%,9.52%,20.79%,,11.91%,9.44%,,,,,,,0.00%,6.36%,
13-Jan-05,21.61%,9.51%,20.79%,,11.86%,9.42%,,,,,,,0.00%,6.34%,
14-Jan-05,21.63%,9.51%,20.79%,,11.82%,9.40%,,,,,,,0.00%,6.33%,
15-Jan-05,21.65%,9.50%,20.80%,,11.77%,9.40%,,,,,,,0.00%,6.34%,
16-Jan-05,21.68%,9.49%,20.81%,,11.73%,9.40%,,,,,,,0.00%,6.36%,
17-Jan-05,21.70%,9.48%,20.82%,,11.68%,9.40%,,,,,,,0.00%,6.38%,
18-Jan-05,21.73%,9.47%,20.83%,,11.64%,9.39%,,,,,,,0.00%,6.39%,
19-Jan-05,21.76%,9.46%,20.84%,,11.60%,9.39%,,,,,,,0.00%,6.41%,
20-Jan-05,21.78%,9.45%,20.85%,,11.55%,9.39%,,,,,,,0.00%,6.43%,
21-Jan-05,21.81%,9.44%,20.86%,,11.51%,9.39%,,,,,,,0.00%,6.44%,
22-Jan-05,21.83%,9.43%,20.86%,,11.46%,9.39%,,,,,,,0.00%,6.46%,
23-Jan-05,21.86%,9.42%,20.87%,,11.42%,9.39%,,,,,,,0.00%,6.48%,
24-Jan-05,21.89%,9.41%,20.88%,,11.37%,9.39%,,,,,,,0.00%,6.49%,
25-Jan-05,21.91%,9.40%,20.89%,,11.33%,9.39%,,,,,,,0.00%,6.51%,
26-Jan-05,21.94%,9.39%,20.90%,,11.28%,9.38%,,,,,,,0.00%,6.53%,
27-Jan-05,21.96%,9.38%,20.91%,,11.24%,9.38%,,,,,,,0.00%,6.55%,
28-Jan-05,21.99%,9.37%,20.92%,,11.20%,9.38%,,,,,,,0.00%,6.57%,
29-Jan-05,22.02%,9.36%,20.93%,,11.15%,9.38%,,,,,,,0.00%,6.59%,
30-Jan-05,22.04%,9.35%,20.94%,,11.11%,9.38%,,,,,,,0.00%,6.60%,
31-Jan-05,22.07%,9.34%,20.95%,,11.06%,9.38%,,,,,,,0.00%,6.62%,
01-Feb-05,22.10%,9.33%,20.96%,,11.02%,9.38%,,,,,,,0.00%,6.64%,
02-Feb-05,22.13%,9.32%,20.97%,,10.98%,9.38%,,,,,,,0.00%,6.66%,
03-Feb-05,22.15%,9.31%,20.98%,,10.93%,9.38%,,,,,,,0.00%,6.68%,
04-Feb-05,22.18%,9.30%,21.00%,,10.89%,9.38%,,,,,,,0.00%,6.70%,
05-Feb-05,22.21%,9.29%,21.01%,,10.84%,9.38%,,,,,,,0.00%,6.72%,
06-Feb-05,22.24%,9.28%,21.02%,,10.80%,9.38%,,,,,,,0.00%,6.74%,
07-Feb-05,22.26%,9.27%,21.03%,,10.76%,9.38%,,,,,,,0.00%,6.77%,
08-Feb-05,22.29%,9.26%,21.04%,,10.71%,9.39%,,,,,,,0.00%,6.79%,
09-Feb-05,22.32%,9.25%,21.05%,,10.67%,9.39%,,,,,,,0.00%,6.81%,
10-Feb-05,22.35%,9.24%,21.06%,,10.63%,9.39%,,,,,,,0.00%,6.83%,
11-Feb-05,22.38%,9.23%,21.08%,,10.58%,9.39%,,,,,,,0.00%,6.85%,
12-Feb-05,22.41%,9.22%,21.09%,,10.54%,9.39%,,,,,,,0.00%,6.88%,
13-Feb-05,22.44%,9.22%,21.10%,,10.50%,9.39%,,,,,,,0.00%,6.90%,
14-Feb-05,22.47%,9.21%,21.11%,,10.46%,9.40%,,,,,,,0.00%,6.93%,
15-Feb-05,22.51%,9.19%,21.14%,,10.42%,9.40%,,,,,,,0.00%,6.94%,
16-Feb-05,22.56%,9.18%,21.16%,,10.38%,9.41%,,,,,,,0.00%,6.96%,
17-Feb-05,22.61%,9.17%,21.19%,,10.34%,9.42%,,,,,,,0.00%,6.98%,
18-Feb-05,22.66%,9.16%,21.21%,,10.30%,9.42%,,,,,,,0.00%,7.00%,
19-Feb-05,22.71%,9.14%,21.24%,,10.26%,9.43%,,,,,,,0.00%,7.02%,
20-Feb-05,22.75%,9.13%,21.26%,,10.23%,9.44%,,,,,,,0.00%,7.04%,
21-Feb-05,22.80%,9.12%,21.29%,,10.19%,9.45%,,,,,,,0.00%,7.06%,
22-Feb-05,22.85%,9.10%,21.31%,,10.15%,9.46%,,,,,,,0.00%,7.09%,
23-Feb-05,22.90%,9.12%,21.35%,,10.17%,9.48%,,,,,,,0.00%,7.13%,
24-Feb-05,22.95%,9.14%,21.39%,,10.19%,9.51%,,,,,,,0.00%,7.18%,
25-Feb-05,23.01%,9.15%,21.43%,,10.22%,9.53%,,,,,,,0.00%,7.22%,
26-Feb-05,23.06%,9.17%,21.47%,,10.24%,9.56%,,,,,,,0.00%,7.26%,
27-Feb-05,23.12%,9.18%,21.52%,,10.27%,9.59%,,,,,,,0.00%,7.30%,
28-Feb-05,23.18%,9.20%,21.56%,,10.29%,9.62%,,,,,,,0.00%,7.35%,
01-Mar-05,23.23%,9.21%,21.60%,,10.32%,9.65%,,,,,,,0.00%,7.39%,
02-Mar-05,23.29%,9.23%,21.65%,,10.35%,9.67%,,,,,,,0.00%,7.43%,
03-Mar-05,23.35%,9.24%,21.69%,,10.38%,9.70%,,,,,,,0.00%,7.48%,
04-Mar-05,23.40%,9.26%,21.73%,,10.40%,9.73%,,,,,,,0.00%,7.52%,
05-Mar-05,23.46%,9.27%,21.78%,,10.43%,9.76%,,,,,,,0.00%,7.57%,
06-Mar-05,23.52%,9.29%,21.82%,,10.46%,9.79%,,,,,,,0.00%,7.61%,
07-Mar-05,23.58%,9.31%,21.86%,,10.49%,9.82%,,,,,,,0.00%,7.65%,
08-Mar-05,23.63%,9.32%,21.91%,,10.52%,9.85%,,,,,,,0.00%,7.70%,
09-Mar-05,23.69%,9.34%,21.95%,,10.54%,9.88%,,,,,,,0.00%,7.74%,
10-Mar-05,23.75%,9.35%,21.99%,,10.57%,9.91%,,,,,,,0.00%,7.79%,
11-Mar-05,23.81%,9.37%,22.04%,,10.60%,9.94%,,,,,,,0.00%,7.83%,
12-Mar-05,23.86%,9.38%,22.08%,,10.63%,9.96%,,,,,,,0.00%,7.88%,
13-Mar-05,23.92%,9.40%,22.13%,,10.66%,9.99%,,,,,,,0.00%,7.92%,
14-Mar-05,23.98%,9.41%,22.17%,,10.68%,10.02%,,,,,,,0.00%,7.96%,
15-Mar-05,24.04%,9.43%,22.22%,,10.71%,10.05%,,,,,,,0.00%,8.01%,
16-Mar-05,24.10%,9.44%,22.26%,,10.74%,10.08%,,,,,,,0.00%,8.05%,
17-Mar-05,24.16%,9.46%,22.31%,,10.77%,10.11%,,,,,,,0.00%,8.10%,
18-Mar-05,24.22%,9.47%,22.35%,,10.80%,10.14%,,,,,,,0.00%,8.14%,
19-Mar-05,24.28%,9.48%,22.40%,,10.82%,10.18%,,,,,,,0.00%,8.19%,
20-Mar-05,24.34%,9.50%,22.44%,,10.85%,10.21%,,,,,,,0.00%,8.23%,
21-Mar-05,24.40%,9.51%,22.49%,,10.88%,10.24%,,,,,,,0.00%,8.28%,
22-Mar-05,24.46%,9.53%,22.54%,,10.91%,10.27%,,,,,,,0.00%,8.32%,
23-Mar-05,24.52%,9.54%,22.58%,,10.94%,10.30%,,,,,,,0.00%,8.37%,
24-Mar-05,24.58%,9.55%,22.63%,,10.96%,10.33%,,,,,,,0.00%,8.41%,
25-Mar-05,24.63%,9.54%,22.67%,,10.97%,10.36%,,,,,,,0.00%,8.45%,
26-Mar-05,24.68%,9.53%,22.70%,,10.99%,10.40%,,,,,,,0.00%,8.48%,
27-Mar-05,24.73%,9.52%,22.74%,,11.00%,10.43%,,,,,,,0.00%,8.52%,
28-Mar-05,24.78%,9.51%,22.78%,,11.01%,10.47%,,,,,,,0.00%,8.55%,
29-Mar-05,24.83%,9.50%,22.81%,,11.02%,10.50%,,,,,,,0.00%,8.59%,
30-Mar-05,24.88%,9.49%,22.85%,,11.03%,10.53%,,,,,,,0.00%,8.62%,
31-Mar-05,24.93%,9.48%,22.89%,,11.04%,10.57%,,,,,,,0.00%,8.66%,
01-Apr-05,24.97%,9.46%,22.92%,,11.05%,10.60%,,,,,,,0.00%,8.69%,
02-Apr-05,25.02%,9.45%,22.96%,,11.06%,10.64%,,,,,,,0.00%,8.73%,
03-Apr-05,25.07%,9.44%,23.00%,,11.07%,10.67%,,,,,,,0.00%,8.76%,
04-Apr-05,25.12%,9.43%,23.04%,,11.08%,10.70%,,,,,,,0.00%,8.79%,
05-Apr-05,25.17%,9.42%,23.07%,,11.10%,10.74%,,,,,,,0.00%,8.83%,
06-Apr-05,25.22%,9.41%,23.11%,,11.11%,10.77%,,,,,,,0.00%,8.86%,
07-Apr-05,25.27%,9.39%,23.15%,,11.12%,10.80%,,,,,,,0.00%,8.90%,
08-Apr-05,25.32%,9.38%,23.19%,,11.13%,10.84%,,,,,,,0.00%,8.93%,
09-Apr-05,25.37%,9.37%,23.22%,,11.14%,10.87%,,,,,,,0.00%,8.96%,
10-Apr-05,25.43%,9.36%,23.26%,,11.15%,10.91%,,,,,,,0.00%,8.99%,
11-Apr-05,25.48%,9.35%,23.30%,,11.16%,10.94%,,,,,,,0.00%,9.03%,
12-Apr-05,25.53%,9.33%,23.34%,,11.17%,10.97%,,,,,,,0.00%,9.06%,
13-Apr-05,25.58%,9.32%,23.37%,,11.18%,11.01%,,,,,,,0.00%,9.09%,
14-Apr-05,25.63%,9.31%,23.41%,,11.20%,11.04%,,,,,,,0.00%,9.12%,
15-Apr-05,25.68%,9.30%,23.45%,,11.21%,11.07%,,,,,,,0.00%,9.15%,
16-Apr-05,25.73%,9.29%,23.49%,,11.22%,11.11%,,,,,,,0.00%,9.19%,
17-Apr-05,25.78%,9.27%,23.53%,,11.23%,11.14%,,,,,,,0.00%,9.22%,
18-Apr-05,25.83%,9.26%,23.56%,,11.24%,11.17%,,,,,,,0.00%,9.25%,
19-Apr-05,25.89%,9.25%,23.60%,,11.25%,11.21%,,,,,,,0.00%,9.28%,
20-Apr-05,25.94%,9.23%,23.64%,,11.26%,11.24%,,,,,,,0.00%,9.31%,
21-Apr-05,25.99%,9.22%,23.68%,,11.27%,11.27%,,,,,,,0.00%,9.34%,
22-Apr-05,26.04%,9.21%,23.72%,,11.29%,11.31%,,,,,,,0.00%,9.37%,
23-Apr-05,26.10%,9.20%,23.76%,,11.30%,11.34%,,,,,,,0.00%,9.39%,
24-Apr-05,26.15%,9.18%,23.80%,,11.31%,11.37%,,,,,,,0.00%,9.42%,
25-Apr-05,26.19%,9.17%,23.83%,,11.32%,11.38%,,,,,,,0.00%,9.42%,
26-Apr-05,26.23%,9.17%,23.85%,,11.33%,11.40%,,,,,,,0.00%,9.42%,
27-Apr-05,26.28%,9.16%,23.88%,,11.34%,11.41%,,,,,,,0.00%,9.41%,
28-Apr-05,26.32%,9.15%,23.91%,,11.35%,11.42%,,,,,,,0.00%,9.41%,
29-Apr-05,26.36%,9.14%,23.94%,,11.36%,11.44%,,,,,,,0.00%,9.40%,
30-Apr-05,26.40%,9.14%,23.97%,,11.37%,11.45%,,,,,,,0.00%,9.40%,
01-May-05,26.44%,9.13%,24.00%,,11.38%,11.46%,,,,,,,0.00%,9.40%,
02-May-05,26.48%,9.12%,24.03%,,11.39%,11.48%,,,,,,,0.00%,9.39%,
03-May-05,26.52%,9.11%,24.05%,,11.41%,11.49%,,,,,,,0.00%,9.39%,
04-May-05,26.57%,9.11%,24.08%,,11.42%,11.50%,,,,,,,0.00%,9.38%,
05-May-05,26.61%,9.10%,24.11%,,11.43%,11.52%,,,,,,,0.00%,9.38%,
06-May-05,26.65%,9.09%,24.14%,,11.44%,11.53%,,,,,,,0.00%,9.37%,
07-May-05,26.69%,9.08%,24.17%,,11.45%,11.54%,,,,,,,0.00%,9.37%,
08-May-05,26.73%,9.07%,24.20%,,11.46%,11.55%,,,,,,,0.00%,9.36%,
09-May-05,26.77%,9.07%,24.22%,,11.47%,11.56%,,,,,,,0.00%,9.35%,
10-May-05,26.81%,9.06%,24.25%,,11.48%,11.58%,,,,,,,0.00%,9.35%,
11-May-05,26.85%,9.05%,24.28%,,11.49%,11.59%,,,,,,,0.00%,9.34%,
12-May-05,26.89%,9.04%,24.31%,,11.50%,11.60%,,,,,,,0.00%,9.33%,
13-May-05,26.93%,9.03%,24.33%,,11.51%,11.61%,,,,,,,0.00%,9.33%,
14-May-05,26.97%,9.03%,24.36%,,11.52%,11.62%,,,,,,,0.00%,9.32%,
15-May-05,27.01%,9.02%,24.39%,,11.53%,11.63%,,,,,,,0.00%,9.31%,
16-May-05,27.05%,9.01%,24.41%,,11.54%,11.65%,,,,,,,0.00%,9.30%,
17-May-05,27.09%,9.00%,24.44%,,11.55%,11.66%,,,,,,,0.00%,9.29%,
18-May-05,27.13%,8.99%,24.47%,,11.56%,11.67%,,,,,,,0.00%,9.29%,
19-May-05,27.17%,8.98%,24.49%,,11.57%,11.68%,,,,,,,0.00%,9.28%,
20-May-05,27.21%,8.98%,24.52%,,11.58%,11.69%,,,,,,,0.00%,9.27%,
21-May-05,27.25%,8.97%,24.55%,,11.59%,11.70%,,,,,,,0.00%,9.26%,
22-May-05,27.28%,8.96%,24.57%,,11.60%,11.71%,,,,,,,0.00%,9.25%,
23-May-05,27.32%,8.95%,24.60%,,11.60%,11.72%,,,,,,,0.00%,9.24%,
24-May-05,27.36%,8.94%,24.62%,,11.61%,11.73%,,,,,,,0.00%,9.22%,
25-May-05,27.40%,8.93%,24.65%,,11.62%,11.74%,,,,,,,0.00%,9.21%,
26-May-05,27.42%,8.93%,24.66%,,11.63%,11.74%,,,,,,,0.00%,9.21%,
27-May-05,27.44%,8.92%,24.68%,,11.63%,11.75%,,,,,,,0.00%,9.20%,
28-May-05,27.46%,8.92%,24.69%,,11.64%,11.75%,,,,,,,0.00%,9.19%,
29-May-05,27.48%,8.91%,24.70%,,11.64%,11.75%,,,,,,,0.00%,9.18%,
30-May-05,27.49%,8.91%,24.72%,,11.64%,11.76%,,,,,,,0.00%,9.18%,
31-May-05,27.51%,8.90%,24.73%,,11.65%,11.76%,,,,,,,0.00%,9.17%,
01-Jun-05,27.53%,8.90%,24.74%,,11.65%,11.77%,,,,,,,0.00%,9.16%,
02-Jun-05,27.55%,8.89%,24.75%,,11.66%,11.77%,,,,,,,0.00%,9.15%,
03-Jun-05,27.57%,8.89%,24.76%,,11.66%,11.77%,,,,,,,0.00%,9.14%,
04-Jun-05,27.58%,8.88%,24.77%,,11.66%,11.78%,,,,,,,0.00%,9.14%,
05-Jun-05,27.56%,8.88%,24.84%,,11.66%,11.78%,,,,,,,0.00%,9.10%,
06-Jun-05,27.54%,8.87%,24.90%,,11.66%,11.78%,,,,,,,0.00%,9.06%,
07-Jun-05,27.52%,8.87%,24.96%,,11.67%,11.78%,,,,,,,0.00%,9.03%,
08-Jun-05,27.49%,8.86%,25.02%,,11.67%,11.78%,,,,,,,0.00%,8.99%,
09-Jun-05,27.47%,8.86%,25.08%,,11.67%,11.78%,,,,,,,0.00%,8.96%,
10-Jun-05,27.45%,8.86%,25.14%,,11.67%,11.78%,,,,,,,0.00%,8.92%,
11-Jun-05,27.43%,8.85%,25.20%,,11.67%,11.78%,,,,,,,0.00%,8.88%,
12-Jun-05,27.40%,8.85%,25.26%,,11.67%,11.78%,,,,,,,0.00%,8.85%,
13-Jun-05,27.38%,8.85%,25.32%,,11.67%,11.77%,,,,,,,0.00%,8.81%,
14-Jun-05,27.36%,8.84%,25.39%,,11.67%,11.77%,,,,,,,0.00%,8.77%,
15-Jun-05,27.33%,8.84%,25.45%,,11.67%,11.77%,,,,,,,0.00%,8.74%,
16-Jun-05,27.31%,8.83%,25.51%,,11.67%,11.77%,,,,,,,0.00%,8.70%,
17-Jun-05,27.29%,8.83%,25.57%,,11.67%,11.77%,,,,,,,0.00%,8.67%,
18-Jun-05,27.26%,8.83%,25.63%,,11.67%,11.77%,,,,,,,0.00%,8.63%,
19-Jun-05,27.24%,8.82%,25.69%,,11.67%,11.77%,,,,,,,0.00%,8.59%,
20-Jun-05,27.21%,8.82%,25.75%,,11.67%,11.77%,,,,,,,0.00%,8.56%,
21-Jun-05,27.19%,8.82%,25.81%,,11.67%,11.77%,,,,,,,0.00%,8.52%,
22-Jun-05,27.16%,8.81%,25.87%,,11.67%,11.77%,,,,,,,0.00%,8.48%,
23-Jun-05,27.14%,8.81%,25.93%,,11.67%,11.76%,,,,,,,0.00%,8.45%,
24-Jun-05,27.11%,8.81%,25.99%,,11.67%,11.76%,,,,,,,0.00%,8.41%,
25-Jun-05,27.09%,8.81%,26.04%,,11.67%,11.76%,,,,,,,0.00%,8.37%,
26-Jun-05,27.06%,8.80%,26.10%,,11.68%,11.76%,,,,,,,0.00%,8.34%,
27-Jun-05,27.04%,8.80%,26.16%,,11.68%,11.76%,,,,,,,0.00%,8.30%,
28-Jun-05,27.01%,8.80%,26.22%,,11.68%,11.76%,,,,,,,0.00%,8.26%,
29-Jun-05,26.99%,8.80%,26.28%,,11.68%,11.75%,,,,,,,0.00%,8.23%,
30-Jun-05,26.96%,8.80%,26.34%,,11.68%,11.75%,,,,,,,0.00%,8.19%,
01-Jul-05,26.93%,8.79%,26.40%,,11.68%,11.75%,,,,,,,0.00%,8.15%,
02-Jul-05,26.90%,8.79%,26.45%,,11.68%,11.74%,,,,,,,0.00%,8.12%,
03-Jul-05,26.88%,8.79%,26.51%,,11.68%,11.74%,,,,,,,0.00%,8.08%,
04-Jul-05,26.85%,8.79%,26.57%,,11.68%,11.74%,,,,,,,0.00%,8.04%,
05-Jul-05,26.82%,8.79%,26.63%,,11.68%,11.74%,,,,,,,0.00%,8.00%,
06-Jul-05,26.79%,8.79%,26.68%,,11.68%,11.73%,,,,,,,0.00%,7.97%,
07-Jul-05,26.77%,8.78%,26.74%,,11.68%,11.73%,,,,,,,0.00%,7.93%,
08-Jul-05,26.74%,8.78%,26.80%,,11.68%,11.73%,,,,,,,0.00%,7.89%,
09-Jul-05,26.71%,8.78%,26.86%,,11.68%,11.72%,,,,,,,0.00%,7.86%,
10-Jul-05,26.68%,8.78%,26.91%,,11.68%,11.72%,,,,,,,0.00%,7.82%,
11-Jul-05,26.65%,8.78%,26.97%,,11.68%,11.72%,,,,,,,0.00%,7.78%,
12-Jul-05,26.63%,8.78%,27.03%,,11.68%,11.71%,,,,,,,0.00%,7.75%,
13-Jul-05,26.60%,8.78%,27.09%,,11.68%,11.71%,,,,,,,0.00%,7.71%,
14-Jul-05,26.57%,8.77%,27.14%,,11.68%,11.71%,,,,,,,0.00%,7.68%,
15-Jul-05,26.52%,8.75%,27.23%,,11.67%,11.70%,,,,,,,0.00%,7.65%,
16-Jul-05,26.47%,8.74%,27.31%,,11.66%,11.69%,,,,,,,0.00%,7.62%,
17-Jul-05,26.43%,8.72%,27.40%,,11.65%,11.67%,,,,,,,0.00%,7.60%,
18-Jul-05,26.38%,8.70%,27.48%,,11.64%,11.66%,,,,,,,0.00%,7.57%,
19-Jul-05,26.33%,8.68%,27.56%,,11.63%,11.65%,,,,,,,0.00%,7.55%,
20-Jul-05,26.28%,8.66%,27.65%,,11.62%,11.64%,,,,,,,0.00%,7.52%,
21-Jul-05,26.24%,8.64%,27.73%,,11.61%,11.63%,,,,,,,0.00%,7.49%,
22-Jul-05,26.19%,8.62%,27.82%,,11.60%,11.61%,,,,,,,0.00%,7.47%,
23-Jul-05,26.14%,8.60%,27.90%,,11.59%,11.60%,,,,,,,0.00%,7.44%,
24-Jul-05,26.09%,8.58%,27.98%,,11.58%,11.59%,,,,,,,0.00%,7.42%,
25-Jul-05,26.04%,8.56%,28.07%,,11.57%,11.58%,,,,,,,0.00%,7.40%,
26-Jul-05,25.99%,8.54%,28.15%,,11.56%,11.57%,,,,,,,0.00%,7.37%,
27-Jul-05,25.94%,8.52%,28.24%,,11.55%,11.56%,,,,,,,0.00%,7.35%,
28-Jul-05,25.89%,8.50%,28.32%,,11.54%,11.54%,,,,,,,0.00%,7.33%,
29-Jul-05,25.84%,8.48%,28.40%,,11.53%,11.53%,,,,,,,0.00%,7.30%,
30-Jul-05,25.79%,8.46%,28.49%,,11.52%,11.52%,,,,,,,0.00%,7.28%,
31-Jul-05,25.74%,8.44%,28.57%,,11.51%,11.51%,,,,,,,0.00%,7.26%,
01-Aug-05,25.69%,8.42%,28.65%,,11.50%,11.50%,,,,,,,0.00%,7.24%,
02-Aug-05,25.64%,8.39%,28.74%,,11.49%,11.49%,,,,,,,0.00%,7.21%,
03-Aug-05,25.59%,8.37%,28.82%,,11.48%,11.48%,,,,,,,0.00%,7.19%,
04-Aug-05,25.53%,8.35%,28.90%,,11.46%,11.46%,,,,,,,0.00%,7.17%,
05-Aug-05,25.48%,8.33%,28.99%,,11.45%,11.45%,,,,,,,0.00%,7.15%,
06-Aug-05,25.43%,8.31%,29.07%,,11.44%,11.44%,,,,,,,0.00%,7.13%,
07-Aug-05,25.38%,8.29%,29.15%,,11.43%,11.43%,,,,,,,0.00%,7.11%,
08-Aug-05,25.32%,8.27%,29.24%,,11.42%,11.42%,,,,,,,0.00%,7.09%,
09-Aug-05,25.27%,8.25%,29.32%,,11.41%,11.41%,,,,,,,0.00%,7.07%,
10-Aug-05,25.22%,8.23%,29.41%,,11.40%,11.40%,,,,,,,0.00%,7.05%,
11-Aug-05,25.17%,8.21%,29.49%,,11.38%,11.38%,,,,,,,0.00%,7.03%,
12-Aug-05,25.11%,8.19%,29.57%,,11.37%,11.37%,,,,,,,0.00%,7.01%,
13-Aug-05,25.06%,8.16%,29.66%,,11.36%,11.36%,,,,,,,0.00%,6.99%,
14-Aug-05,25.01%,8.14%,29.74%,,11.35%,11.35%,,,,,,,0.00%,6.97%,
15-Aug-05,24.97%,8.13%,29.81%,,11.32%,11.36%,,,,,,,0.00%,6.95%,
16-Aug-05,24.93%,8.11%,29.88%,,11.30%,11.36%,,,,,,,0.00%,6.93%,
17-Aug-05,24.89%,8.10%,29.95%,,11.27%,11.37%,,,,,,,0.00%,6.90%,
18-Aug-05,24.85%,8.08%,30.02%,,11.25%,11.38%,,,,,,,0.00%,6.88%,
19-Aug-05,24.81%,8.07%,30.08%,,11.22%,11.38%,,,,,,,0.00%,6.86%,
20-Aug-05,24.77%,8.05%,30.15%,,11.20%,11.39%,,,,,,,0.00%,6.84%,
21-Aug-05,24.73%,8.04%,30.22%,,11.17%,11.40%,,,,,,,0.00%,6.81%,
22-Aug-05,24.69%,8.02%,30.29%,,11.14%,11.41%,,,,,,,0.00%,6.79%,
23-Aug-05,24.65%,8.00%,30.36%,,11.12%,11.41%,,,,,,,0.00%,6.77%,
24-Aug-05,24.61%,7.99%,30.43%,,11.09%,11.42%,,,,,,,0.00%,6.75%,
25-Aug-05,24.57%,7.97%,30.49%,,11.06%,11.43%,,,,,,,0.00%,6.72%,
26-Aug-05,24.53%,7.96%,30.56%,,11.04%,11.44%,,,,,,,0.00%,6.70%,
27-Aug-05,24.50%,7.94%,30.63%,,11.01%,11.44%,,,,,,,0.00%,6.68%,
28-Aug-05,24.46%,7.93%,30.70%,,10.98%,11.45%,,,,,,,0.00%,6.66%,
29-Aug-05,24.42%,7.91%,30.77%,,10.96%,11.46%,,,,,,,0.00%,6.64%,
30-Aug-05,24.38%,7.90%,30.83%,,10.93%,11.47%,,,,,,,0.00%,6.61%,
31-Aug-05,24.34%,7.88%,30.90%,,10.90%,11.48%,,,,,,,0.00%,6.59%,
01-Sep-05,24.30%,7.86%,30.97%,,10.88%,11.48%,,,,,,,0.00%,6.57%,
02-Sep-05,24.26%,7.85%,31.04%,,10.85%,11.49%,,,,,,,0.00%,6.55%,
03-Sep-05,24.22%,7.83%,31.11%,,10.82%,11.50%,,,,,,,0.00%,6.53%,
04-Sep-05,24.18%,7.82%,31.17%,,10.79%,11.51%,,,,,,,0.00%,6.50%,
05-Sep-05,24.14%,7.80%,31.24%,,10.76%,11.52%,,,,,,,0.00%,6.48%,
06-Sep-05,24.11%,7.78%,31.31%,,10.74%,11.53%,,,,,,,0.00%,6.46%,
07-Sep-05,24.07%,7.77%,31.38%,,10.71%,11.54%,,,,,,,0.00%,6.44%,
08-Sep-05,24.03%,7.75%,31.45%,,10.68%,11.55%,,,,,,,0.00%,6.42%,
09-Sep-05,23.99%,7.74%,31.52%,,10.65%,11.56%,,,,,,,0.00%,6.39%,
10-Sep-05,23.95%,7.72%,31.58%,,10.62%,11.57%,,,,,,,0.00%,6.37%,
11-Sep-05,23.91%,7.70%,31.65%,,10.59%,11.58%,,,,,,,0.00%,6.35%,
12-Sep-05,23.87%,7.69%,31.72%,,10.56%,11.59%,,,,,,,0.00%,6.33%,
13-Sep-05,23.87%,7.67%,31.73%,,10.53%,11.60%,,,,,,,0.00%,6.34%,
14-Sep-05,23.86%,7.66%,31.75%,,10.50%,11.61%,,,,,,,0.00%,6.35%,
15-Sep-05,23.86%,7.64%,31.78%,,10.47%,11.61%,,,,,,,0.00%,6.35%,
16-Sep-05,23.86%,7.63%,31.82%,,10.44%,11.62%,,,,,,,0.00%,6.36%,
17-Sep-05,23.87%,7.62%,31.86%,,10.40%,11.62%,,,,,,,0.00%,6.37%,
18-Sep-05,23.87%,7.61%,31.89%,,10.37%,11.63%,,,,,,,0.00%,6.38%,
19-Sep-05,23.87%,7.60%,31.93%,,10.34%,11.63%,,,,,,,0.00%,6.38%,
20-Sep-05,23.87%,7.59%,31.97%,,10.31%,11.63%,,,,,,,0.00%,6.39%,
21-Sep-05,23.87%,7.58%,32.00%,,10.27%,11.64%,,,,,,,0.00%,6.40%,
22-Sep-05,23.87%,7.56%,32.04%,,10.24%,11.64%,,,,,,,0.00%,6.40%,
23-Sep-05,23.87%,7.55%,32.08%,,10.21%,11.65%,,,,,,,0.00%,6.41%,
24-Sep-05,23.87%,7.54%,32.11%,,10.17%,11.65%,,,,,,,0.00%,6.42%,
25-Sep-05,23.88%,7.53%,32.15%,,10.14%,11.65%,,,,,,,0.00%,6.42%,
26-Sep-05,23.88%,7.52%,32.19%,,10.11%,11.66%,,,,,,,0.00%,6.43%,
27-Sep-05,23.88%,7.51%,32.22%,,10.08%,11.66%,,,,,,,0.00%,6.44%,
28-Sep-05,23.88%,7.50%,32.26%,,10.04%,11.67%,,,,,,,0.00%,6.45%,
29-Sep-05,23.89%,7.49%,32.30%,,10.01%,11.67%,,,,,,,0.00%,6.45%,
30-Sep-05,23.89%,7.48%,32.34%,,9.98%,11.68%,,,,,,,0.00%,6.46%,
01-Oct-05,23.89%,7.47%,32.37%,,9.94%,11.68%,,,,,,,0.00%,6.47%,
02-Oct-05,23.89%,7.46%,32.41%,,9.91%,11.69%,,,,,,,0.00%,6.47%,
03-Oct-05,23.90%,7.45%,32.45%,,9.87%,11.69%,,,,,,,0.00%,6.48%,
04-Oct-05,23.90%,7.44%,32.49%,,9.84%,11.69%,,,,,,,0.00%,6.49%,
05-Oct-05,23.90%,7.43%,32.52%,,9.81%,11.70%,,,,,,,0.00%,6.49%,
06-Oct-05,23.90%,7.42%,32.56%,,9.77%,11.70%,,,,,,,0.00%,6.50%,
07-Oct-05,23.91%,7.41%,32.60%,,9.74%,11.71%,,,,,,,0.00%,6.51%,
08-Oct-05,23.91%,7.40%,32.64%,,9.70%,11.71%,,,,,,,0.00%,6.51%,
09-Oct-05,23.92%,7.39%,32.67%,,9.67%,11.72%,,,,,,,0.00%,6.52%,
10-Oct-05,23.92%,7.38%,32.71%,,9.64%,11.72%,,,,,,,0.00%,6.53%,
11-Oct-05,23.92%,7.37%,32.75%,,9.60%,11.73%,,,,,,,0.00%,6.53%,
12-Oct-05,23.93%,7.36%,32.79%,,9.57%,11.73%,,,,,,,0.00%,6.54%,
13-Oct-05,23.93%,7.35%,32.83%,,9.53%,11.74%,,,,,,,0.00%,6.54%,
14-Oct-05,23.94%,7.34%,32.86%,,9.50%,11.74%,,,,,,,0.00%,6.55%,
15-Oct-05,23.94%,7.33%,32.89%,,9.47%,11.77%,,,,,,,0.00%,6.55%,
16-Oct-05,23.93%,7.32%,32.92%,,9.45%,11.79%,,,,,,,0.00%,6.56%,
17-Oct-05,23.93%,7.31%,32.95%,,9.42%,11.81%,,,,,,,0.00%,6.56%,
18-Oct-05,23.93%,7.29%,32.98%,,9.40%,11.84%,,,,,,,0.00%,6.56%,
19-Oct-05,23.93%,7.28%,33.01%,,9.37%,11.86%,,,,,,,0.00%,6.57%,
20-Oct-05,23.92%,7.27%,33.04%,,9.35%,11.89%,,,,,,,0.00%,6.57%,
21-Oct-05,23.92%,7.26%,33.07%,,9.32%,11.91%,,,,,,,0.00%,6.57%,
22-Oct-05,23.92%,7.25%,33.10%,,9.30%,11.94%,,,,,,,0.00%,6.58%,
23-Oct-05,23.94%,7.26%,33.10%,,9.28%,11.97%,,,,,,,0.00%,6.57%,
24-Oct-05,23.95%,7.27%,33.10%,,9.27%,12.01%,,,,,,,0.00%,6.57%,
25-Oct-05,23.97%,7.27%,33.11%,,9.25%,12.04%,,,,,,,0.00%,6.56%,
26-Oct-05,23.99%,7.28%,33.11%,,9.24%,12.08%,,,,,,,0.00%,6.55%,
27-Oct-05,24.00%,7.29%,33.11%,,9.22%,12.11%,,,,,,,0.00%,6.55%,
28-Oct-05,24.02%,7.30%,33.11%,,9.20%,12.15%,,,,,,,0.00%,6.54%,
29-Oct-05,24.04%,7.31%,33.12%,,9.19%,12.18%,,,,,,,0.00%,6.54%,
30-Oct-05,24.05%,7.31%,33.12%,,9.17%,12.22%,,,,,,,0.00%,6.53%,
31-Oct-05,24.07%,7.32%,33.12%,,9.16%,12.25%,,,,,,,0.00%,6.52%,
01-Nov-05,24.08%,7.33%,33.12%,,9.14%,12.29%,,,,,,,0.00%,6.52%,
02-Nov-05,24.10%,7.34%,33.12%,,9.13%,12.33%,,,,,,,0.00%,6.51%,
03-Nov-05,24.12%,7.35%,33.13%,,9.11%,12.36%,,,,,,,0.00%,6.51%,
04-Nov-05,24.13%,7.35%,33.13%,,9.10%,12.40%,,,,,,,0.00%,6.50%,
05-Nov-05,24.15%,7.36%,33.13%,,9.09%,12.43%,,,,,,,0.00%,6.49%,
06-Nov-05,24.17%,7.37%,33.13%,,9.07%,12.47%,,,,,,,0.00%,6.49%,
07-Nov-05,24.18%,7.38%,33.13%,,9.06%,12.50%,,,,,,,0.00%,6.48%,
08-Nov-05,24.20%,7.39%,33.14%,,9.04%,12.54%,,,,,,,0.00%,6.47%,
09-Nov-05,24.22%,7.39%,33.14%,,9.03%,12.58%,,,,,,,0.00%,6.47%,
10-Nov-05,24.23%,7.40%,33.14%,,9.02%,12.61%,,,,,,,0.00%,6.46%,
11-Nov-05,24.25%,7.41%,33.14%,,9.00%,12.65%,,,,,,,0.00%,6.45%,
12-Nov-05,24.26%,7.42%,33.15%,,8.99%,12.69%,,,,,,,0.00%,6.45%,
13-Nov-05,24.28%,7.43%,33.15%,,8.98%,12.72%,,,,,,,0.00%,6.44%,
14-Nov-05,24.30%,7.44%,33.15%,,8.96%,12.76%,,,,,,,0.00%,6.43%,
15-Nov-05,24.33%,7.45%,33.16%,,8.95%,12.79%,,,,,,,0.00%,6.42%,
16-Nov-05,24.35%,7.46%,33.16%,,8.93%,12.81%,,,,,,,0.00%,6.41%,
17-Nov-05,24.38%,7.48%,33.17%,,8.91%,12.83%,,,,,,,0.00%,6.41%,
18-Nov-05,24.41%,7.49%,33.17%,,8.90%,12.86%,,,,,,,0.00%,6.40%,
19-Nov-05,24.44%,7.50%,33.18%,,8.88%,12.88%,,,,,,,0.00%,6.39%,
20-Nov-05,24.47%,7.52%,33.18%,,8.87%,12.90%,,,,,,,0.00%,6.38%,
21-Nov-05,24.50%,7.53%,33.19%,,8.85%,12.93%,,,,,,,0.00%,6.37%,
22-Nov-05,24.53%,7.54%,33.19%,,8.84%,12.95%,,,,,,,0.00%,6.36%,
23-Nov-05,24.55%,7.55%,33.22%,,8.83%,12.96%,,,,,,,0.00%,6.35%,
24-Nov-05,24.57%,7.56%,33.24%,,8.83%,12.96%,,,,,,,0.00%,6.35%,
25-Nov-05,24.58%,7.57%,33.26%,,8.83%,12.97%,,,,,,,0.00%,6.34%,
26-Nov-05,24.60%,7.57%,33.28%,,8.83%,12.97%,,,,,,,0.00%,6.33%,
27-Nov-05,24.62%,7.58%,33.30%,,8.83%,12.98%,,,,,,,0.00%,6.32%,
28-Nov-05,24.63%,7.59%,33.32%,,8.82%,12.98%,,,,,,,0.00%,6.32%,
29-Nov-05,24.65%,7.60%,33.35%,,8.82%,12.99%,,,,,,,0.00%,6.31%,
30-Nov-05,24.67%,7.61%,33.37%,,8.82%,12.99%,,,,,,,0.00%,6.30%,
01-Dec-05,24.68%,7.61%,33.39%,,8.82%,12.99%,,,,,,,0.00%,6.30%,
02-Dec-05,24.70%,7.62%,33.41%,,8.82%,13.00%,,,,,,,0.00%,6.29%,
03-Dec-05,24.72%,7.63%,33.43%,,8.82%,13.00%,,,,,,,0.00%,6.28%,
04-Dec-05,24.73%,7.64%,33.45%,,8.82%,13.01%,,,,,,,0.00%,6.27%,
05-Dec-05,24.76%,7.65%,33.48%,,8.82%,13.01%,,,,,,,0.00%,6.27%,
06-Dec-05,24.78%,7.66%,33.50%,,8.81%,13.00%,,,,,,,0.00%,6.26%,
07-Dec-05,24.80%,7.67%,33.52%,,8.81%,13.00%,,,,,,,0.00%,6.25%,
08-Dec-05,24.82%,7.68%,33.54%,,8.81%,13.00%,,,,,,,0.00%,6.24%,
09-Dec-05,24.85%,7.69%,33.57%,,8.81%,13.00%,,,,,,,0.00%,6.23%,
10-Dec-05,24.87%,7.70%,33.59%,,8.81%,12.99%,,,,,,,0.00%,6.22%,
11-Dec-05,24.89%,7.71%,33.61%,,8.81%,12.99%,,,,,,,0.00%,6.22%,
12-Dec-05,24.92%,7.72%,33.63%,,8.81%,12.99%,,,,,,,0.00%,6.21%,
13-Dec-05,24.94%,7.73%,33.66%,,8.80%,12.98%,,,,,,,0.00%,6.20%,
14-Dec-05,24.96%,7.74%,33.68%,,8.80%,12.98%,,,,,,,0.00%,6.19%,
15-Dec-05,24.99%,7.75%,33.70%,,8.80%,12.98%,,,,,,,0.00%,6.18%,
16-Dec-05,25.01%,7.77%,33.72%,,8.80%,12.97%,,,,,,,0.00%,6.17%,
17-Dec-05,25.03%,7.78%,33.74%,,8.80%,12.97%,,,,,,,0.00%,6.16%,
18-Dec-05,25.06%,7.79%,33.76%,,8.80%,12.96%,,,,,,,0.00%,6.15%,
19-Dec-05,25.08%,7.80%,33.79%,,8.80%,12.96%,,,,,,,0.00%,6.15%,
20-Dec-05,25.10%,7.81%,33.81%,,8.80%,12.96%,,,,,,,0.00%,6.14%,
21-Dec-05,25.13%,7.82%,33.83%,,8.81%,12.95%,,,,,,,0.00%,6.13%,
22-Dec-05,25.15%,7.83%,33.85%,,8.81%,12.95%,,,,,,,0.00%,6.12%,
23-Dec-05,25.18%,7.85%,33.87%,,8.81%,12.94%,,,,,,,0.00%,6.11%,
24-Dec-05,25.19%,7.85%,33.87%,,8.81%,12.94%,,,,,,,0.00%,6.10%,
25-Dec-05,25.21%,7.86%,33.87%,,8.82%,12.94%,,,,,,,0.00%,6.09%,
26-Dec-05,25.23%,7.87%,33.87%,,8.82%,12.95%,,,,,,,0.00%,6.09%,
27-Dec-05,25.25%,7.88%,33.87%,,8.83%,12.95%,,,,,,,0.00%,6.08%,
28-Dec-05,25.27%,7.89%,33.87%,,8.83%,12.95%,,,,,,,0.00%,6.07%,
29-Dec-05,25.28%,7.90%,33.87%,,8.84%,12.95%,,,,,,,0.00%,6.06%,
30-Dec-05,25.30%,7.90%,33.86%,,8.85%,12.95%,,,,,,,0.00%,6.06%,
31-Dec-05,25.32%,7.91%,33.86%,,8.85%,12.96%,,,,,,,0.00%,6.05%,
01-Jan-06,25.34%,7.92%,33.86%,,8.86%,12.96%,,,,,,,0.00%,6.04%,
02-Jan-06,25.36%,7.93%,33.86%,,8.86%,12.96%,,,,,,,0.00%,6.03%,
03-Jan-06,25.37%,7.94%,33.86%,,8.87%,12.96%,,,,,,,0.00%,6.03%,
04-Jan-06,25.39%,7.94%,33.86%,,8.87%,12.96%,,,,,,,0.00%,6.02%,
05-Jan-06,25.41%,7.95%,33.86%,,8.88%,12.96%,,,,,,,0.00%,6.01%,
06-Jan-06,25.43%,7.96%,33.86%,,8.88%,12.96%,,,,,,,0.00%,6.00%,
07-Jan-06,25.45%,7.97%,33.86%,,8.89%,12.96%,,,,,,,0.00%,6.00%,
08-Jan-06,25.47%,7.98%,33.85%,,8.89%,12.96%,,,,,,,0.00%,5.99%,
09-Jan-06,25.48%,7.98%,33.85%,,8.90%,12.96%,,,,,,,0.00%,5.98%,
10-Jan-06,25.50%,7.99%,33.85%,,8.90%,12.96%,,,,,,,0.00%,5.97%,
11-Jan-06,25.52%,8.00%,33.85%,,8.91%,12.96%,,,,,,,0.00%,5.97%,
12-Jan-06,25.54%,8.01%,33.85%,,8.91%,12.96%,,,,,,,0.00%,5.96%,
13-Jan-06,25.56%,8.01%,33.85%,,8.92%,12.95%,,,,,,,0.00%,5.95%,
14-Jan-06,25.58%,8.02%,33.85%,,8.92%,12.95%,,,,,,,0.00%,5.94%,
15-Jan-06,25.60%,8.03%,33.85%,,8.93%,12.95%,,,,,,,0.00%,5.94%,
16-Jan-06,25.62%,8.04%,33.85%,,8.93%,12.94%,,,,,,,0.00%,5.93%,
17-Jan-06,25.64%,8.05%,33.85%,,8.94%,12.94%,,,,,,,0.00%,5.92%,
18-Jan-06,25.65%,8.05%,33.85%,,8.94%,12.94%,,,,,,,0.00%,5.92%,
19-Jan-06,25.67%,8.06%,33.85%,,8.95%,12.93%,,,,,,,0.00%,5.91%,
20-Jan-06,25.69%,8.07%,33.85%,,8.95%,12.93%,,,,,,,0.00%,5.90%,
21-Jan-06,25.71%,8.08%,33.85%,,8.96%,12.92%,,,,,,,0.00%,5.89%,
22-Jan-06,25.73%,8.09%,33.85%,,8.96%,12.92%,,,,,,,0.00%,5.89%,
23-Jan-06,25.76%,8.10%,33.86%,,8.96%,12.89%,,,,,,,0.00%,5.88%,
24-Jan-06,25.79%,8.11%,33.87%,,8.95%,12.86%,,,,,,,0.00%,5.88%,
25-Jan-06,25.81%,8.11%,33.87%,,8.95%,12.84%,,,,,,,0.00%,5.87%,
26-Jan-06,25.84%,8.12%,33.88%,,8.94%,12.81%,,,,,,,0.00%,5.87%,
27-Jan-06,25.87%,8.13%,33.89%,,8.94%,12.79%,,,,,,,0.00%,5.86%,
28-Jan-06,25.90%,8.14%,33.90%,,8.93%,12.76%,,,,,,,0.00%,5.86%,
29-Jan-06,25.92%,8.15%,33.91%,,8.93%,12.73%,,,,,,,0.00%,5.86%,
30-Jan-06,25.95%,8.16%,33.92%,,8.92%,12.71%,,,,,,,0.00%,5.85%,
31-Jan-06,25.98%,8.17%,33.93%,,8.92%,12.68%,,,,,,,0.00%,5.85%,
01-Feb-06,26.00%,8.18%,33.94%,,8.91%,12.65%,,,,,,,0.00%,5.84%,
02-Feb-06,26.03%,8.19%,33.95%,,8.91%,12.62%,,,,,,,0.00%,5.84%,
03-Feb-06,26.06%,8.20%,33.96%,,8.90%,12.60%,,,,,,,0.00%,5.84%,
04-Feb-06,26.08%,8.21%,33.96%,,8.89%,12.57%,,,,,,,0.00%,5.83%,
05-Feb-06,26.11%,8.22%,33.97%,,8.89%,12.54%,,,,,,,0.00%,5.83%,
06-Feb-06,26.14%,8.23%,33.98%,,8.88%,12.51%,,,,,,,0.00%,5.82%,
07-Feb-06,26.17%,8.24%,33.99%,,8.88%,12.49%,,,,,,,0.00%,5.82%,
08-Feb-06,26.19%,8.25%,34.00%,,8.87%,12.46%,,,,,,,0.00%,5.82%,
09-Feb-06,26.22%,8.26%,34.01%,,8.86%,12.43%,,,,,,,0.00%,5.81%,
10-Feb-06,26.25%,8.26%,34.02%,,8.86%,12.40%,,,,,,,0.00%,5.81%,
11-Feb-06,26.27%,8.27%,34.02%,,8.85%,12.37%,,,,,,,0.00%,5.80%,
12-Feb-06,26.30%,8.28%,34.03%,,8.85%,12.35%,,,,,,,0.00%,5.80%,
13-Feb-06,26.33%,8.29%,34.04%,,8.84%,12.32%,,,,,,,0.00%,5.80%,
14-Feb-06,26.36%,8.30%,34.05%,,8.83%,12.29%,,,,,,,0.00%,5.79%,
15-Feb-06,26.38%,8.31%,34.06%,,8.83%,12.26%,,,,,,,0.00%,5.79%,
16-Feb-06,26.41%,8.32%,34.06%,,8.82%,12.23%,,,,,,,0.00%,5.79%,
17-Feb-06,26.44%,8.33%,34.07%,,8.81%,12.20%,,,,,,,0.00%,5.78%,
18-Feb-06,26.47%,8.34%,34.08%,,8.81%,12.18%,,,,,,,0.00%,5.78%,
19-Feb-06,26.50%,8.35%,34.09%,,8.80%,12.15%,,,,,,,0.00%,5.77%,
20-Feb-06,26.52%,8.36%,34.09%,,8.79%,12.12%,,,,,,,0.00%,5.77%,
21-Feb-06,26.55%,8.37%,34.10%,,8.78%,12.09%,,,,,,,0.00%,5.77%,
22-Feb-06,26.58%,8.38%,34.11%,,8.78%,12.06%,,,,,,,0.00%,5.76%,
23-Feb-06,26.60%,8.39%,34.11%,,8.77%,12.05%,,,,,,,0.00%,5.76%,
24-Feb-06,26.61%,8.39%,34.12%,,8.77%,12.03%,,,,,,,0.00%,5.76%,
25-Feb-06,26.63%,8.40%,34.12%,,8.76%,12.01%,,,,,,,0.00%,5.76%,
26-Feb-06,26.64%,8.40%,34.12%,,8.76%,12.00%,,,,,,,0.00%,5.76%,
27-Feb-06,26.66%,8.41%,34.13%,,8.76%,11.98%,,,,,,,0.00%,5.75%,
28-Feb-06,26.67%,8.41%,34.13%,,8.75%,11.97%,,,,,,,0.00%,5.75%,
01-Mar-06,26.69%,8.42%,34.13%,,8.75%,11.95%,,,,,,,0.00%,5.75%,
02-Mar-06,26.70%,8.42%,34.13%,,8.74%,11.94%,,,,,,,0.00%,5.75%,
03-Mar-06,26.72%,8.43%,34.14%,,8.74%,11.92%,,,,,,,0.00%,5.75%,
04-Mar-06,26.73%,8.43%,34.14%,,8.73%,11.91%,,,,,,,0.00%,5.75%,
05-Mar-06,26.75%,8.44%,34.14%,,8.73%,11.89%,,,,,,,0.00%,5.74%,
06-Mar-06,26.76%,8.44%,34.15%,,8.72%,11.88%,,,,,,,0.00%,5.74%,
07-Mar-06,26.78%,8.45%,34.15%,,8.72%,11.86%,,,,,,,0.00%,5.74%,
08-Mar-06,26.79%,8.45%,34.15%,,8.71%,11.85%,,,,,,,0.00%,5.74%,
09-Mar-06,26.81%,8.46%,34.15%,,8.71%,11.83%,,,,,,,0.00%,5.74%,
10-Mar-06,26.82%,8.46%,34.16%,,8.70%,11.82%,,,,,,,0.00%,5.74%,
11-Mar-06,26.84%,8.47%,34.16%,,8.70%,11.80%,,,,,,,0.00%,5.74%,
12-Mar-06,26.85%,8.47%,34.16%,,8.69%,11.78%,,,,,,,0.00%,5.73%,
13-Mar-06,26.86%,8.48%,34.17%,,8.69%,11.77%,,,,,,,0.00%,5.73%,
14-Mar-06,26.88%,8.48%,34.17%,,8.69%,11.75%,,,,,,,0.00%,5.73%,
15-Mar-06,26.85%,8.46%,34.18%,,8.68%,11.81%,,,,,,,0.00%,5.72%,
16-Mar-06,26.83%,8.44%,34.19%,,8.67%,11.86%,,,,,,,0.00%,5.71%,
17-Mar-06,26.80%,8.42%,34.20%,,8.66%,11.91%,,,,,,,0.00%,5.70%,
18-Mar-06,26.78%,8.40%,34.21%,,8.65%,11.96%,,,,,,,0.00%,5.69%,
19-Mar-06,26.75%,8.38%,34.21%,,8.64%,12.01%,,,,,,,0.00%,5.68%,
20-Mar-06,26.73%,8.37%,34.22%,,8.63%,12.06%,,,,,,,0.00%,5.67%,
21-Mar-06,26.70%,8.35%,34.23%,,8.62%,12.11%,,,,,,,0.00%,5.66%,
22-Mar-06,26.68%,8.33%,34.24%,,8.61%,12.16%,,,,,,,0.00%,5.65%,
23-Mar-06,26.65%,8.31%,34.25%,,8.60%,12.22%,,,,,,,0.00%,5.64%,
24-Mar-06,26.63%,8.29%,34.26%,,8.59%,12.27%,,,,,,,0.00%,5.63%,
25-Mar-06,26.60%,8.27%,34.27%,,8.58%,12.32%,,,,,,,0.00%,5.62%,
26-Mar-06,26.57%,8.25%,34.28%,,8.57%,12.37%,,,,,,,0.00%,5.61%,
27-Mar-06,26.55%,8.23%,34.29%,,8.56%,12.42%,,,,,,,0.00%,5.60%,
28-Mar-06,26.52%,8.21%,34.29%,,8.55%,12.47%,,,,,,,0.00%,5.59%,
29-Mar-06,26.50%,8.19%,34.30%,,8.55%,12.53%,,,,,,,0.00%,5.58%,
30-Mar-06,26.47%,8.17%,34.31%,,8.54%,12.58%,,,,,,,0.00%,5.57%,
31-Mar-06,26.44%,8.15%,34.32%,,8.53%,12.63%,,,,,,,0.00%,5.56%,
01-Apr-06,26.42%,8.13%,34.33%,,8.52%,12.68%,,,,,,,0.00%,5.55%,
02-Apr-06,26.39%,8.11%,34.34%,,8.51%,12.73%,,,,,,,0.00%,5.54%,
03-Apr-06,26.36%,8.09%,34.35%,,8.50%,12.79%,,,,,,,0.00%,5.53%,
04-Apr-06,26.33%,8.07%,34.36%,,8.49%,12.84%,,,,,,,0.00%,5.52%,
05-Apr-06,26.31%,8.05%,34.37%,,8.48%,12.89%,,,,,,,0.00%,5.51%,
06-Apr-06,26.28%,8.03%,34.38%,,8.47%,12.94%,,,,,,,0.00%,5.50%,
07-Apr-06,26.25%,8.01%,34.39%,,8.46%,12.99%,,,,,,,0.00%,5.49%,
08-Apr-06,26.23%,7.99%,34.40%,,8.45%,13.05%,,,,,,,0.00%,5.48%,
09-Apr-06,26.20%,7.97%,34.41%,,8.44%,13.10%,,,,,,,0.00%,5.47%,
10-Apr-06,26.17%,7.95%,34.42%,,8.43%,13.15%,,,,,,,0.00%,5.46%,
11-Apr-06,26.14%,7.93%,34.43%,,8.43%,13.21%,,,,,,,0.00%,5.45%,
12-Apr-06,26.11%,7.91%,34.44%,,8.42%,13.26%,,,,,,,0.00%,5.44%,
13-Apr-06,26.09%,7.89%,34.45%,,8.41%,13.31%,,,,,,,0.00%,5.43%,
14-Apr-06,26.06%,7.86%,34.45%,,8.40%,13.37%,,,,,,,0.00%,5.42%,
15-Apr-06,26.02%,7.87%,34.45%,,8.40%,13.41%,,,,,,,0.00%,5.43%,
16-Apr-06,25.99%,7.87%,34.45%,,8.40%,13.45%,,,,,,,0.00%,5.44%,
17-Apr-06,25.95%,7.88%,34.45%,,8.39%,13.49%,,,,,,,0.00%,5.44%,
18-Apr-06,25.92%,7.88%,34.45%,,8.39%,13.53%,,,,,,,0.00%,5.45%,
19-Apr-06,25.88%,7.89%,34.45%,,8.39%,13.57%,,,,,,,0.00%,5.46%,
20-Apr-06,25.84%,7.89%,34.45%,,8.39%,13.61%,,,,,,,0.00%,5.46%,
21-Apr-06,25.81%,7.90%,34.45%,,8.39%,13.65%,,,,,,,0.00%,5.47%,
22-Apr-06,25.77%,7.90%,34.45%,,8.39%,13.70%,,,,,,,0.00%,5.48%,
23-Apr-06,25.74%,7.91%,34.45%,,8.39%,13.74%,,,,,,,0.00%,5.49%,
24-Apr-06,25.70%,7.91%,34.44%,,8.39%,13.78%,,,,,,,0.00%,5.49%,
25-Apr-06,25.66%,7.91%,34.44%,,8.39%,13.82%,,,,,,,0.00%,5.50%,
26-Apr-06,25.62%,7.92%,34.44%,,8.39%,13.87%,,,,,,,0.00%,5.51%,
27-Apr-06,25.59%,7.92%,34.44%,,8.38%,13.91%,,,,,,,0.00%,5.51%,
28-Apr-06,25.55%,7.93%,34.44%,,8.38%,13.95%,,,,,,,0.00%,5.52%,
29-Apr-06,25.51%,7.93%,34.43%,,8.38%,14.00%,,,,,,,0.00%,5.53%,
30-Apr-06,25.47%,7.94%,34.43%,,8.38%,14.04%,,,,,,,0.00%,5.54%,
01-May-06,25.43%,7.94%,34.43%,,8.38%,14.09%,,,,,,,0.00%,5.55%,
02-May-06,25.39%,7.94%,34.42%,,8.39%,14.13%,,,,,,,0.00%,5.55%,
03-May-06,25.35%,7.95%,34.42%,,8.39%,14.18%,,,,,,,0.00%,5.56%,
04-May-06,25.31%,7.95%,34.42%,,8.39%,14.23%,,,,,,,0.00%,5.57%,
05-May-06,25.27%,7.96%,34.41%,,8.39%,14.27%,,,,,,,0.00%,5.58%,
06-May-06,25.23%,7.96%,34.41%,,8.39%,14.32%,,,,,,,0.00%,5.58%,
07-May-06,25.19%,7.97%,34.41%,,8.39%,14.36%,,,,,,,0.00%,5.59%,
08-May-06,25.15%,7.97%,34.40%,,8.39%,14.41%,,,,,,,0.00%,5.60%,
09-May-06,25.11%,7.97%,34.40%,,8.39%,14.46%,,,,,,,0.00%,5.61%,
10-May-06,25.07%,7.98%,34.40%,,8.39%,14.50%,,,,,,,0.00%,5.62%,
11-May-06,25.03%,7.98%,34.39%,,8.39%,14.55%,,,,,,,0.00%,5.63%,
12-May-06,24.99%,7.99%,34.39%,,8.39%,14.59%,,,,,,,0.00%,5.63%,
13-May-06,24.95%,7.99%,34.39%,,8.40%,14.64%,,,,,,,0.00%,5.64%,
14-May-06,24.91%,8.00%,34.38%,,8.40%,14.68%,,,,,,,0.00%,5.65%,
15-May-06,24.88%,8.01%,34.37%,,8.41%,14.72%,,,,,,,0.00%,5.66%,
16-May-06,24.84%,8.02%,34.36%,,8.43%,14.75%,,,,,,,0.00%,5.67%,
17-May-06,24.80%,8.03%,34.35%,,8.45%,14.79%,,,,,,,0.00%,5.68%,
18-May-06,24.77%,8.04%,34.34%,,8.47%,14.82%,,,,,,,0.00%,5.69%,
19-May-06,24.73%,8.05%,34.33%,,8.48%,14.86%,,,,,,,0.00%,5.70%,
20-May-06,24.70%,8.07%,34.32%,,8.50%,14.89%,,,,,,,0.00%,5.71%,
21-May-06,24.66%,8.08%,34.32%,,8.52%,14.93%,,,,,,,0.00%,5.72%,
22-May-06,24.63%,8.09%,34.31%,,8.54%,14.96%,,,,,,,0.00%,5.73%,
23-May-06,24.59%,8.10%,34.30%,,8.56%,15.00%,,,,,,,0.00%,5.74%,
24-May-06,24.56%,8.11%,34.29%,,8.57%,15.03%,,,,,,,0.00%,5.75%,
25-May-06,24.52%,8.13%,34.28%,,8.59%,15.06%,,,,,,,0.00%,5.76%,
26-May-06,24.49%,8.14%,34.27%,,8.61%,15.10%,,,,,,,0.00%,5.78%,
27-May-06,24.45%,8.15%,34.26%,,8.63%,15.13%,,,,,,,0.00%,5.79%,
28-May-06,24.42%,8.16%,34.25%,,8.65%,15.17%,,,,,,,0.00%,5.80%,
29-May-06,24.38%,8.18%,34.24%,,8.67%,15.20%,,,,,,,0.00%,5.81%,
30-May-06,24.35%,8.19%,34.23%,,8.69%,15.23%,,,,,,,0.00%,5.82%,
31-May-06,24.31%,8.20%,34.22%,,8.70%,15.27%,,,,,,,0.00%,5.83%,
01-Jun-06,24.27%,8.21%,34.21%,,8.72%,15.30%,,,,,,,0.00%,5.84%,
02-Jun-06,24.24%,8.23%,34.19%,,8.74%,15.33%,,,,,,,0.00%,5.85%,
03-Jun-06,24.20%,8.24%,34.18%,,8.76%,15.37%,,,,,,,0.00%,5.86%,
04-Jun-06,24.17%,8.25%,34.17%,,8.78%,15.40%,,,,,,,0.00%,5.87%,
05-Jun-06,24.13%,8.27%,34.16%,,8.80%,15.43%,,,,,,,0.00%,,
06-Jun-06,24.10%,8.28%,34.15%,,8.82%,15.46%,,,,,,,0.00%,,
07-Jun-06,24.06%,8.30%,34.14%,,8.84%,15.50%,,,,,,,0.00%,,
08-Jun-06,24.03%,8.31%,34.13%,,8.86%,15.53%,,,,,,,0.00%,,
09-Jun-06,23.99%,8.32%,34.12%,,8.88%,15.56%,,,,,,,0.00%,,
10-Jun-06,23.96%,8.34%,34.11%,,8.90%,15.59%,,,,,,,0.00%,,
11-Jun-06,23.92%,8.35%,34.10%,,8.93%,15.62%,,,,,,,0.00%,,
12-Jun-06,23.89%,8.37%,34.09%,,8.95%,15.66%,,,,,,,0.00%,,
13-Jun-06,23.85%,8.38%,34.07%,,8.97%,15.69%,,,,,,,0.00%,,
14-Jun-06,23.82%,8.40%,34.06%,,8.99%,15.72%,,,,,,,0.00%,,
15-Jun-06,23.78%,8.42%,34.05%,,9.01%,15.75%,,,,,,,0.00%,,
16-Jun-06,23.75%,8.43%,34.04%,,9.03%,15.78%,,,,,,,0.00%,,
17-Jun-06,23.71%,8.45%,34.03%,,9.06%,15.81%,,,,,,,0.00%,,
18-Jun-06,23.68%,8.47%,34.01%,,9.08%,15.84%,,,,,,,0.00%,,
19-Jun-06,23.64%,8.48%,34.00%,,9.10%,15.87%,,,,,,,0.00%,,
20-Jun-06,23.61%,8.50%,33.99%,,9.13%,15.90%,,,,,,,0.00%,,
21-Jun-06,23.57%,8.52%,33.98%,,9.15%,15.93%,,,,,,,0.00%,,
22-Jun-06,23.54%,8.54%,33.96%,,9.18%,15.96%,,,,,,,0.00%,,
23-Jun-06,23.54%,8.58%,33.94%,,9.21%,15.92%,,,,,,,0.00%,,
24-Jun-06,23.54%,8.62%,33.92%,,9.24%,15.89%,,,,,,,0.00%,,
25-Jun-06,23.53%,8.66%,33.90%,,9.27%,15.86%,,,,,,,0.00%,,
26-Jun-06,23.53%,8.70%,33.88%,,9.30%,15.83%,,,,,,,0.00%,,
27-Jun-06,23.53%,8.74%,33.86%,,9.33%,15.80%,,,,,,,0.00%,,
28-Jun-06,23.53%,8.78%,33.84%,,9.37%,15.76%,,,,,,,0.00%,,
29-Jun-06,23.53%,8.82%,33.82%,,9.40%,15.73%,,,,,,,0.00%,,
30-Jun-06,23.53%,8.86%,33.80%,,9.43%,15.70%,,,,,,,0.00%,,
01-Jul-06,23.53%,8.90%,33.78%,,9.46%,15.67%,,,,,,,0.00%,,
02-Jul-06,23.53%,8.94%,33.76%,,9.49%,15.63%,,,,,,,0.00%,,
03-Jul-06,23.53%,8.98%,33.74%,,9.53%,15.60%,,,,,,,0.00%,,
04-Jul-06,23.52%,9.03%,33.72%,,9.56%,15.57%,,,,,,,0.00%,,
05-Jul-06,23.52%,9.07%,33.70%,,9.59%,15.53%,,,,,,,0.00%,,
06-Jul-06,23.52%,9.11%,33.68%,,9.63%,15.50%,,,,,,,0.00%,,
07-Jul-06,23.52%,9.15%,33.66%,,9.66%,15.47%,,,,,,,0.00%,,
08-Jul-06,23.52%,9.19%,33.64%,,9.69%,15.44%,,,,,,,0.00%,,
09-Jul-06,23.52%,9.23%,33.62%,,9.73%,15.40%,,,,,,,0.00%,,
10-Jul-06,23.52%,9.27%,33.60%,,9.76%,15.37%,,,,,,,0.00%,,
11-Jul-06,23.52%,9.31%,33.58%,,9.80%,15.34%,,,,,,,0.00%,,
12-Jul-06,23.52%,9.35%,33.56%,,9.83%,15.30%,,,,,,,0.00%,,
13-Jul-06,23.52%,9.39%,33.54%,,9.87%,15.27%,,,,,,,0.00%,,
14-Jul-06,23.52%,9.43%,33.52%,,9.90%,15.23%,,,,,,,0.00%,,
15-Jul-06,23.58%,9.47%,33.48%,,9.91%,15.22%,,,,,,,0.00%,,
16-Jul-06,23.63%,9.50%,33.44%,,9.92%,15.21%,,,,,,,0.00%,,
17-Jul-06,23.69%,9.53%,33.41%,,9.94%,15.20%,,,,,,,0.00%,,
18-Jul-06,23.74%,9.57%,33.37%,,9.95%,15.19%,,,,,,,0.00%,,
19-Jul-06,23.80%,9.60%,33.33%,,9.96%,15.18%,,,,,,,0.00%,,
20-Jul-06,23.86%,9.64%,33.29%,,9.97%,15.17%,,,,,,,0.00%,,
21-Jul-06,23.91%,9.67%,33.25%,,9.98%,15.16%,,,,,,,0.00%,,
22-Jul-06,23.97%,9.71%,33.21%,,9.99%,15.15%,,,,,,,0.00%,,
23-Jul-06,24.03%,9.74%,33.16%,,10.00%,15.14%,,,,,,,0.00%,,
24-Jul-06,24.10%,9.75%,33.13%,,10.00%,15.15%,,,,,,,0.00%,,
25-Jul-06,24.17%,9.76%,33.10%,,10.01%,15.15%,,,,,,,0.00%,,
26-Jul-06,24.23%,9.76%,33.07%,,10.01%,15.16%,,,,,,,0.00%,,
27-Jul-06,24.30%,9.77%,33.04%,,10.01%,15.16%,,,,,,,0.00%,,
28-Jul-06,24.37%,9.78%,33.00%,,10.02%,15.17%,,,,,,,0.00%,,
29-Jul-06,24.44%,9.79%,32.97%,,10.02%,15.17%,,,,,,,0.00%,,
30-Jul-06,24.51%,9.80%,32.94%,,10.02%,15.18%,,,,,,,0.00%,,
31-Jul-06,24.58%,9.81%,32.91%,,10.02%,15.18%,,,,,,,0.00%,,
01-Aug-06,24.65%,9.81%,32.87%,,10.02%,15.19%,,,,,,,0.00%,,
02-Aug-06,24.72%,9.82%,32.84%,,10.02%,15.20%,,,,,,,0.00%,,
03-Aug-06,24.79%,9.83%,32.81%,,10.03%,15.20%,,,,,,,0.00%,,
04-Aug-06,24.86%,9.84%,32.78%,,10.03%,15.21%,,,,,,,0.00%,,
05-Aug-06,24.93%,9.84%,32.74%,,10.03%,15.22%,,,,,,,0.00%,,
06-Aug-06,25.00%,9.85%,32.71%,,10.03%,15.22%,,,,,,,0.00%,,
07-Aug-06,25.08%,9.86%,32.68%,,10.03%,15.23%,,,,,,,0.00%,,
08-Aug-06,25.15%,9.87%,32.64%,,10.03%,15.24%,,,,,,,0.00%,,
09-Aug-06,25.22%,9.87%,32.61%,,10.03%,15.25%,,,,,,,0.00%,,
10-Aug-06,25.30%,9.88%,32.57%,,10.03%,15.26%,,,,,,,0.00%,,
11-Aug-06,25.37%,9.89%,32.54%,,10.03%,15.27%,,,,,,,0.00%,,
12-Aug-06,25.45%,9.89%,32.51%,,10.02%,15.28%,,,,,,,0.00%,,
13-Aug-06,25.53%,9.90%,32.47%,,10.02%,15.29%,,,,,,,0.00%,,
14-Aug-06,25.60%,9.90%,32.44%,,10.02%,15.30%,,,,,,,0.00%,,
15-Aug-06,25.66%,9.89%,32.41%,,10.02%,15.33%,,,,,,,0.00%,,
16-Aug-06,25.72%,9.88%,32.39%,,10.02%,15.37%,,,,,,,0.00%,,
17-Aug-06,25.79%,9.86%,32.36%,,10.02%,15.40%,,,,,,,0.00%,,
18-Aug-06,25.85%,9.85%,32.34%,,10.03%,15.44%,,,,,,,0.00%,,
19-Aug-06,25.91%,9.83%,32.31%,,10.03%,15.48%,,,,,,,0.00%,,
20-Aug-06,25.97%,9.82%,32.29%,,10.03%,15.52%,,,,,,,0.00%,,
21-Aug-06,26.03%,9.80%,32.27%,,10.03%,15.55%,,,,,,,0.00%,,
22-Aug-06,26.09%,9.79%,32.24%,,10.03%,15.59%,,,,,,,0.00%,,
23-Aug-06,26.15%,9.77%,32.22%,,10.01%,15.64%,,,,,,,0.00%,,
24-Aug-06,26.20%,9.75%,32.20%,,10.00%,15.69%,,,,,,,0.00%,,
25-Aug-06,26.26%,9.72%,32.18%,,9.98%,15.74%,,,,,,,0.00%,,
26-Aug-06,26.32%,9.70%,32.17%,,9.97%,15.79%,,,,,,,0.00%,,
27-Aug-06,26.37%,9.68%,32.15%,,9.95%,15.84%,,,,,,,0.00%,,
28-Aug-06,26.43%,9.66%,32.13%,,9.93%,15.89%,,,,,,,0.00%,,
29-Aug-06,26.49%,9.63%,32.11%,,9.92%,15.95%,,,,,,,0.00%,,
30-Aug-06,26.54%,9.61%,32.09%,,9.90%,16.00%,,,,,,,0.00%,,
31-Aug-06,26.60%,9.59%,32.07%,,9.88%,16.05%,,,,,,,0.00%,,
01-Sep-06,26.66%,9.56%,32.05%,,9.87%,16.10%,,,,,,,0.00%,,
02-Sep-06,26.71%,9.54%,32.04%,,9.85%,16.15%,,,,,,,0.00%,,
03-Sep-06,26.77%,9.52%,32.02%,,9.83%,16.20%,,,,,,,0.00%,,
04-Sep-06,26.83%,9.49%,32.00%,,9.82%,16.25%,,,,,,,0.00%,,
05-Sep-06,26.88%,9.47%,31.98%,,9.80%,16.30%,,,,,,,0.00%,,
06-Sep-06,26.94%,9.45%,31.96%,,9.78%,16.36%,,,,,,,0.00%,,
07-Sep-06,26.99%,9.42%,31.95%,,9.77%,16.41%,,,,,,,0.00%,,
08-Sep-06,27.05%,9.40%,31.93%,,9.75%,16.46%,,,,,,,0.00%,,
09-Sep-06,27.11%,9.37%,31.91%,,9.73%,16.51%,,,,,,,0.00%,,
10-Sep-06,27.16%,9.35%,31.90%,,9.71%,16.57%,,,,,,,0.00%,,
11-Sep-06,27.22%,9.32%,31.88%,,9.70%,16.62%,,,,,,,0.00%,,
12-Sep-06,27.27%,9.30%,31.86%,,9.68%,16.67%,,,,,,,0.00%,,
13-Sep-06,27.33%,9.27%,31.84%,,9.66%,16.73%,,,,,,,0.00%,,
14-Sep-06,27.38%,9.24%,31.83%,,9.64%,16.78%,,,,,,,0.00%,,
15-Sep-06,27.44%,9.22%,31.81%,,9.62%,16.84%,,,,,,,0.00%,,
16-Sep-06,27.49%,9.19%,31.79%,,9.61%,16.89%,,,,,,,0.00%,,
17-Sep-06,27.55%,9.16%,31.78%,,9.59%,16.94%,,,,,,,0.00%,,
18-Sep-06,27.60%,9.14%,31.76%,,9.57%,17.00%,,,,,,,0.00%,,
19-Sep-06,27.66%,9.11%,31.75%,,9.55%,17.06%,,,,,,,0.00%,,
20-Sep-06,27.71%,9.08%,31.73%,,9.53%,17.11%,,,,,,,0.00%,,
21-Sep-06,27.77%,9.05%,31.72%,,9.51%,17.17%,,,,,,,0.00%,,
22-Sep-06,27.82%,9.03%,31.70%,,9.49%,17.22%,,,,,,,0.00%,,
23-Sep-06,27.87%,9.00%,31.69%,,9.47%,17.28%,,,,,,,0.00%,,
24-Sep-06,27.93%,8.97%,31.67%,,9.45%,17.34%,,,,,,,0.00%,,
25-Sep-06,27.98%,8.94%,31.66%,,9.43%,17.40%,,,,,,,0.00%,,
26-Sep-06,28.03%,8.91%,31.64%,,9.41%,17.45%,,,,,,,0.00%,,
27-Sep-06,28.09%,8.88%,31.63%,,9.39%,17.51%,,,,,,,0.00%,,
28-Sep-06,28.14%,8.85%,31.61%,,9.37%,17.57%,,,,,,,0.00%,,
29-Sep-06,28.19%,8.81%,31.60%,,9.35%,17.63%,,,,,,,0.00%,,
30-Sep-06,28.25%,8.78%,31.59%,,9.33%,17.69%,,,,,,,0.00%,,
01-Oct-06,28.30%,8.75%,31.57%,,9.30%,17.75%,,,,,,,0.00%,,
02-Oct-06,28.35%,8.72%,31.56%,,9.28%,17.81%,,,,,,,0.00%,,
03-Oct-06,28.40%,8.68%,31.55%,,9.26%,17.88%,,,,,,,0.00%,,
04-Oct-06,28.45%,8.65%,31.54%,,9.24%,17.94%,,,,,,,0.00%,,
05-Oct-06,28.50%,8.61%,31.52%,,9.21%,18.00%,,,,,,,0.00%,,
06-Oct-06,28.55%,8.58%,31.51%,,9.19%,18.06%,,,,,,,0.00%,,
07-Oct-06,28.60%,8.55%,31.50%,,9.17%,18.12%,,,,,,,0.00%,,
08-Oct-06,28.65%,8.51%,31.49%,,9.15%,18.19%,,,,,,,0.00%,,
09-Oct-06,28.70%,8.48%,31.48%,,9.12%,18.25%,,,,,,,0.00%,,
10-Oct-06,28.75%,8.44%,31.47%,,9.10%,18.32%,,,,,,,0.00%,,
11-Oct-06,28.80%,8.41%,31.46%,,9.08%,18.38%,,,,,,,0.00%,,
12-Oct-06,28.85%,8.37%,31.45%,,9.06%,18.45%,,,,,,,0.00%,,
13-Oct-06,28.90%,8.34%,31.44%,,9.03%,18.51%,,,,,,,0.00%,,
14-Oct-06,28.94%,8.30%,31.43%,,9.01%,18.58%,,,,,,,0.00%,,
15-Oct-06,29.01%,8.28%,31.40%,,8.98%,18.62%,,,,,,,0.00%,,
16-Oct-06,29.07%,8.26%,31.38%,,8.95%,18.66%,,,,,,,0.00%,,
17-Oct-06,29.14%,8.24%,31.35%,,8.92%,18.70%,,,,,,,0.00%,,
18-Oct-06,29.21%,8.22%,31.33%,,8.89%,18.75%,,,,,,,0.00%,,
19-Oct-06,29.27%,8.21%,31.30%,,8.86%,18.79%,,,,,,,0.00%,,
20-Oct-06,29.34%,8.19%,31.27%,,8.82%,18.83%,,,,,,,0.00%,,
21-Oct-06,29.40%,8.17%,31.25%,,8.79%,18.87%,,,,,,,0.00%,,
22-Oct-06,29.47%,8.15%,31.22%,,8.76%,18.91%,,,,,,,0.00%,,
23-Oct-06,29.48%,8.14%,31.22%,,8.75%,18.93%,,,,,,,0.00%,,
24-Oct-06,29.49%,8.13%,31.21%,,8.74%,18.95%,,,,,,,0.00%,,
25-Oct-06,29.50%,8.11%,31.20%,,8.73%,18.97%,,,,,,,0.00%,,
26-Oct-06,29.51%,8.10%,31.20%,,8.72%,18.99%,,,,,,,0.00%,,
27-Oct-06,29.52%,8.09%,31.19%,,8.71%,19.01%,,,,,,,0.00%,,
28-Oct-06,29.53%,8.08%,31.19%,,8.70%,19.02%,,,,,,,0.00%,,
29-Oct-06,29.54%,8.07%,31.18%,,8.69%,19.04%,,,,,,,0.00%,,
30-Oct-06,29.54%,8.06%,31.17%,,8.69%,19.06%,,,,,,,0.00%,,
31-Oct-06,29.55%,8.05%,31.17%,,8.68%,19.07%,,,,,,,0.00%,,
01-Nov-06,29.56%,8.04%,31.16%,,8.67%,19.09%,,,,,,,0.00%,,
02-Nov-06,29.56%,8.03%,31.16%,,8.66%,19.10%,,,,,,,0.00%,,
03-Nov-06,29.57%,8.02%,31.15%,,8.65%,19.12%,,,,,,,0.00%,,
04-Nov-06,29.58%,8.01%,31.14%,,8.64%,19.13%,,,,,,,0.00%,,
05-Nov-06,29.58%,8.00%,31.14%,,8.63%,19.15%,,,,,,,0.00%,,
06-Nov-06,29.59%,7.99%,31.13%,,8.63%,19.16%,,,,,,,0.00%,,
07-Nov-06,29.59%,7.98%,31.13%,,8.62%,19.17%,,,,,,,0.00%,,
08-Nov-06,29.60%,7.97%,31.12%,,8.61%,19.19%,,,,,,,0.00%,,
09-Nov-06,29.60%,7.96%,31.11%,,8.60%,19.20%,,,,,,,0.00%,,
10-Nov-06,29.61%,7.95%,31.11%,,8.60%,19.21%,,,,,,,0.00%,,
11-Nov-06,29.62%,7.95%,31.10%,,8.59%,19.22%,,,,,,,0.00%,,
12-Nov-06,29.62%,7.94%,31.10%,,8.58%,19.23%,,,,,,,0.00%,,
13-Nov-06,29.62%,7.93%,31.09%,,8.57%,19.24%,,,,,,,0.00%,,
14-Nov-06,29.63%,7.93%,31.08%,,8.57%,19.25%,,,,,,,0.00%,,
15-Nov-06,29.64%,7.90%,31.06%,,8.58%,19.26%,,,,,,,0.00%,,
16-Nov-06,29.65%,7.88%,31.04%,,8.59%,19.26%,,,,,,,0.00%,,
17-Nov-06,29.66%,7.86%,31.01%,,8.60%,19.27%,,,,,,,0.00%,,
18-Nov-06,29.66%,7.84%,30.99%,,8.61%,19.27%,,,,,,,0.00%,,
19-Nov-06,29.67%,7.82%,30.97%,,8.63%,19.28%,,,,,,,0.00%,,
20-Nov-06,29.68%,7.80%,30.94%,,8.64%,19.28%,,,,,,,0.00%,,
21-Nov-06,29.69%,7.78%,30.92%,,8.65%,19.29%,,,,,,,0.00%,,
22-Nov-06,29.69%,7.76%,30.90%,,8.67%,19.29%,,,,,,,0.00%,,
23-Nov-06,29.72%,7.76%,30.86%,,8.67%,19.27%,,,,,,,0.00%,,
24-Nov-06,29.74%,7.76%,30.83%,,8.68%,19.25%,,,,,,,0.00%,,
25-Nov-06,29.77%,7.75%,30.79%,,8.69%,19.22%,,,,,,,0.00%,,
26-Nov-06,29.79%,7.75%,30.76%,,8.70%,19.20%,,,,,,,0.00%,,
27-Nov-06,29.81%,7.75%,30.72%,,8.71%,19.17%,,,,,,,0.00%,,
28-Nov-06,29.84%,7.75%,30.69%,,8.73%,19.15%,,,,,,,0.00%,,
29-Nov-06,29.86%,7.75%,30.66%,,8.74%,19.13%,,,,,,,0.00%,,
30-Nov-06,29.88%,7.75%,30.62%,,8.75%,19.10%,,,,,,,0.00%,,
01-Dec-06,29.90%,7.75%,30.59%,,8.76%,19.07%,,,,,,,0.00%,,
02-Dec-06,29.93%,7.75%,30.55%,,8.77%,19.05%,,,,,,,0.00%,,
03-Dec-06,29.95%,7.75%,30.52%,,8.78%,19.02%,,,,,,,0.00%,,
04-Dec-06,29.97%,7.75%,30.48%,,8.79%,19.00%,,,,,,,0.00%,,
05-Dec-06,29.99%,7.75%,30.45%,,8.80%,18.97%,,,,,,,0.00%,,
06-Dec-06,30.02%,7.75%,30.42%,,8.81%,18.95%,,,,,,,0.00%,,
07-Dec-06,30.04%,7.75%,30.38%,,8.83%,18.92%,,,,,,,0.00%,,
08-Dec-06,30.06%,7.75%,30.35%,,8.84%,18.89%,,,,,,,0.00%,,
09-Dec-06,30.09%,7.75%,30.31%,,8.85%,18.87%,,,,,,,0.00%,,
10-Dec-06,30.11%,7.76%,30.28%,,8.86%,18.84%,,,,,,,0.00%,,
11-Dec-06,30.13%,7.76%,30.24%,,8.87%,18.82%,,,,,,,0.00%,,
12-Dec-06,30.16%,7.76%,30.21%,,8.88%,18.79%,,,,,,,0.00%,,
13-Dec-06,30.18%,7.76%,30.17%,,8.90%,18.76%,,,,,,,0.00%,,
14-Dec-06,30.20%,7.76%,30.14%,,8.91%,18.74%,,,,,,,0.00%,,
15-Dec-06,30.22%,7.77%,30.10%,,8.91%,18.69%,,,,,,,0.00%,,
16-Dec-06,30.24%,7.78%,30.07%,,8.92%,18.65%,,,,,,,0.00%,,
17-Dec-06,30.26%,7.80%,30.04%,,8.92%,18.60%,,,,0.07%,,,0.00%,,
18-Dec-06,30.28%,7.81%,30.01%,,8.93%,18.56%,,,,0.10%,,,0.00%,,
19-Dec-06,30.30%,7.82%,29.98%,,8.93%,18.51%,,,,0.12%,,,0.00%,,
20-Dec-06,30.28%,7.84%,29.93%,,8.94%,18.46%,,,,0.17%,,,0.00%,,
21-Dec-06,30.27%,7.85%,29.88%,,8.94%,18.40%,,,,0.22%,,,0.00%,,
22-Dec-06,30.26%,7.87%,29.83%,,8.94%,18.35%,,,,0.27%,,,0.00%,,
23-Dec-06,30.25%,7.88%,29.78%,,8.95%,18.30%,,,,0.31%,,,0.00%,,
24-Dec-06,30.24%,7.90%,29.73%,,8.95%,18.24%,,,,0.36%,,,0.00%,,
25-Dec-06,30.22%,7.91%,29.68%,,8.96%,18.19%,,,,0.41%,,,0.00%,,
26-Dec-06,30.21%,7.93%,29.63%,,8.96%,18.13%,,,,0.46%,,,0.00%,,
27-Dec-06,30.20%,7.94%,29.58%,,8.97%,18.07%,,,,0.51%,,,0.00%,,
28-Dec-06,30.19%,7.96%,29.54%,,8.97%,18.02%,,,,0.56%,,,0.00%,,
29-Dec-06,30.18%,7.98%,29.49%,,8.97%,17.96%,,,,0.60%,,,0.00%,,
30-Dec-06,30.16%,7.99%,29.44%,,8.98%,17.91%,,,,0.65%,,,0.00%,,
31-Dec-06,30.15%,8.01%,29.38%,,8.98%,17.85%,,,,0.70%,,,0.00%,,
01-Jan-07,30.14%,8.02%,29.33%,,8.99%,17.79%,,,,0.75%,,,0.00%,,
02-Jan-07,30.13%,8.04%,29.28%,,8.99%,17.74%,,,,0.80%,,,0.00%,,
03-Jan-07,30.12%,8.06%,29.23%,,8.99%,17.68%,,,,0.85%,,,0.00%,,
04-Jan-07,30.10%,8.07%,29.18%,,9.00%,17.62%,,,,0.90%,,,0.00%,,
05-Jan-07,30.09%,8.09%,29.13%,,9.00%,17.56%,,,,0.95%,,,0.00%,,
06-Jan-07,30.08%,8.11%,29.08%,,9.01%,17.51%,,,,1.00%,,,0.00%,,
07-Jan-07,30.07%,8.12%,29.03%,,9.01%,17.45%,,,,1.06%,,,0.00%,,
08-Jan-07,30.06%,8.14%,28.98%,,9.01%,17.39%,,,,1.11%,,,0.00%,,
09-Jan-07,30.04%,8.16%,28.92%,,9.02%,17.33%,,,,1.16%,,,0.00%,,
10-Jan-07,30.03%,8.18%,28.87%,,9.02%,17.27%,,,,1.21%,,,0.00%,,
11-Jan-07,30.02%,8.20%,28.82%,,9.02%,17.21%,,,,1.26%,,,0.00%,,
12-Jan-07,30.01%,8.21%,28.76%,,9.03%,17.15%,,,,1.32%,,,0.00%,,
13-Jan-07,30.00%,8.23%,28.71%,,9.03%,17.09%,,,,1.37%,,,0.00%,,
14-Jan-07,29.98%,8.25%,28.66%,,9.03%,17.02%,,,,1.42%,,,0.00%,,
15-Jan-07,29.97%,8.27%,28.60%,,9.04%,16.96%,,,,1.48%,,,0.00%,,
16-Jan-07,29.96%,8.29%,28.55%,,9.04%,16.90%,,,,1.53%,,,0.00%,,
17-Jan-07,29.95%,8.31%,28.49%,,9.04%,16.84%,,,,1.59%,,,0.00%,,
18-Jan-07,29.93%,8.33%,28.44%,,9.05%,16.77%,,,,1.64%,,,0.00%,,
19-Jan-07,29.92%,8.35%,28.38%,,9.05%,16.71%,,,,1.70%,,,0.00%,,
20-Jan-07,29.91%,8.37%,28.33%,,9.05%,16.64%,,,,1.75%,,,0.00%,,
21-Jan-07,29.90%,8.39%,28.27%,,9.05%,16.58%,,,,1.81%,,,0.00%,,
22-Jan-07,29.89%,8.42%,28.21%,,9.06%,16.51%,,,,1.87%,,,0.00%,,
23-Jan-07,29.86%,8.42%,28.17%,,9.07%,16.47%,,,,1.92%,,,0.00%,,
24-Jan-07,29.83%,8.42%,28.13%,,9.08%,16.43%,,,,1.98%,,,0.00%,,
25-Jan-07,29.79%,8.43%,28.09%,,9.09%,16.38%,,,,2.04%,,,0.00%,,
26-Jan-07,29.76%,8.43%,28.05%,,9.10%,16.34%,,,,2.10%,,,0.00%,,
27-Jan-07,29.73%,8.44%,28.00%,,9.11%,16.30%,,,,2.16%,,,0.00%,,
28-Jan-07,29.70%,8.44%,27.96%,,9.12%,16.25%,,,,2.22%,,,0.00%,,
29-Jan-07,29.67%,8.45%,27.92%,,9.13%,16.21%,,,,2.27%,,,0.00%,,
30-Jan-07,29.63%,8.45%,27.88%,,9.14%,16.17%,,,,2.33%,,,0.00%,,
31-Jan-07,29.60%,8.44%,27.85%,,9.14%,16.12%,,,,2.44%,,,0.00%,,
01-Feb-07,29.57%,8.42%,27.83%,,9.13%,16.07%,,,,2.54%,,,0.00%,,
02-Feb-07,29.53%,8.40%,27.80%,,9.13%,16.03%,,,,2.64%,,,0.00%,,
03-Feb-07,29.50%,8.38%,27.78%,,9.13%,15.98%,,,,2.75%,,,0.00%,,
04-Feb-07,29.47%,8.37%,27.75%,,9.12%,15.93%,,,,2.85%,,,0.00%,,
05-Feb-07,29.43%,8.35%,27.73%,,9.12%,15.89%,,,,2.96%,,,0.00%,,
06-Feb-07,29.40%,8.33%,27.70%,,9.11%,15.84%,,,,3.06%,,,0.00%,,
07-Feb-07,29.36%,8.31%,27.68%,,9.11%,15.79%,,,,3.17%,,,0.00%,,
08-Feb-07,29.32%,8.29%,27.65%,,9.11%,15.74%,,,,3.27%,,,0.00%,,
09-Feb-07,29.29%,8.27%,27.63%,,9.10%,15.70%,,,,3.38%,,,0.00%,,
10-Feb-07,29.25%,8.25%,27.61%,,9.10%,15.65%,,,,3.49%,,,0.00%,,
11-Feb-07,29.22%,8.24%,27.58%,,9.09%,15.61%,,,,3.60%,,,0.00%,,
12-Feb-07,29.18%,8.22%,27.56%,,9.09%,15.56%,,,,3.71%,,,0.00%,,
13-Feb-07,29.13%,8.20%,27.54%,,9.09%,15.52%,,,,3.81%,,,0.00%,,
14-Feb-07,29.07%,8.18%,27.52%,,9.08%,15.49%,,,,3.91%,,,0.00%,,
15-Feb-07,29.02%,8.17%,27.50%,,9.08%,15.45%,,,,4.02%,,,0.00%,,
16-Feb-07,28.97%,8.15%,27.47%,,9.07%,15.41%,,,,4.12%,,,0.00%,,
17-Feb-07,28.92%,8.13%,27.45%,,9.07%,15.38%,,,,4.23%,,,0.00%,,
18-Feb-07,28.86%,8.12%,27.43%,,9.07%,15.34%,,,,4.33%,,,0.00%,,
19-Feb-07,28.81%,8.10%,27.41%,,9.06%,15.31%,,,,4.44%,,,0.00%,,
20-Feb-07,28.75%,8.08%,27.39%,,9.06%,15.27%,,,,4.54%,,,0.00%,,
21-Feb-07,28.70%,8.06%,27.37%,,9.06%,15.24%,,,,4.65%,,,0.00%,,
22-Feb-07,28.64%,8.04%,27.35%,,9.05%,15.20%,,,,4.76%,,,0.00%,,
23-Feb-07,28.58%,8.04%,27.35%,,9.03%,15.17%,,,,4.87%,,,0.00%,,
24-Feb-07,28.52%,8.03%,27.35%,,9.01%,15.14%,,,,4.98%,,,0.00%,,
25-Feb-07,28.45%,8.03%,27.35%,,8.99%,15.10%,,,,5.08%,,,0.00%,,
26-Feb-07,28.39%,8.03%,27.35%,,8.96%,15.07%,,,,5.19%,,,0.00%,,
27-Feb-07,28.33%,8.02%,27.35%,,8.94%,15.04%,,,,5.30%,,,0.00%,,
28-Feb-07,28.27%,8.02%,27.34%,,8.92%,15.02%,,,,5.40%,,,0.00%,,
01-Mar-07,28.21%,8.02%,27.33%,,8.90%,14.99%,,,,5.50%,,,0.00%,,
02-Mar-07,28.14%,8.01%,27.33%,,8.88%,14.97%,,,,5.60%,,,0.00%,,
03-Mar-07,28.08%,8.01%,27.32%,,8.86%,14.95%,,,,5.70%,,,0.00%,,
04-Mar-07,27.82%,7.13%,26.08%,,10.61%,17.87%,,,,7.14%,,,,,
05-Mar-07,27.82%,7.13%,26.08%,,10.61%,17.87%,,,,7.14%,,,,,
06-Mar-07,27.82%,7.13%,26.08%,,10.61%,17.87%,,,,7.14%,,,,,
07-Mar-07,27.82%,7.13%,26.08%,,10.61%,17.87%,,,,7.14%,,,,,
08-Mar-07,27.82%,7.13%,26.08%,,10.61%,17.87%,,,,7.14%,,,,,
09-Mar-07,27.82%,7.13%,26.08%,,10.61%,17.87%,,,,7.14%,,,,,
10-Mar-07,27.82%,7.13%,26.08%,,10.61%,17.87%,,,,7.14%,,,,,
11-Mar-07,27.82%,7.13%,26.08%,,10.61%,17.87%,,,,7.14%,,,,,
12-Mar-07,27.82%,7.13%,26.08%,,10.61%,17.87%,,,,7.14%,,,,,
13-Mar-07,27.82%,7.13%,26.08%,,10.61%,17.87%,,,,7.14%,,,,,
14-Mar-07,27.82%,7.13%,26.08%,,10.61%,17.87%,,,,7.14%,,,,,
15-Mar-07,27.82%,7.13%,26.08%,,10.61%,17.87%,,,,7.14%,,,,,
16-Mar-07,27.82%,7.13%,26.08%,,10.61%,17.87%,,,,7.14%,,,,,
17-Mar-07,27.82%,7.13%,26.08%,,10.61%,17.87%,,,,7.14%,,,,,
18-Mar-07,27.82%,7.13%,26.08%,,10.61%,17.87%,,,,7.14%,,,,,
19-Mar-07,27.82%,7.13%,26.08%,,10.61%,17.87%,,,,7.14%,,,,,
20-Mar-07,27.82%,7.13%,26.08%,,10.61%,17.87%,,,,7.14%,,,,,
21-Mar-07,27.82%,7.13%,26.08%,,10.61%,17.87%,,,,7.14%,,,,,
22-Mar-07,27.82%,7.13%,26.08%,,10.61%,17.87%,,,,7.14%,,,,,
23-Mar-07,27.82%,7.13%,26.08%,,10.61%,17.87%,,,,7.14%,,,,,
24-Mar-07,27.82%,7.13%,26.08%,,10.61%,17.87%,,,,7.14%,,,,,
25-Mar-07,27.82%,7.13%,26.08%,,10.61%,17.87%,,,,7.14%,,,,,
26-Mar-07,27.82%,7.13%,26.08%,,10.61%,17.87%,,,,7.14%,,,,,
27-Mar-07,27.82%,7.13%,26.08%,,10.61%,17.87%,,,,7.14%,,,,,
28-Mar-07,27.82%,7.13%,26.08%,,10.61%,17.87%,,,,7.14%,,,,,
29-Mar-07,27.82%,7.13%,26.08%,,10.61%,17.87%,,,,7.14%,,,,,
30-Mar-07,27.82%,7.13%,26.08%,,10.61%,17.87%,,,,7.14%,,,,,
31-Mar-07,27.82%,7.13%,26.08%,,10.61%,17.87%,,,,7.14%,,,,,
01-Apr-07,27.82%,7.13%,26.08%,,10.61%,17.87%,,,,7.14%,,,,,
02-Apr-07,27.82%,7.13%,26.08%,,10.61%,17.87%,,,,7.14%,,,,,
03-Apr-07,27.82%,7.13%,26.08%,,10.61%,17.87%,,,,7.14%,,,,,
04-Apr-07,27.82%,7.13%,26.08%,,10.61%,17.87%,,,,7.14%,,,,,
05-Apr-07,27.82%,7.13%,26.08%,,10.61%,17.87%,,,,7.14%,,,,,
06-Apr-07,27.82%,7.13%,26.08%,,10.61%,17.87%,,,,7.14%,,,,,
07-Apr-07,27.82%,7.13%,26.08%,,10.61%,17.87%,,,,7.14%,,,,,
08-Apr-07,27.82%,7.13%,26.08%,,10.61%,17.87%,,,,7.14%,,,,,
09-Apr-07,27.82%,7.13%,26.08%,,10.61%,17.87%,,,,7.14%,,,,,
10-Apr-07,27.82%,7.13%,26.08%,,10.61%,17.87%,,,,7.14%,,,,,
11-Apr-07,27.82%,7.13%,26.08%,,10.61%,17.87%,,,,7.14%,,,,,
12-Apr-07,27.82%,7.13%,26.08%,,10.61%,17.87%,,,,7.14%,,,,,
13-Apr-07,27.82%,7.13%,26.08%,,10.61%,17.87%,,,,7.14%,,,,,
14-Apr-07,27.82%,7.13%,26.08%,,10.61%,17.87%,,,,7.14%,,,,,
15-Apr-07,27.97%,7.05%,26.03%,,10.60%,17.78%,,,,7.16%,,,,,
16-Apr-07,28.12%,6.98%,25.98%,,10.58%,17.68%,,,,7.18%,,,,,
17-Apr-07,28.27%,6.90%,25.93%,,10.57%,17.59%,,,,7.20%,,,,,
18-Apr-07,28.43%,6.82%,25.88%,,10.55%,17.49%,,,,7.22%,,,,,
19-Apr-07,28.58%,6.75%,25.82%,,10.54%,17.39%,,,,7.25%,,,,,
20-Apr-07,28.73%,6.67%,25.77%,,10.52%,17.30%,,,,7.27%,,,,,
21-Apr-07,28.89%,6.59%,25.72%,,10.50%,17.20%,,,,7.29%,,,,,
22-Apr-07,29.04%,6.51%,25.67%,,10.49%,17.10%,,,,7.31%,,,,,
23-Apr-07,29.20%,6.43%,25.62%,,10.47%,17.01%,,,,7.33%,,,,,
24-Apr-07,29.36%,6.35%,25.56%,,10.46%,16.91%,,,,7.35%,,,,,
25-Apr-07,29.52%,6.27%,25.51%,,10.44%,16.81%,,,,7.38%,,,,,
26-Apr-07,29.68%,6.19%,25.46%,,10.43%,16.71%,,,,7.40%,,,,,
27-Apr-07,29.84%,6.11%,25.40%,,10.41%,16.61%,,,,7.42%,,,,,
28-Apr-07,30.00%,6.03%,25.35%,,10.40%,16.51%,,,,7.44%,,,,,
29-Apr-07,30.16%,5.94%,25.29%,,10.38%,16.40%,,,,7.47%,,,,,
30-Apr-07,30.17%,5.94%,25.29%,,10.38%,16.40%,,,,7.47%,,,,,
01-May-07,30.19%,5.93%,25.28%,,10.38%,16.39%,,,,7.47%,,,,,
02-May-07,30.20%,5.92%,25.28%,,10.37%,16.38%,,,,7.47%,,,,,
03-May-07,30.22%,5.92%,25.27%,,10.37%,16.37%,,,,7.47%,,,,,
04-May-07,30.23%,5.91%,25.27%,,10.37%,16.36%,,,,7.48%,,,,,
05-May-07,30.25%,5.90%,25.26%,,10.37%,16.35%,,,,7.48%,,,,,
06-May-07,30.26%,5.89%,25.26%,,10.37%,16.34%,,,,7.48%,,,,,
07-May-07,30.28%,5.88%,25.25%,,10.37%,16.33%,,,,7.48%,,,,,
08-May-07,30.30%,5.87%,25.25%,,10.37%,16.32%,,,,7.48%,,,,,
09-May-07,30.32%,5.87%,25.24%,,10.36%,16.31%,,,,7.49%,,,,,
10-May-07,30.71%,5.76%,25.13%,,10.28%,16.17%,,,,7.55%,,,,,
11-May-07,31.11%,5.66%,25.02%,,10.20%,16.03%,,,,7.61%,,,,,
12-May-07,31.52%,5.56%,24.91%,,10.11%,15.89%,,,,7.68%,,,,,
13-May-07,31.92%,5.45%,24.80%,,10.03%,15.75%,,,,7.74%,,,,,
14-May-07,32.33%,5.35%,24.69%,,9.94%,15.60%,,,,7.81%,,,,,
15-May-07,32.75%,5.24%,24.58%,,9.85%,15.46%,,,,7.88%,,,,,
16-May-07,33.17%,5.13%,24.46%,,9.76%,15.31%,,,,7.94%,,,,,
17-May-07,33.59%,5.03%,24.35%,,9.68%,15.16%,,,,8.01%,,,,,
18-May-07,34.02%,4.92%,24.23%,,9.59%,15.01%,,,,8.08%,,,,,
19-May-07,34.45%,4.81%,24.11%,,9.50%,14.86%,,,,8.15%,,,,,
20-May-07,35.05%,4.65%,23.96%,,9.40%,14.67%,,,,8.20%,,,,,
21-May-07,35.66%,4.49%,23.81%,,9.31%,14.48%,,,,8.26%,,,,,
22-May-07,36.27%,4.33%,23.66%,,9.22%,14.28%,,,,8.32%,,,,,
23-May-07,36.89%,4.17%,23.51%,,9.13%,14.08%,,,,8.38%,,,,,
24-May-07,37.51%,4.01%,23.36%,,9.03%,13.88%,,,,8.44%,,,,,
25-May-07,37.76%,3.94%,23.31%,,9.02%,13.81%,,,,8.44%,,,,,
26-May-07,38.01%,3.87%,23.25%,,9.00%,13.73%,,,,8.44%,,,,,
27-May-07,38.27%,3.80%,23.20%,,8.99%,13.66%,,,,8.44%,,,,,
28-May-07,38.53%,3.73%,23.14%,,8.98%,13.58%,,,,8.44%,,,,,
29-May-07,38.79%,3.65%,23.09%,,8.96%,13.50%,,,,8.44%,,,,,
30-May-07,39.05%,3.58%,23.03%,,8.95%,13.43%,,,,8.44%,,,,,
31-May-07,39.32%,3.50%,22.98%,,8.93%,13.35%,,,,8.44%,,,,,
01-Jun-07,39.60%,3.43%,22.92%,,8.92%,13.27%,,,,8.45%,,,,,
02-Jun-07,39.87%,3.35%,22.86%,,8.90%,13.18%,,,,8.45%,,,,,
03-Jun-07,40.15%,3.27%,22.80%,,8.88%,13.10%,,,,8.45%,,,,,
04-Jun-07,40.27%,3.23%,22.77%,,8.87%,13.05%,,,,8.46%,,,,,
05-Jun-07,40.40%,3.20%,22.74%,,8.85%,13.01%,,,,8.47%,,,,,
06-Jun-07,40.53%,3.16%,22.70%,,8.83%,12.96%,,,,8.48%,,,,,
07-Jun-07,40.67%,3.12%,22.67%,,8.81%,12.91%,,,,8.50%,,,,,
08-Jun-07,40.81%,3.07%,22.63%,,8.79%,12.86%,,,,8.51%,,,,,
09-Jun-07,40.96%,3.03%,22.59%,,8.77%,12.80%,,,,8.53%,,,,,
10-Jun-07,41.12%,2.98%,22.55%,,8.75%,12.74%,,,,8.54%,,,,,
11-Jun-07,41.29%,2.93%,22.50%,,8.73%,12.68%,,,,8.56%,,,,,
12-Jun-07,41.47%,2.88%,22.46%,,8.70%,12.61%,,,,8.58%,,,,,
13-Jun-07,41.64%,2.82%,22.41%,,8.68%,12.55%,,,,8.60%,,,,,
14-Jun-07,41.80%,2.78%,22.37%,,8.66%,12.49%,,,,8.61%,,,,,
15-Jun-07,41.95%,2.73%,22.33%,,8.63%,12.43%,,,,8.63%,,,,,
16-Jun-07,42.10%,2.69%,22.29%,,8.61%,12.38%,,,,8.64%,,,,,
17-Jun-07,42.24%,2.65%,22.26%,,8.59%,12.33%,,,,8.66%,,,,,
18-Jun-07,42.37%,2.61%,22.22%,,8.58%,12.28%,,,,8.67%,,,,,
19-Jun-07,42.49%,2.57%,22.19%,,8.56%,12.24%,,,,8.68%,,,,,
20-Jun-07,42.61%,2.54%,22.17%,,8.54%,12.20%,,,,8.69%,,,,,
21-Jun-07,42.71%,2.51%,22.14%,,8.53%,12.17%,,,,8.70%,,,,,
22-Jun-07,42.80%,2.49%,22.12%,,8.52%,12.13%,,,,8.71%,,,,,
23-Jun-07,42.88%,2.46%,22.10%,,8.51%,12.11%,,,,8.71%,,,,,
24-Jun-07,42.94%,2.45%,22.08%,,8.50%,12.09%,,,,8.72%,,,,,
25-Jun-07,43.00%,2.43%,22.07%,,8.49%,12.07%,,,,8.72%,,,,,
26-Jun-07,43.04%,2.42%,22.06%,,8.48%,12.06%,,,,8.73%,,,,,
27-Jun-07,43.06%,2.42%,22.05%,,8.48%,12.05%,,,,8.73%,,,,,
28-Jun-07,43.09%,2.41%,22.05%,,8.48%,12.05%,,,,8.73%,,,,,
29-Jun-07,43.12%,2.41%,22.04%,,8.47%,12.04%,,,,8.73%,,,,,
30-Jun-07,43.14%,2.45%,21.92%,,8.51%,12.15%,,,,8.71%,,,,,
01-Jul-07,43.16%,2.49%,21.80%,,8.56%,12.26%,,,,8.69%,,,,,
02-Jul-07,43.17%,2.54%,21.68%,,8.60%,12.37%,,,,8.67%,,,,,
03-Jul-07,43.19%,2.58%,21.56%,,8.64%,12.49%,,,,8.65%,,,,,
04-Jul-07,43.21%,2.62%,21.43%,,8.68%,12.60%,,,,8.63%,,,,,
05-Jul-07,43.23%,2.67%,21.31%,,8.72%,12.71%,,,,8.61%,,,,,
06-Jul-07,43.25%,2.71%,21.18%,,8.77%,12.83%,,,,8.59%,,,,,
07-Jul-07,43.26%,2.75%,21.05%,,8.81%,12.94%,,,,8.57%,,,,,
08-Jul-07,43.28%,2.80%,20.92%,,8.85%,13.06%,,,,8.54%,,,,,
09-Jul-07,43.30%,2.84%,20.80%,,8.90%,13.18%,,,,8.52%,,,,,
10-Jul-07,43.32%,2.89%,20.66%,,8.94%,13.30%,,,,8.50%,,,,,
11-Jul-07,43.33%,2.94%,20.53%,,8.99%,13.42%,,,,8.48%,,,,,
12-Jul-07,43.35%,2.98%,20.40%,,9.04%,13.54%,,,,8.46%,,,,,
13-Jul-07,43.37%,3.03%,20.27%,,9.08%,13.66%,,,,8.43%,,,,,
14-Jul-07,43.39%,3.08%,20.13%,,9.13%,13.79%,,,,8.41%,,,,,
15-Jul-07,43.42%,3.08%,20.11%,,9.13%,13.80%,,,,8.41%,,,,,
16-Jul-07,43.44%,3.08%,20.08%,,9.13%,13.81%,,,,8.41%,,,,,
17-Jul-07,43.48%,3.08%,20.06%,,9.14%,13.82%,,,,8.41%,,,,,
18-Jul-07,43.51%,3.09%,20.03%,,9.14%,13.83%,,,,8.40%,,,,,
19-Jul-07,43.54%,3.09%,20.01%,,9.14%,13.85%,,,,8.40%,,,,,
20-Jul-07,43.58%,3.09%,19.98%,,9.15%,13.86%,,,,8.40%,,,,,
21-Jul-07,43.61%,3.09%,19.95%,,9.15%,13.88%,,,,8.40%,,,,,
22-Jul-07,43.65%,3.09%,19.92%,,9.15%,13.89%,,,,8.39%,,,,,
23-Jul-07,43.69%,3.10%,19.88%,,9.16%,13.91%,,,,8.39%,,,,,
24-Jul-07,43.73%,3.10%,19.85%,,9.16%,13.92%,,,,8.39%,,,,,
25-Jul-07,43.77%,3.10%,19.82%,,9.16%,13.94%,,,,8.39%,,,,,
26-Jul-07,43.81%,3.11%,19.78%,,9.17%,13.96%,,,,8.38%,,,,,
27-Jul-07,43.84%,3.11%,19.75%,,9.18%,13.98%,,,,8.38%,,,,,
28-Jul-07,43.87%,3.11%,19.72%,,9.18%,14.00%,,,,8.37%,,,,,
29-Jul-07,43.90%,3.12%,19.69%,,9.19%,14.02%,,,,8.37%,,,,,
30-Jul-07,43.92%,3.13%,19.66%,,9.20%,14.04%,,,,8.37%,,,,,
31-Jul-07,43.94%,3.13%,19.63%,,9.21%,14.06%,,,,8.36%,,,,,
01-Aug-07,43.95%,3.14%,19.60%,,9.22%,14.09%,,,,8.35%,,,,,
02-Aug-07,43.96%,3.15%,19.57%,,9.23%,14.11%,,,,8.35%,,,,,
03-Aug-07,43.97%,3.16%,19.54%,,9.24%,14.14%,,,,8.34%,,,,,
04-Aug-07,43.97%,3.17%,19.51%,,9.25%,14.17%,,,,8.33%,,,,,
05-Aug-07,43.97%,3.18%,19.48%,,9.26%,14.20%,,,,8.33%,,,,,
06-Aug-07,43.96%,3.19%,19.46%,,9.28%,14.23%,,,,8.32%,,,,,
07-Aug-07,43.95%,3.21%,19.43%,,9.30%,14.26%,,,,8.31%,,,,,
08-Aug-07,43.93%,3.22%,19.41%,,9.31%,14.29%,,,,8.30%,,,,,
09-Aug-07,43.91%,3.24%,19.38%,,9.33%,14.33%,,,,8.29%,,,,,
10-Aug-07,43.88%,3.25%,19.35%,,9.35%,14.37%,,,,8.28%,,,,,
11-Aug-07,43.86%,3.27%,19.32%,,9.37%,14.41%,,,,8.27%,,,,,
12-Aug-07,43.84%,3.29%,19.29%,,9.39%,14.45%,,,,8.25%,,,,,
13-Aug-07,43.81%,3.31%,19.26%,,9.42%,14.50%,,,,8.24%,,,,,
14-Aug-07,43.78%,3.33%,19.22%,,9.44%,14.55%,,,,8.23%,,,,,
15-Aug-07,43.75%,3.35%,19.19%,,9.47%,14.60%,,,,8.21%,,,,,
16-Aug-07,43.72%,3.38%,19.14%,,9.50%,14.66%,,,,8.19%,,,,,
17-Aug-07,43.68%,3.41%,19.10%,,9.53%,14.72%,,,,8.18%,,,,,
18-Aug-07,43.64%,3.43%,19.05%,,9.56%,14.79%,,,,8.16%,,,,,
19-Aug-07,43.61%,3.46%,19.00%,,9.59%,14.86%,,,,8.14%,,,,,
20-Aug-07,43.57%,3.49%,18.95%,,9.62%,14.92%,,,,8.12%,,,,,
21-Aug-07,43.53%,3.52%,18.90%,,9.66%,14.99%,,,,8.11%,,,,,
22-Aug-07,43.49%,3.55%,18.85%,,9.69%,15.06%,,,,8.09%,,,,,
23-Aug-07,43.45%,3.58%,18.80%,,9.72%,15.13%,,,,8.08%,,,,,
24-Aug-07,43.42%,3.61%,18.74%,,9.75%,15.20%,,,,8.06%,,,,,
25-Aug-07,43.38%,3.65%,18.68%,,9.77%,15.27%,,,,8.05%,,,,,
26-Aug-07,43.34%,3.68%,18.62%,,9.80%,15.34%,,,,8.04%,,,,,
27-Aug-07,43.30%,3.71%,18.56%,,9.83%,15.41%,,,,8.03%,,,,,
28-Aug-07,43.26%,3.75%,18.49%,,9.86%,15.49%,,,,8.02%,,,,,
29-Aug-07,43.22%,3.78%,18.43%,,9.88%,15.56%,,,,8.01%,,,,,
30-Aug-07,43.19%,3.81%,18.37%,,9.90%,15.62%,,,,8.01%,,,,,
31-Aug-07,43.16%,3.84%,18.32%,,9.92%,15.68%,,,,8.00%,,,,,
01-Sep-07,43.13%,3.87%,18.27%,,9.93%,15.73%,,,,8.00%,,,,,
02-Sep-07,43.11%,3.89%,18.23%,,9.94%,15.77%,,,,8.00%,,,,,
03-Sep-07,43.09%,3.91%,18.18%,,9.95%,15.82%,,,,8.00%,,,,,
04-Sep-07,43.07%,3.93%,18.15%,,9.96%,15.85%,,,,8.00%,,,,,
05-Sep-07,43.06%,3.94%,18.11%,,9.97%,15.89%,,,,8.00%,,,,,
06-Sep-07,43.04%,3.96%,18.08%,,9.98%,15.92%,,,,8.00%,,,,,
07-Sep-07,43.03%,3.97%,18.06%,,9.99%,15.94%,,,,8.00%,,,,,
08-Sep-07,43.02%,3.98%,18.04%,,9.99%,15.96%,,,,8.00%,,,,,
09-Sep-07,43.01%,3.99%,18.02%,,10.00%,15.98%,,,,8.00%,,,,,
10-Sep-07,43.00%,4.00%,18.01%,,10.00%,15.99%,,,,8.00%,,,,,
11-Sep-07,43.00%,4.00%,18.00%,,10.00%,16.00%,,,,8.00%,,,,,
12-Sep-07,43.00%,4.00%,18.00%,,10.00%,16.00%,,,,8.00%,,,,,
13-Sep-07,43.00%,4.00%,18.00%,,10.00%,16.00%,,,,8.00%,,,,,
14-Sep-07,43.00%,4.00%,18.00%,,10.00%,16.00%,,,,8.00%,,,,,
15-Sep-07,43.00%,4.00%,18.00%,,10.00%,16.00%,,,,8.00%,,,,,
16-Sep-07,43.00%,4.00%,18.00%,,10.00%,16.00%,,,,8.00%,,,,,
17-Sep-07,43.00%,4.00%,18.00%,,10.00%,16.00%,,,,8.00%,,,,,
18-Sep-07,43.00%,4.00%,18.00%,,10.00%,16.00%,,,,8.00%,,,,,
19-Sep-07,43.00%,4.00%,18.00%,,10.00%,16.00%,,,,8.00%,,,,,
20-Sep-07,43.00%,4.00%,18.00%,,10.00%,16.00%,,,,8.00%,,,,,
21-Sep-07,43.00%,4.00%,18.00%,,10.00%,16.00%,,,,8.00%,,,,,
22-Sep-07,43.00%,4.00%,18.00%,,10.00%,16.00%,,,,8.00%,,,,,
23-Sep-07,43.00%,4.00%,18.00%,,10.00%,16.00%,,,,8.00%,,,,,
24-Sep-07,43.00%,4.00%,18.00%,,10.00%,16.00%,,,,8.00%,,,,,
25-Sep-07,43.00%,4.00%,18.00%,,10.00%,16.00%,,,,8.00%,,,,,
26-Sep-07,43.00%,4.00%,18.00%,,10.00%,16.00%,,,,8.00%,,,,,
27-Sep-07,43.00%,4.00%,18.00%,,10.00%,16.00%,,,,8.00%,,,,,
28-Sep-07,43.00%,4.00%,18.00%,,10.00%,16.00%,,,,8.00%,,,,,
29-Sep-07,43.00%,4.00%,18.00%,,10.00%,16.00%,,,,8.00%,,,,,
30-Sep-07,43.00%,4.00%,18.00%,,10.00%,16.00%,,,,8.00%,,,,,
01-Oct-07,42.75%,4.00%,18.25%,,9.94%,15.94%,,,,8.00%,,,,,
02-Oct-07,42.50%,4.00%,18.50%,,9.87%,15.87%,,,,8.00%,,,,,
03-Oct-07,42.25%,4.00%,18.75%,,9.81%,15.81%,,,,8.00%,,,,,
04-Oct-07,41.99%,4.00%,19.01%,,9.75%,15.75%,,,,8.00%,,,,,
05-Oct-07,41.73%,4.00%,19.27%,,9.68%,15.68%,,,,8.00%,,,,,
06-Oct-07,41.47%,4.00%,19.53%,,9.62%,15.62%,,,,8.00%,,,,,
07-Oct-07,41.21%,4.00%,19.79%,,9.55%,15.55%,,,,8.00%,,,,,
08-Oct-07,40.94%,4.00%,20.06%,,9.48%,15.48%,,,,8.00%,,,,,
09-Oct-07,40.67%,4.00%,20.33%,,9.42%,15.42%,,,,8.00%,,,,,
10-Oct-07,40.41%,4.00%,20.59%,,9.35%,15.35%,,,,8.00%,,,,,
11-Oct-07,40.14%,4.00%,20.86%,,9.28%,15.28%,,,,8.00%,,,,,
12-Oct-07,39.87%,4.00%,21.13%,,9.22%,15.22%,,,,8.00%,,,,,
13-Oct-07,39.61%,4.00%,21.39%,,9.15%,15.15%,,,,8.00%,,,,,
14-Oct-07,39.34%,4.00%,21.66%,,9.08%,15.08%,,,,8.00%,,,,,
15-Oct-07,39.07%,4.00%,21.93%,,9.02%,15.02%,,,,8.00%,,,,,
16-Oct-07,39.06%,4.00%,21.94%,,9.01%,15.01%,,,,8.00%,,,,,
17-Oct-07,39.04%,4.00%,21.96%,,9.01%,15.01%,,,,8.00%,,,,,
18-Oct-07,39.03%,4.00%,21.97%,,9.01%,15.01%,,,,8.00%,,,,,
19-Oct-07,39.02%,4.00%,21.98%,,9.00%,15.00%,,,,8.00%,,,,,
20-Oct-07,39.01%,4.00%,21.99%,,9.00%,15.00%,,,,8.00%,,,,,
21-Oct-07,39.00%,4.00%,22.00%,,9.00%,15.00%,,,,8.00%,,,,,
22-Oct-07,39.00%,4.00%,22.00%,,9.00%,15.00%,,,,8.00%,,,,,
23-Oct-07,39.00%,4.00%,22.00%,,9.00%,15.00%,,,,8.00%,,,,,
24-Oct-07,39.00%,4.00%,22.00%,,9.00%,15.00%,,,,8.00%,,,,,
25-Oct-07,39.00%,4.00%,22.00%,,9.00%,15.00%,,,,8.00%,,,,,
26-Oct-07,39.00%,4.00%,22.00%,,9.00%,15.00%,,,,8.00%,,,,,
27-Oct-07,39.00%,4.00%,22.00%,,9.00%,15.00%,,,,8.00%,,,,,
28-Oct-07,39.00%,4.00%,22.00%,,9.00%,15.00%,,,,8.00%,,,,,
29-Oct-07,39.00%,4.00%,22.00%,,9.00%,15.00%,,,,8.00%,,,,,
30-Oct-07,39.00%,4.00%,22.00%,,9.00%,15.00%,,,,8.00%,,,,,
31-Oct-07,39.00%,4.00%,22.00%,,9.00%,15.00%,,,,8.00%,,,,,
01-Nov-07,39.00%,4.00%,22.00%,,9.00%,15.00%,,,,8.00%,,,,,
02-Nov-07,39.00%,4.00%,22.00%,,9.00%,15.00%,,,,8.00%,,,,,
03-Nov-07,39.00%,4.00%,22.00%,,9.00%,15.00%,,,,8.00%,,,,,
04-Nov-07,39.00%,4.00%,22.00%,,9.00%,15.00%,,,,8.00%,,,,,
05-Nov-07,39.00%,4.00%,22.00%,,9.00%,15.00%,,,,8.00%,,,,,
06-Nov-07,39.00%,4.00%,22.00%,,9.00%,15.00%,,,,8.00%,,,,,
07-Nov-07,39.00%,4.00%,22.00%,,9.00%,15.00%,,,,8.00%,,,,,
08-Nov-07,39.00%,4.00%,22.00%,,9.00%,15.00%,,,,8.00%,,,,,
09-Nov-07,39.00%,4.00%,22.00%,,9.00%,15.00%,,,,8.00%,,,,,
10-Nov-07,39.00%,4.00%,22.00%,,9.00%,15.00%,,,,8.00%,,,,,
11-Nov-07,39.00%,4.00%,22.00%,,9.00%,15.00%,,,,8.00%,,,,,
12-Nov-07,39.00%,4.00%,22.00%,,9.00%,15.00%,,,,8.00%,,,,,
13-Nov-07,39.00%,4.00%,22.00%,,9.00%,15.00%,,,,8.00%,,,,,
14-Nov-07,39.00%,4.00%,22.00%,,9.00%,15.00%,,,,8.00%,,,,,
15-Nov-07,39.00%,3.91%,22.04%,,9.04%,15.00%,,,,8.04%,,,,,
16-Nov-07,39.00%,3.83%,22.09%,,9.09%,15.00%,,,,8.09%,,,,,
17-Nov-07,39.00%,3.74%,22.13%,,9.13%,15.00%,,,,8.13%,,,,,
18-Nov-07,39.00%,3.65%,22.17%,,9.17%,15.00%,,,,8.17%,,,,,
19-Nov-07,39.00%,3.57%,22.22%,,9.22%,15.00%,,,,8.22%,,,,,
20-Nov-07,39.00%,3.48%,22.26%,,9.26%,15.00%,,,,8.26%,,,,,
21-Nov-07,39.00%,3.39%,22.30%,,9.30%,15.00%,,,,8.30%,,,,,
22-Nov-07,39.00%,3.30%,22.35%,,9.35%,15.00%,,,,8.35%,,,,,
23-Nov-07,39.00%,3.22%,22.39%,,9.39%,15.00%,,,,8.39%,,,,,
24-Nov-07,39.00%,3.13%,22.44%,,9.44%,15.00%,,,,8.44%,,,,,
25-Nov-07,39.00%,3.04%,22.48%,,9.48%,15.00%,,,,8.48%,,,,,
26-Nov-07,39.00%,2.95%,22.53%,,9.53%,15.00%,,,,8.53%,,,,,
27-Nov-07,39.00%,2.86%,22.57%,,9.57%,15.00%,,,,8.57%,,,,,
28-Nov-07,39.00%,2.77%,22.62%,,9.62%,15.00%,,,,8.62%,,,,,
29-Nov-07,39.00%,2.68%,22.66%,,9.66%,15.00%,,,,8.66%,,,,,
30-Nov-07,39.00%,2.67%,22.66%,,9.66%,15.00%,,,,8.66%,,,,,
01-Dec-07,39.00%,2.67%,22.66%,,9.66%,15.00%,,,,8.66%,,,,,
02-Dec-07,39.00%,2.67%,22.67%,,9.67%,15.00%,,,,8.67%,,,,,
03-Dec-07,39.00%,2.66%,22.67%,,9.67%,15.00%,,,,8.67%,,,,,
04-Dec-07,39.00%,2.65%,22.67%,,9.67%,15.00%,,,,8.67%,,,,,
05-Dec-07,39.00%,2.65%,22.68%,,9.68%,15.00%,,,,8.68%,,,,,
06-Dec-07,39.00%,2.64%,22.68%,,9.68%,15.00%,,,,8.68%,,,,,
07-Dec-07,39.00%,2.64%,22.68%,,9.68%,15.00%,,,,8.68%,,,,,
08-Dec-07,39.00%,2.63%,22.68%,,9.68%,15.00%,,,,8.68%,,,,,
09-Dec-07,39.00%,2.63%,22.69%,,9.69%,15.00%,,,,8.69%,,,,,
10-Dec-07,39.00%,2.62%,22.69%,,9.69%,15.00%,,,,8.69%,,,,,
11-Dec-07,39.00%,2.61%,22.69%,,9.69%,15.00%,,,,8.69%,,,,,
12-Dec-07,39.00%,2.61%,22.70%,,9.70%,15.00%,,,,8.70%,,,,,
13-Dec-07,39.00%,2.60%,22.70%,,9.70%,15.00%,,,,8.70%,,,,,
14-Dec-07,39.00%,2.59%,22.70%,,9.70%,15.00%,,,,8.70%,,,,,
15-Dec-07,39.00%,2.67%,22.68%,,9.65%,14.93%,,,,8.75%,,,,,
16-Dec-07,39.00%,2.75%,22.66%,,9.59%,14.86%,,,,8.80%,,,,,
17-Dec-07,39.00%,2.82%,22.64%,,9.54%,14.79%,,,,8.85%,,,,,
18-Dec-07,39.00%,2.90%,22.62%,,9.48%,14.72%,,,,8.89%,,,,,
19-Dec-07,39.00%,2.98%,22.60%,,9.42%,14.65%,,,,8.94%,,,,,
20-Dec-07,39.00%,3.06%,22.57%,,9.36%,14.58%,,,,8.99%,,,,,
21-Dec-07,39.00%,3.14%,22.55%,,9.31%,14.51%,,,,9.04%,,,,,
22-Dec-07,39.00%,3.22%,22.53%,,9.25%,14.44%,,,,9.09%,,,,,
23-Dec-07,39.00%,3.31%,22.50%,,9.19%,14.37%,,,,9.13%,,,,,
24-Dec-07,39.00%,3.39%,22.48%,,9.13%,14.30%,,,,9.18%,,,,,
25-Dec-07,39.00%,3.47%,22.46%,,9.07%,14.23%,,,,9.23%,,,,,
26-Dec-07,39.00%,3.55%,22.43%,,9.01%,14.15%,,,,9.28%,,,,,
27-Dec-07,39.00%,3.64%,22.41%,,8.95%,14.08%,,,,9.33%,,,,,
28-Dec-07,39.00%,3.72%,22.39%,,8.89%,14.00%,,,,9.38%,,,,,
29-Dec-07,39.00%,3.81%,22.36%,,8.83%,13.93%,,,,9.43%,,,,,
30-Dec-07,39.00%,3.81%,22.36%,,8.82%,13.92%,,,,9.44%,,,,,
31-Dec-07,39.00%,3.82%,22.36%,,8.82%,13.91%,,,,9.45%,,,,,
01-Jan-08,39.00%,3.82%,22.36%,,8.82%,13.91%,,,,9.46%,,,,,
02-Jan-08,39.00%,3.82%,22.36%,,8.81%,13.90%,,,,9.47%,,,,,
03-Jan-08,39.00%,3.82%,22.36%,,8.81%,13.89%,,,,9.47%,,,,,
04-Jan-08,39.00%,3.83%,22.37%,,8.81%,13.88%,,,,9.48%,,,,,
05-Jan-08,39.00%,3.83%,22.37%,,8.80%,13.87%,,,,9.49%,,,,,
06-Jan-08,39.00%,3.83%,22.37%,,8.80%,13.86%,,,,9.50%,,,,,
07-Jan-08,39.00%,3.84%,22.37%,,8.79%,13.85%,,,,9.51%,,,,,
08-Jan-08,39.00%,3.84%,22.37%,,8.79%,13.84%,,,,9.53%,,,,,
09-Jan-08,39.00%,3.85%,22.37%,,8.79%,13.83%,,,,9.54%,,,,,
10-Jan-08,39.00%,3.85%,22.37%,,8.78%,13.82%,,,,9.55%,,,,,
11-Jan-08,39.00%,3.85%,22.37%,,8.78%,13.81%,,,,9.56%,,,,,
12-Jan-08,39.00%,3.86%,22.37%,,8.77%,13.80%,,,,9.57%,,,,,
13-Jan-08,39.00%,3.86%,22.37%,,8.77%,13.79%,,,,9.58%,,,,,
14-Jan-08,39.00%,3.87%,22.37%,,8.76%,13.78%,,,,9.59%,,,,,
15-Jan-08,38.87%,3.91%,22.39%,,8.86%,13.75%,,,,9.67%,,,,,
16-Jan-08,38.74%,3.95%,22.41%,,8.96%,13.72%,,,,9.75%,,,,,
17-Jan-08,38.61%,3.99%,22.43%,,9.06%,13.69%,,,,9.84%,,,,,
18-Jan-08,38.48%,4.03%,22.45%,,9.17%,13.66%,,,,9.92%,,,,,
19-Jan-08,38.35%,4.07%,22.47%,,9.27%,13.63%,,,,10.00%,,,,,
20-Jan-08,38.22%,4.11%,22.49%,,9.37%,13.60%,,,,10.09%,,,,,
21-Jan-08,38.09%,4.15%,22.51%,,9.48%,13.57%,,,,10.17%,,,,,
22-Jan-08,37.96%,4.19%,22.53%,,9.58%,13.54%,,,,10.25%,,,,,
23-Jan-08,37.82%,4.24%,22.55%,,9.69%,13.51%,,,,10.33%,,,,,
24-Jan-08,37.69%,4.28%,22.57%,,9.79%,13.48%,,,,10.41%,,,,,
25-Jan-08,37.56%,4.32%,22.59%,,9.90%,13.45%,,,,10.50%,,,,,
26-Jan-08,37.42%,4.36%,22.61%,,10.01%,13.43%,,,,10.58%,,,,,
27-Jan-08,37.28%,4.40%,22.63%,,10.11%,13.40%,,,,10.66%,,,,,
28-Jan-08,37.15%,4.45%,22.65%,,10.22%,13.37%,,,,10.74%,,,,,
29-Jan-08,37.01%,4.49%,22.67%,,10.33%,13.34%,,,,10.83%,,,,,
30-Jan-08,37.00%,4.50%,22.67%,,10.34%,13.34%,,,,10.83%,,,,,
31-Jan-08,36.99%,4.51%,22.67%,,10.34%,13.33%,,,,10.84%,,,,,
01-Feb-08,36.97%,4.51%,22.67%,,10.35%,13.32%,,,,10.85%,,,,,
02-Feb-08,36.96%,4.52%,22.67%,,10.36%,13.32%,,,,10.86%,,,,,
03-Feb-08,36.95%,4.53%,22.67%,,10.36%,13.31%,,,,10.87%,,,,,
04-Feb-08,36.94%,4.54%,22.67%,,10.37%,13.31%,,,,10.88%,,,,,
05-Feb-08,36.92%,4.55%,22.67%,,10.38%,13.30%,,,,10.89%,,,,,
06-Feb-08,36.91%,4.56%,22.67%,,10.38%,13.29%,,,,10.90%,,,,,
07-Feb-08,36.89%,4.57%,22.67%,,10.39%,13.28%,,,,10.91%,,,,,
08-Feb-08,36.88%,4.58%,22.67%,,10.40%,13.28%,,,,10.92%,,,,,
09-Feb-08,36.86%,4.60%,22.67%,,10.41%,13.27%,,,,10.93%,,,,,
10-Feb-08,36.85%,4.61%,22.67%,,10.41%,13.26%,,,,10.94%,,,,,
11-Feb-08,36.83%,4.62%,22.67%,,10.42%,13.25%,,,,10.96%,,,,,
12-Feb-08,36.81%,4.63%,22.67%,,10.43%,13.24%,,,,10.97%,,,,,
13-Feb-08,36.80%,4.65%,22.67%,,10.44%,13.24%,,,,10.98%,,,,,
14-Feb-08,36.78%,4.66%,22.67%,,10.45%,13.23%,,,,11.00%,,,,,
15-Feb-08,36.71%,4.59%,22.74%,,10.47%,13.18%,,,,11.04%,,,,,
16-Feb-08,36.64%,4.52%,22.81%,,10.50%,13.14%,,,,11.08%,,,,,
17-Feb-08,36.57%,4.44%,22.89%,,10.52%,13.09%,,,,11.13%,,,,,
18-Feb-08,36.50%,4.37%,22.96%,,10.55%,13.04%,,,,11.17%,,,,,
19-Feb-08,36.42%,4.29%,23.04%,,10.57%,13.00%,,,,11.21%,,,,,
20-Feb-08,36.35%,4.22%,23.11%,,10.60%,12.95%,,,,11.25%,,,,,
21-Feb-08,36.28%,4.14%,23.19%,,10.62%,12.90%,,,,11.30%,,,,,
22-Feb-08,36.21%,4.06%,23.27%,,10.65%,12.85%,,,,11.34%,,,,,
23-Feb-08,36.13%,3.99%,23.34%,,10.68%,12.81%,,,,11.39%,,,,,
24-Feb-08,36.06%,3.91%,23.42%,,10.70%,12.76%,,,,11.43%,,,,,
25-Feb-08,35.99%,3.82%,23.50%,,10.73%,12.71%,,,,11.47%,,,,,
26-Feb-08,35.91%,3.74%,23.58%,,10.75%,12.66%,,,,11.52%,,,,,
27-Feb-08,35.84%,3.66%,23.66%,,10.78%,12.62%,,,,11.56%,,,,,
28-Feb-08,35.77%,3.57%,23.74%,,10.80%,12.57%,,,,11.60%,,,,,
29-Feb-08,35.70%,3.48%,23.83%,,10.83%,12.53%,,,,11.64%,,,,,
01-Mar-08,35.68%,3.48%,23.84%,,10.84%,12.52%,,,,11.65%,,,,,
02-Mar-08,35.66%,3.47%,23.85%,,10.85%,12.51%,,,,11.66%,,,,,
03-Mar-08,35.65%,3.46%,23.86%,,10.86%,12.50%,,,,11.67%,,,,,
04-Mar-08,35.63%,3.46%,23.87%,,10.87%,12.50%,,,,11.68%,,,,,
05-Mar-08,35.61%,3.45%,23.88%,,10.88%,12.49%,,,,11.69%,,,,,
06-Mar-08,35.59%,3.44%,23.89%,,10.89%,12.48%,,,,11.70%,,,,,
07-Mar-08,35.58%,3.43%,23.90%,,10.90%,12.48%,,,,11.71%,,,,,
08-Mar-08,35.56%,3.42%,23.91%,,10.91%,12.47%,,,,11.72%,,,,,
09-Mar-08,35.55%,3.41%,23.92%,,10.92%,12.47%,,,,11.73%,,,,,
10-Mar-08,35.53%,3.40%,23.93%,,10.93%,12.47%,,,,11.73%,,,,,
11-Mar-08,35.52%,3.39%,23.95%,,10.95%,12.46%,,,,11.74%,,,,,
12-Mar-08,35.50%,3.38%,23.96%,,10.96%,12.46%,,,,11.75%,,,,,
13-Mar-08,35.48%,3.36%,23.97%,,10.97%,12.45%,,,,11.76%,,,,,
14-Mar-08,35.47%,3.35%,23.98%,,10.98%,12.45%,,,,11.77%,,,,,
15-Mar-08,35.29%,3.36%,24.09%,,11.03%,12.55%,,,,11.66%,,,,,
16-Mar-08,35.10%,3.37%,24.19%,,11.07%,12.66%,,,,11.55%,,,,,
17-Mar-08,34.92%,3.38%,24.29%,,11.11%,12.76%,,,,11.44%,,,,,
18-Mar-08,34.74%,3.39%,24.40%,,11.15%,12.87%,,,,11.33%,,,,,
19-Mar-08,34.55%,3.40%,24.50%,,11.19%,12.98%,,,,11.22%,,,,,
20-Mar-08,34.37%,3.41%,24.61%,,11.24%,13.09%,,,,11.11%,,,,,
21-Mar-08,34.18%,3.42%,24.71%,,11.28%,13.20%,,,,11.00%,,,,,
22-Mar-08,33.99%,3.43%,24.82%,,11.32%,13.31%,,,,10.88%,,,,,
23-Mar-08,33.80%,3.44%,24.93%,,11.36%,13.42%,,,,10.76%,,,,,
24-Mar-08,33.60%,3.45%,25.04%,,11.41%,13.54%,,,,10.65%,,,,,
25-Mar-08,33.41%,3.46%,25.15%,,11.45%,13.65%,,,,10.53%,,,,,
26-Mar-08,33.22%,3.48%,25.26%,,11.49%,13.77%,,,,10.41%,,,,,
27-Mar-08,33.02%,3.49%,25.37%,,11.53%,13.88%,,,,10.29%,,,,,
28-Mar-08,32.83%,3.50%,25.47%,,11.57%,14.00%,,,,10.16%,,,,,
29-Mar-08,32.64%,3.52%,25.58%,,11.61%,14.12%,,,,10.04%,,,,,
30-Mar-08,32.61%,3.51%,25.60%,,11.62%,14.13%,,,,10.03%,,,,,
31-Mar-08,32.58%,3.51%,25.62%,,11.63%,14.14%,,,,10.02%,,,,,
01-Apr-08,32.55%,3.50%,25.64%,,11.64%,14.15%,,,,10.01%,,,,,
02-Apr-08,32.53%,3.50%,25.66%,,11.64%,14.16%,,,,10.00%,,,,,
03-Apr-08,32.50%,3.49%,25.68%,,11.65%,14.17%,,,,9.98%,,,,,
04-Apr-08,32.48%,3.48%,25.69%,,11.66%,14.18%,,,,9.97%,,,,,
05-Apr-08,32.46%,3.48%,25.71%,,11.66%,14.19%,,,,9.96%,,,,,
06-Apr-08,32.44%,3.48%,25.73%,,11.66%,14.20%,,,,9.95%,,,,,
07-Apr-08,32.42%,3.47%,25.74%,,11.66%,14.21%,,,,9.93%,,,,,
08-Apr-08,32.40%,3.47%,25.75%,,11.66%,14.22%,,,,9.92%,,,,,
09-Apr-08,32.38%,3.46%,25.77%,,11.66%,14.23%,,,,9.91%,,,,,
10-Apr-08,32.36%,3.46%,25.78%,,11.66%,14.24%,,,,9.89%,,,,,
11-Apr-08,32.34%,3.46%,25.80%,,11.66%,14.26%,,,,9.87%,,,,,
12-Apr-08,32.32%,3.45%,25.82%,,11.66%,14.27%,,,,9.86%,,,,,
13-Apr-08,32.30%,3.45%,25.83%,,11.66%,14.28%,,,,9.84%,,,,,
14-Apr-08,32.28%,3.44%,25.85%,,11.66%,14.29%,,,,9.82%,,,,,
15-Apr-08,32.32%,3.52%,25.75%,,11.64%,14.30%,,,,9.82%,,,,,
16-Apr-08,32.35%,3.59%,25.64%,,11.62%,14.30%,,,,9.81%,,,,,
17-Apr-08,32.39%,3.67%,25.54%,,11.60%,14.30%,,,,9.80%,,,,,
18-Apr-08,32.43%,3.74%,25.43%,,11.58%,14.30%,,,,9.79%,,,,,
19-Apr-08,32.46%,3.82%,25.32%,,11.56%,14.30%,,,,9.78%,,,,,
20-Apr-08,32.50%,3.90%,25.21%,,11.54%,14.30%,,,,9.78%,,,,,
21-Apr-08,32.54%,3.98%,25.10%,,11.52%,14.30%,,,,9.77%,,,,,
22-Apr-08,32.58%,4.06%,24.99%,,11.49%,14.30%,,,,9.76%,,,,,
23-Apr-08,32.62%,4.14%,24.87%,,11.47%,14.30%,,,,9.75%,,,,,
24-Apr-08,32.66%,4.22%,24.76%,,11.45%,14.30%,,,,9.75%,,,,,
25-Apr-08,32.70%,4.30%,24.64%,,11.43%,14.30%,,,,9.74%,,,,,
26-Apr-08,32.75%,4.39%,24.52%,,11.41%,14.30%,,,,9.73%,,,,,
27-Apr-08,32.79%,4.47%,24.40%,,11.38%,14.30%,,,,9.73%,,,,,
28-Apr-08,32.84%,4.56%,24.28%,,11.36%,14.29%,,,,9.73%,,,,,
29-Apr-08,32.89%,4.65%,24.16%,,11.34%,14.29%,,,,9.72%,,,,,
30-Apr-08,32.88%,4.66%,24.15%,,11.34%,14.30%,,,,9.71%,,,,,
01-May-08,32.87%,4.67%,24.15%,,11.34%,14.31%,,,,9.70%,,,,,
02-May-08,32.86%,4.68%,24.14%,,11.33%,14.32%,,,,9.69%,,,,,
03-May-08,32.86%,4.69%,24.13%,,11.33%,14.32%,,,,9.68%,,,,,
04-May-08,32.85%,4.70%,24.13%,,11.33%,14.33%,,,,9.67%,,,,,
05-May-08,32.84%,4.71%,24.12%,,11.33%,14.34%,,,,9.66%,,,,,
06-May-08,32.84%,4.72%,24.11%,,11.33%,14.35%,,,,9.65%,,,,,
07-May-08,32.84%,4.74%,24.10%,,11.33%,14.36%,,,,9.64%,,,,,
08-May-08,32.83%,4.75%,24.09%,,11.33%,14.36%,,,,9.64%,,,,,
09-May-08,32.83%,4.76%,24.08%,,11.33%,14.37%,,,,9.63%,,,,,
10-May-08,32.82%,4.78%,24.07%,,11.33%,14.38%,,,,9.62%,,,,,
11-May-08,32.82%,4.80%,24.05%,,11.33%,14.38%,,,,9.62%,,,,,
12-May-08,32.82%,4.81%,24.04%,,11.33%,14.39%,,,,9.61%,,,,,
13-May-08,32.81%,4.83%,24.03%,,11.33%,14.40%,,,,9.60%,,,,,
14-May-08,32.81%,4.85%,24.02%,,11.33%,14.41%,,,,9.59%,,,,,
15-May-08,32.81%,4.86%,24.00%,,11.33%,14.42%,,,,9.58%,,,,,
16-May-08,32.80%,4.88%,23.99%,,11.33%,14.43%,,,,9.57%,,,,,
17-May-08,32.80%,4.90%,23.97%,,11.33%,14.44%,,,,9.56%,,,,,
18-May-08,32.79%,4.93%,23.95%,,11.33%,14.45%,,,,9.55%,,,,,
19-May-08,32.79%,4.95%,23.94%,,11.33%,14.46%,,,,9.54%,,,,,
20-May-08,32.78%,4.97%,23.92%,,11.33%,14.47%,,,,9.53%,,,,,
21-May-08,32.78%,4.99%,23.90%,,11.33%,14.48%,,,,9.52%,,,,,
22-May-08,32.77%,5.02%,23.88%,,11.33%,14.49%,,,,9.51%,,,,,
23-May-08,32.76%,5.05%,23.86%,,11.33%,14.51%,,,,9.49%,,,,,
24-May-08,32.76%,5.08%,23.84%,,11.33%,14.52%,,,,9.48%,,,,,
25-May-08,32.75%,5.11%,23.82%,,11.33%,14.53%,,,,9.47%,,,,,
26-May-08,32.75%,5.14%,23.79%,,11.33%,14.55%,,,,9.45%,,,,,
27-May-08,32.74%,5.16%,23.77%,,11.33%,14.56%,,,,9.44%,,,,,
28-May-08,32.74%,5.19%,23.74%,,11.33%,14.57%,,,,9.43%,,,,,
29-May-08,32.74%,5.22%,23.72%,,11.32%,14.58%,,,,9.42%,,,,,
30-May-08,32.74%,5.24%,23.69%,,11.32%,14.59%,,,,9.41%,,,,,
31-May-08,32.75%,5.18%,23.76%,,11.31%,14.72%,,,,9.31%,,,,,
01-Jun-08,32.76%,5.11%,23.83%,,11.30%,14.86%,,,,9.22%,,,,,
02-Jun-08,32.77%,5.04%,23.91%,,11.28%,14.99%,,,,9.12%,,,,,
03-Jun-08,32.79%,4.97%,23.98%,,11.27%,15.13%,,,,9.03%,,,,,
04-Jun-08,32.80%,4.89%,24.05%,,11.25%,15.26%,,,,8.93%,,,,,
05-Jun-08,32.82%,4.81%,24.13%,,11.24%,15.39%,,,,8.84%,,,,,
06-Jun-08,32.83%,4.73%,24.21%,,11.22%,15.52%,,,,8.75%,,,,,
07-Jun-08,32.85%,4.65%,24.29%,,11.21%,15.66%,,,,8.65%,,,,,
08-Jun-08,32.87%,4.56%,24.37%,,11.19%,15.79%,,,,8.56%,,,,,
09-Jun-08,32.89%,4.47%,24.46%,,11.18%,15.92%,,,,8.47%,,,,,
10-Jun-08,32.91%,4.38%,24.54%,,11.16%,16.05%,,,,8.38%,,,,,
11-Jun-08,32.94%,4.29%,24.63%,,11.15%,16.18%,,,,8.29%,,,,,
12-Jun-08,32.96%,4.19%,24.72%,,11.13%,16.32%,,,,8.19%,,,,,
13-Jun-08,32.98%,4.10%,24.81%,,11.12%,16.46%,,,,8.10%,,,,,
14-Jun-08,33.00%,4.00%,24.90%,,11.10%,16.59%,,,,8.00%,,,,,
15-Jun-08,33.01%,4.00%,24.89%,,11.10%,16.61%,,,,8.00%,,,,,
16-Jun-08,33.03%,3.99%,24.89%,,11.09%,16.62%,,,,7.99%,,,,,
17-Jun-08,33.04%,3.98%,24.89%,,11.09%,16.63%,,,,7.98%,,,,,
18-Jun-08,33.05%,3.98%,24.89%,,11.08%,16.64%,,,,7.98%,,,,,
19-Jun-08,33.07%,3.97%,24.89%,,11.08%,16.66%,,,,7.97%,,,,,
20-Jun-08,33.09%,3.96%,24.88%,,11.07%,16.67%,,,,7.96%,,,,,
21-Jun-08,33.10%,3.95%,24.88%,,11.06%,16.69%,,,,7.95%,,,,,
22-Jun-08,33.12%,3.94%,24.88%,,11.06%,16.70%,,,,7.94%,,,,,
23-Jun-08,33.14%,3.93%,24.87%,,11.05%,16.72%,,,,7.93%,,,,,
24-Jun-08,33.16%,3.92%,24.87%,,11.05%,16.74%,,,,7.92%,,,,,
25-Jun-08,33.17%,3.91%,24.87%,,11.04%,16.75%,,,,7.91%,,,,,
26-Jun-08,33.19%,3.90%,24.87%,,11.03%,16.77%,,,,7.90%,,,,,
27-Jun-08,33.20%,3.89%,24.88%,,11.03%,16.79%,,,,7.89%,,,,,
28-Jun-08,33.22%,3.88%,24.88%,,11.02%,16.81%,,,,7.88%,,,,,
29-Jun-08,33.23%,3.87%,24.88%,,11.02%,16.83%,,,,7.87%,,,,,
30-Jun-08,33.24%,3.86%,24.89%,,11.02%,16.85%,,,,7.86%,,,,,
01-Jul-08,33.24%,3.85%,24.90%,,11.01%,16.86%,,,,7.85%,,,,,
02-Jul-08,33.25%,3.83%,24.91%,,11.01%,16.88%,,,,7.83%,,,,,
03-Jul-08,33.25%,3.82%,24.92%,,11.01%,16.90%,,,,7.82%,,,,,
04-Jul-08,33.26%,3.81%,24.93%,,11.00%,16.92%,,,,7.81%,,,,,
05-Jul-08,33.26%,3.79%,24.95%,,11.00%,16.94%,,,,7.79%,,,,,
06-Jul-08,33.26%,3.78%,24.97%,,11.00%,16.97%,,,,7.78%,,,,,
07-Jul-08,33.25%,3.76%,24.99%,,11.00%,16.99%,,,,7.76%,,,,,
08-Jul-08,33.25%,3.74%,25.01%,,11.00%,17.01%,,,,7.74%,,,,,
09-Jul-08,33.24%,3.73%,25.03%,,11.00%,17.03%,,,,7.73%,,,,,
10-Jul-08,33.24%,3.71%,25.06%,,11.00%,17.06%,,,,7.71%,,,,,
11-Jul-08,33.23%,3.69%,25.08%,,11.00%,17.08%,,,,7.69%,,,,,
12-Jul-08,33.22%,3.67%,25.11%,,11.00%,17.11%,,,,7.67%,,,,,
13-Jul-08,33.22%,3.65%,25.13%,,11.00%,17.13%,,,,7.65%,,,,,
14-Jul-08,33.21%,3.63%,25.16%,,11.00%,17.16%,,,,7.63%,,,,,
15-Jul-08,33.20%,3.60%,25.19%,,11.00%,17.19%,,,,7.60%,,,,,
16-Jul-08,33.19%,3.58%,25.23%,,11.00%,17.23%,,,,7.58%,,,,,
17-Jul-08,33.18%,3.55%,25.26%,,11.00%,17.26%,,,,7.55%,,,,,
18-Jul-08,33.18%,3.53%,25.30%,,11.00%,17.30%,,,,7.53%,,,,,
19-Jul-08,33.17%,3.50%,25.33%,,11.00%,17.33%,,,,7.50%,,,,,
20-Jul-08,33.16%,3.47%,25.38%,,11.00%,17.38%,,,,7.47%,,,,,
21-Jul-08,33.15%,3.44%,25.42%,,11.00%,17.42%,,,,7.44%,,,,,
22-Jul-08,33.13%,3.40%,25.46%,,11.00%,17.46%,,,,7.40%,,,,,
23-Jul-08,33.12%,3.36%,25.51%,,11.00%,17.51%,,,,7.36%,,,,,
24-Jul-08,33.11%,3.33%,25.57%,,11.00%,17.57%,,,,7.33%,,,,,
25-Jul-08,33.10%,3.29%,25.62%,,11.00%,17.62%,,,,7.29%,,,,,
26-Jul-08,33.08%,3.25%,25.66%,,11.00%,17.66%,,,,7.25%,,,,,
27-Jul-08,33.07%,3.22%,25.71%,,11.00%,17.71%,,,,7.22%,,,,,
28-Jul-08,33.06%,3.18%,25.75%,,11.00%,17.75%,,,,7.18%,,,,,
29-Jul-08,33.05%,3.15%,25.79%,,11.00%,17.79%,,,,7.15%,,,,,
30-Jul-08,33.04%,3.13%,25.83%,,11.00%,17.83%,,,,7.13%,,,,,
31-Jul-08,33.03%,3.10%,25.87%,,11.00%,17.87%,,,,7.10%,,,,,
01-Aug-08,33.03%,3.08%,25.90%,,11.00%,17.90%,,,,7.08%,,,,,
02-Aug-08,33.02%,3.06%,25.92%,,11.00%,17.92%,,,,7.06%,,,,,
03-Aug-08,33.01%,3.04%,25.95%,,11.00%,17.95%,,,,7.04%,,,,,
04-Aug-08,33.01%,3.02%,25.97%,,11.00%,17.97%,,,,7.02%,,,,,
05-Aug-08,33.00%,3.01%,25.98%,,11.00%,17.98%,,,,7.01%,,,,,
06-Aug-08,33.00%,3.00%,25.99%,,11.00%,17.99%,,,,7.00%,,,,,
07-Aug-08,33.00%,3.00%,26.00%,,11.00%,18.00%,,,,7.00%,,,,,
08-Aug-08,33.00%,3.00%,26.00%,,11.00%,18.00%,,,,7.00%,,,,,
09-Aug-08,33.00%,3.00%,26.00%,,11.00%,18.00%,,,,7.00%,,,,,
10-Aug-08,33.00%,3.00%,26.00%,,11.00%,18.00%,,,,7.00%,,,,,
11-Aug-08,33.00%,3.00%,26.00%,,11.00%,18.00%,,,,7.00%,,,,,
12-Aug-08,33.00%,3.00%,26.00%,,11.00%,18.00%,,,,7.00%,,,,,
13-Aug-08,33.00%,3.00%,26.00%,,11.00%,18.00%,,,,7.00%,,,,,
14-Aug-08,33.00%,3.00%,26.00%,,11.00%,18.00%,,,,7.00%,,,,,
15-Aug-08,33.00%,3.00%,26.00%,,11.00%,18.00%,,,,7.00%,,,,,
16-Aug-08,33.00%,3.00%,26.00%,,11.00%,18.00%,,,,7.00%,,,,,
17-Aug-08,33.00%,3.00%,26.00%,,11.00%,18.00%,,,,7.00%,,,,,
18-Aug-08,33.00%,3.00%,26.00%,,11.00%,18.00%,,,,7.00%,,,,,
19-Aug-08,33.00%,3.00%,26.00%,,11.00%,18.00%,,,,7.00%,,,,,
20-Aug-08,33.00%,3.00%,26.00%,,11.00%,18.00%,,,,7.00%,,,,,
21-Aug-08,33.00%,3.00%,26.00%,,11.00%,18.00%,,,,7.00%,,,,,
22-Aug-08,33.00%,3.00%,26.00%,,11.00%,18.00%,,,,7.00%,,,,,
23-Aug-08,33.00%,3.00%,26.00%,,11.00%,18.00%,,,,7.00%,,,,,
24-Aug-08,33.00%,3.00%,26.00%,,11.00%,18.00%,,,,7.00%,,,,,
25-Aug-08,33.00%,3.00%,26.00%,,11.00%,18.00%,,,,7.00%,,,,,
26-Aug-08,33.00%,3.00%,26.00%,,11.00%,18.00%,,,,7.00%,,,,,
27-Aug-08,33.00%,3.00%,26.00%,,11.00%,18.00%,,,,7.00%,,,,,
28-Aug-08,33.00%,3.00%,26.00%,,11.00%,18.00%,,,,7.00%,,,,,
29-Aug-08,33.00%,3.00%,26.00%,,11.00%,18.00%,,,,7.00%,,,,,
30-Aug-08,33.00%,3.00%,26.00%,,11.00%,18.00%,,,,7.00%,,,,,
31-Aug-08,33.00%,3.00%,26.00%,,11.00%,18.00%,,,,7.00%,,,,,
01-Sep-08,33.06%,3.12%,26.00%,,11.06%,17.81%,,,,7.00%,,,,,
02-Sep-08,33.13%,3.25%,26.00%,,11.13%,17.62%,,,,7.00%,,,,,
03-Sep-08,33.19%,3.38%,26.00%,,11.19%,17.43%,,,,7.00%,,,,,
04-Sep-08,33.25%,3.51%,26.00%,,11.25%,17.24%,,,,7.00%,,,,,
05-Sep-08,33.32%,3.63%,26.00%,,11.32%,17.05%,,,,7.00%,,,,,
06-Sep-08,33.38%,3.77%,26.00%,,11.38%,16.85%,,,,7.00%,,,,,
07-Sep-08,33.45%,3.90%,26.00%,,11.45%,16.65%,,,,7.00%,,,,,
08-Sep-08,33.52%,4.03%,26.00%,,11.52%,16.45%,,,,7.00%,,,,,
09-Sep-08,33.58%,4.16%,26.00%,,11.58%,16.25%,,,,7.00%,,,,,
10-Sep-08,33.65%,4.30%,26.00%,,11.65%,16.05%,,,,7.00%,,,,,
11-Sep-08,33.72%,4.43%,26.00%,,11.72%,15.85%,,,,7.00%,,,,,
12-Sep-08,33.78%,4.56%,26.00%,,11.78%,15.65%,,,,7.00%,,,,,
13-Sep-08,33.85%,4.70%,26.00%,,11.85%,15.45%,,,,7.00%,,,,,
14-Sep-08,33.92%,4.83%,26.00%,,11.92%,15.25%,,,,7.00%,,,,,
15-Sep-08,33.98%,4.96%,26.00%,,11.98%,15.05%,,,,7.00%,,,,,
16-Sep-08,33.99%,4.97%,26.00%,,11.99%,15.04%,,,,7.00%,,,,,
17-Sep-08,33.99%,4.98%,26.00%,,11.99%,15.03%,,,,7.00%,,,,,
18-Sep-08,33.99%,4.99%,26.00%,,11.99%,15.02%,,,,7.00%,,,,,
19-Sep-08,34.00%,4.99%,26.00%,,12.00%,15.01%,,,,7.00%,,,,,
20-Sep-08,34.00%,5.00%,26.00%,,12.00%,15.01%,,,,7.00%,,,,,
21-Sep-08,34.00%,5.00%,26.00%,,12.00%,15.00%,,,,7.00%,,,,,
22-Sep-08,34.00%,5.00%,26.00%,,12.00%,15.00%,,,,7.00%,,,,,
23-Sep-08,34.00%,5.00%,26.00%,,12.00%,15.00%,,,,7.00%,,,,,
24-Sep-08,34.00%,5.00%,26.00%,,12.00%,15.00%,,,,7.00%,,,,,
25-Sep-08,34.00%,5.00%,26.00%,,12.00%,15.00%,,,,7.00%,,,,,
26-Sep-08,34.00%,5.00%,26.00%,,12.00%,15.00%,,,,7.00%,,,,,
27-Sep-08,34.00%,5.00%,26.00%,,12.00%,15.00%,,,,7.00%,,,,,
28-Sep-08,34.00%,5.00%,26.00%,,12.00%,15.00%,,,,7.00%,,,,,
29-Sep-08,34.00%,5.00%,26.00%,,12.00%,15.00%,,,,7.00%,,,,,
30-Sep-08,34.00%,5.00%,26.00%,,12.00%,15.00%,,,,7.00%,,,,,
01-Oct-08,34.00%,5.00%,26.00%,,12.00%,15.00%,,,,7.00%,,,,,
02-Oct-08,34.00%,5.00%,26.00%,,12.00%,15.00%,,,,7.00%,,,,,
03-Oct-08,34.00%,5.00%,26.00%,,12.00%,15.00%,,,,7.00%,,,,,
04-Oct-08,34.00%,5.00%,26.00%,,12.00%,15.00%,,,,7.00%,,,,,
05-Oct-08,34.00%,5.00%,26.00%,,12.00%,15.00%,,,,7.00%,,,,,
06-Oct-08,34.00%,5.00%,26.00%,,12.00%,15.00%,,,,7.00%,,,,,
07-Oct-08,34.00%,5.00%,26.00%,,12.00%,15.00%,,,,7.00%,,,,,
08-Oct-08,34.00%,5.00%,26.00%,,12.00%,15.00%,,,,7.00%,,,,,
09-Oct-08,34.00%,5.00%,26.00%,,12.00%,15.00%,,,,7.00%,,,,,
10-Oct-08,34.00%,5.00%,26.00%,,12.00%,15.00%,,,,7.00%,,,,,
11-Oct-08,34.00%,5.00%,26.00%,,12.00%,15.00%,,,,7.00%,,,,,
12-Oct-08,34.00%,5.00%,26.00%,,12.00%,15.00%,,,,7.00%,,,,,
13-Oct-08,34.00%,5.00%,26.00%,,12.00%,15.00%,,,,7.00%,,,,,
14-Oct-08,34.00%,5.00%,26.00%,,12.00%,15.00%,,,,7.00%,,,,,
15-Oct-08,33.79%,4.96%,26.26%,,11.83%,14.96%,,,,7.17%,,,,,
16-Oct-08,33.57%,4.91%,26.51%,,11.66%,14.91%,,,,7.34%,,,,,
17-Oct-08,33.36%,4.87%,26.77%,,11.49%,14.87%,,,,7.51%,,,,,
18-Oct-08,33.14%,4.83%,27.03%,,11.31%,14.83%,,,,7.69%,,,,,
19-Oct-08,32.93%,4.79%,27.29%,,11.14%,14.79%,,,,7.86%,,,,,
20-Oct-08,32.71%,4.74%,27.55%,,10.97%,14.74%,,,,8.03%,,,,,
21-Oct-08,32.49%,4.70%,27.81%,,10.79%,14.70%,,,,8.21%,,,,,
22-Oct-08,32.27%,4.65%,28.07%,,10.62%,14.65%,,,,8.38%,,,,,
23-Oct-08,32.05%,4.61%,28.34%,,10.44%,14.61%,,,,8.56%,,,,,
24-Oct-08,31.83%,4.57%,28.60%,,10.27%,14.57%,,,,8.73%,,,,,
25-Oct-08,31.61%,4.52%,28.86%,,10.09%,14.52%,,,,8.91%,,,,,
26-Oct-08,31.39%,4.48%,29.13%,,9.91%,14.48%,,,,9.09%,,,,,
27-Oct-08,31.17%,4.43%,29.40%,,9.74%,14.43%,,,,9.26%,,,,,
28-Oct-08,30.95%,4.39%,29.66%,,9.56%,14.39%,,,,9.44%,,,,,
29-Oct-08,30.72%,4.34%,29.93%,,9.38%,14.34%,,,,9.62%,,,,,
30-Oct-08,30.71%,4.34%,29.95%,,9.37%,14.34%,,,,9.63%,,,,,
31-Oct-08,30.70%,4.34%,29.96%,,9.36%,14.34%,,,,9.64%,,,,,
01-Nov-08,30.69%,4.34%,29.97%,,9.35%,14.34%,,,,9.65%,,,,,
02-Nov-08,30.68%,4.34%,29.99%,,9.34%,14.34%,,,,9.66%,,,,,
03-Nov-08,30.66%,4.33%,30.00%,,9.33%,14.33%,,,,9.67%,,,,,
04-Nov-08,30.65%,4.33%,30.02%,,9.32%,14.33%,,,,9.68%,,,,,
05-Nov-08,30.64%,4.33%,30.04%,,9.31%,14.33%,,,,9.69%,,,,,
06-Nov-08,30.62%,4.32%,30.05%,,9.30%,14.32%,,,,9.70%,,,,,
07-Nov-08,30.61%,4.32%,30.07%,,9.29%,14.32%,,,,9.71%,,,,,
08-Nov-08,30.59%,4.32%,30.09%,,9.28%,14.32%,,,,9.72%,,,,,
09-Nov-08,30.58%,4.32%,30.11%,,9.26%,14.32%,,,,9.74%,,,,,
10-Nov-08,30.56%,4.31%,30.12%,,9.25%,14.31%,,,,9.75%,,,,,
11-Nov-08,30.55%,4.31%,30.14%,,9.24%,14.31%,,,,9.76%,,,,,
12-Nov-08,30.53%,4.31%,30.16%,,9.22%,14.31%,,,,9.78%,,,,,
13-Nov-08,30.51%,4.30%,30.19%,,9.21%,14.30%,,,,9.79%,,,,,
14-Nov-08,30.49%,4.30%,30.21%,,9.20%,14.30%,,,,9.80%,,,,,
15-Nov-08,30.50%,4.32%,30.11%,,9.18%,14.32%,,,,9.89%,,,,,
16-Nov-08,30.50%,4.34%,30.02%,,9.16%,14.34%,,,,9.98%,,,,,
17-Nov-08,30.51%,4.36%,29.92%,,9.14%,14.36%,,,,10.06%,,,,,
18-Nov-08,30.51%,4.39%,29.83%,,9.13%,14.39%,,,,10.15%,,,,,
19-Nov-08,30.52%,4.41%,29.73%,,9.11%,14.41%,,,,10.24%,,,,,
20-Nov-08,30.52%,4.43%,29.63%,,9.09%,14.43%,,,,10.33%,,,,,
21-Nov-08,30.53%,4.45%,29.53%,,9.08%,14.45%,,,,10.41%,,,,,
22-Nov-08,30.54%,4.48%,29.43%,,9.06%,14.48%,,,,10.50%,,,,,
23-Nov-08,30.54%,4.50%,29.33%,,9.04%,14.50%,,,,10.59%,,,,,
24-Nov-08,30.55%,4.52%,29.22%,,9.03%,14.52%,,,,10.68%,,,,,
25-Nov-08,30.56%,4.55%,29.12%,,9.01%,14.55%,,,,10.77%,,,,,
26-Nov-08,30.56%,4.57%,29.01%,,9.00%,14.57%,,,,10.86%,,,,,
27-Nov-08,30.57%,4.59%,28.91%,,8.98%,14.59%,,,,10.95%,,,,,
28-Nov-08,30.58%,4.62%,28.80%,,8.96%,14.62%,,,,11.04%,,,,,
29-Nov-08,30.59%,4.64%,28.69%,,8.95%,14.64%,,,,11.13%,,,,,
30-Nov-08,30.58%,4.64%,28.70%,,8.94%,14.64%,,,,11.15%,,,,,
01-Dec-08,30.56%,4.64%,28.70%,,8.92%,14.64%,,,,11.17%,,,,,
02-Dec-08,30.55%,4.64%,28.71%,,8.91%,14.64%,,,,11.19%,,,,,
03-Dec-08,30.54%,4.64%,28.72%,,8.90%,14.64%,,,,11.21%,,,,,
04-Dec-08,30.52%,4.64%,28.72%,,8.88%,14.64%,,,,11.24%,,,,,
05-Dec-08,30.50%,4.64%,28.73%,,8.87%,14.64%,,,,11.26%,,,,,
06-Dec-08,30.49%,4.64%,28.74%,,8.85%,14.64%,,,,11.29%,,,,,
07-Dec-08,30.47%,4.64%,28.75%,,8.83%,14.64%,,,,11.31%,,,,,
08-Dec-08,30.45%,4.64%,28.76%,,8.82%,14.64%,,,,11.34%,,,,,
09-Dec-08,30.43%,4.64%,28.77%,,8.80%,14.64%,,,,11.37%,,,,,
10-Dec-08,30.41%,4.64%,28.78%,,8.78%,14.64%,,,,11.40%,,,,,
11-Dec-08,30.40%,4.63%,28.78%,,8.76%,14.63%,,,,11.43%,,,,,
12-Dec-08,30.38%,4.63%,28.79%,,8.74%,14.63%,,,,11.45%,,,,,
13-Dec-08,30.36%,4.63%,28.80%,,8.73%,14.63%,,,,11.48%,,,,,
14-Dec-08,30.35%,4.63%,28.80%,,8.71%,14.63%,,,,11.50%,,,,,
15-Dec-08,30.29%,4.61%,29.00%,,8.68%,14.58%,,,,11.41%,,,,,
16-Dec-08,30.24%,4.59%,29.20%,,8.65%,14.53%,,,,11.31%,,,,,
17-Dec-08,30.19%,4.57%,29.40%,,8.62%,14.48%,,,,11.22%,,,,,
18-Dec-08,30.14%,4.55%,29.60%,,8.59%,14.43%,,,,11.12%,,,,,
19-Dec-08,30.09%,4.53%,29.80%,,8.56%,14.37%,,,,11.01%,,,,,
20-Dec-08,30.04%,4.51%,30.00%,,8.53%,14.32%,,,,10.91%,,,,,
21-Dec-08,30.00%,4.49%,30.20%,,8.50%,14.27%,,,,10.80%,,,,,
22-Dec-08,29.95%,4.47%,30.40%,,8.48%,14.22%,,,,10.69%,,,,,
23-Dec-08,29.91%,4.45%,30.60%,,8.46%,14.16%,,,,10.57%,,,,,
24-Dec-08,29.87%,4.43%,30.80%,,8.43%,14.11%,,,,10.46%,,,,,
25-Dec-08,29.83%,4.42%,31.00%,,8.42%,14.06%,,,,10.34%,,,,,
26-Dec-08,29.79%,4.40%,31.20%,,8.40%,14.00%,,,,10.22%,,,,,
27-Dec-08,29.75%,4.38%,31.40%,,8.38%,13.95%,,,,10.09%,,,,,
28-Dec-08,29.71%,4.36%,31.61%,,8.36%,13.89%,,,,9.97%,,,,,
29-Dec-08,29.67%,4.34%,31.81%,,8.34%,13.84%,,,,9.85%,,,,,
30-Dec-08,29.67%,4.34%,31.82%,,8.34%,13.84%,,,,9.84%,,,,,
31-Dec-08,29.67%,4.34%,31.83%,,8.34%,13.83%,,,,9.83%,,,,,
01-Jan-09,29.67%,4.34%,31.84%,,8.34%,13.83%,,,,9.82%,,,,,
02-Jan-09,29.67%,4.34%,31.84%,,8.34%,13.83%,,,,9.82%,,,,,
03-Jan-09,29.67%,4.34%,31.85%,,8.34%,13.83%,,,,9.81%,,,,,
04-Jan-09,29.67%,4.34%,31.86%,,8.34%,13.82%,,,,9.80%,,,,,
05-Jan-09,29.67%,4.34%,31.87%,,8.34%,13.82%,,,,9.79%,,,,,
06-Jan-09,29.67%,4.34%,31.88%,,8.34%,13.82%,,,,9.78%,,,,,
07-Jan-09,29.67%,4.34%,31.89%,,8.34%,13.81%,,,,9.77%,,,,,
08-Jan-09,29.67%,4.34%,31.90%,,8.34%,13.81%,,,,9.76%,,,,,
09-Jan-09,29.67%,4.34%,31.91%,,8.34%,13.81%,,,,9.74%,,,,,
10-Jan-09,29.67%,4.34%,31.93%,,8.34%,13.80%,,,,9.73%,,,,,
11-Jan-09,29.67%,4.34%,31.94%,,8.34%,13.80%,,,,9.72%,,,,,
12-Jan-09,29.67%,4.34%,31.95%,,8.34%,13.79%,,,,9.71%,,,,,
13-Jan-09,29.67%,4.34%,31.96%,,8.34%,13.79%,,,,9.69%,,,,,
14-Jan-09,29.67%,4.34%,31.98%,,8.34%,13.78%,,,,9.68%,,,,,
15-Jan-09,29.68%,4.39%,31.86%,,8.48%,13.73%,,,,9.65%,,,,,
16-Jan-09,29.69%,4.44%,31.75%,,8.62%,13.67%,,,,9.62%,,,,,
17-Jan-09,29.70%,4.49%,31.64%,,8.77%,13.61%,,,,9.58%,,,,,
18-Jan-09,29.71%,4.54%,31.52%,,8.92%,13.55%,,,,9.55%,,,,,
19-Jan-09,29.72%,4.60%,31.40%,,9.07%,13.49%,,,,9.52%,,,,,
20-Jan-09,29.73%,4.65%,31.29%,,9.22%,13.42%,,,,9.49%,,,,,
21-Jan-09,29.74%,4.71%,31.17%,,9.37%,13.36%,,,,9.46%,,,,,
22-Jan-09,29.76%,4.76%,31.05%,,9.53%,13.30%,,,,9.42%,,,,,
23-Jan-09,29.77%,4.82%,30.92%,,9.68%,13.24%,,,,9.39%,,,,,
24-Jan-09,29.78%,4.87%,30.80%,,9.84%,13.17%,,,,9.36%,,,,,
25-Jan-09,29.79%,4.93%,30.68%,,9.99%,13.11%,,,,9.32%,,,,,
26-Jan-09,29.80%,4.98%,30.55%,,10.15%,13.05%,,,,9.29%,,,,,
27-Jan-09,29.81%,5.04%,30.43%,,10.31%,12.98%,,,,9.26%,,,,,
28-Jan-09,29.82%,5.10%,30.30%,,10.47%,12.92%,,,,9.23%,,,,,
29-Jan-09,29.83%,5.15%,30.17%,,10.63%,12.86%,,,,9.20%,,,,,
30-Jan-09,29.83%,5.16%,30.17%,,10.65%,12.84%,,,,9.19%,,,,,
31-Jan-09,29.83%,5.16%,30.17%,,10.66%,12.83%,,,,9.18%,,,,,
01-Feb-09,29.83%,5.17%,30.17%,,10.68%,12.82%,,,,9.16%,,,,,
02-Feb-09,29.82%,5.17%,30.17%,,10.70%,12.81%,,,,9.15%,,,,,
03-Feb-09,29.82%,5.18%,30.17%,,10.71%,12.80%,,,,9.14%,,,,,
04-Feb-09,29.82%,5.18%,30.17%,,10.73%,12.79%,,,,9.13%,,,,,
05-Feb-09,29.82%,5.19%,30.17%,,10.74%,12.78%,,,,9.12%,,,,,
06-Feb-09,29.81%,5.19%,30.17%,,10.76%,12.77%,,,,9.11%,,,,,
07-Feb-09,29.81%,5.20%,30.18%,,10.77%,12.76%,,,,9.10%,,,,,
08-Feb-09,29.81%,5.20%,30.18%,,10.79%,12.75%,,,,9.09%,,,,,
09-Feb-09,29.80%,5.20%,30.18%,,10.80%,12.74%,,,,9.07%,,,,,
10-Feb-09,29.80%,5.21%,30.19%,,10.82%,12.72%,,,,9.06%,,,,,
11-Feb-09,29.80%,5.21%,30.19%,,10.84%,12.71%,,,,9.05%,,,,,
12-Feb-09,29.79%,5.22%,30.19%,,10.86%,12.70%,,,,9.04%,,,,,
13-Feb-09,29.79%,5.22%,30.20%,,10.87%,12.68%,,,,9.02%,,,,,
14-Feb-09,29.78%,5.22%,30.20%,,10.89%,12.67%,,,,9.01%,,,,,
15-Feb-09,29.72%,5.16%,30.20%,,10.94%,12.70%,,,,8.97%,,,,,
16-Feb-09,29.66%,5.09%,30.20%,,10.99%,12.73%,,,,8.92%,,,,,
17-Feb-09,29.60%,5.03%,30.19%,,11.04%,12.76%,,,,8.88%,,,,,
18-Feb-09,29.54%,4.96%,30.19%,,11.09%,12.79%,,,,8.84%,,,,,
19-Feb-09,29.48%,4.89%,30.19%,,11.14%,12.83%,,,,8.80%,,,,,
20-Feb-09,29.42%,4.82%,30.18%,,11.19%,12.86%,,,,8.75%,,,,,
21-Feb-09,29.36%,4.75%,30.18%,,11.24%,12.89%,,,,8.71%,,,,,
22-Feb-09,29.30%,4.68%,30.18%,,11.29%,12.92%,,,,8.66%,,,,,
23-Feb-09,29.23%,4.61%,30.17%,,11.34%,12.96%,,,,8.62%,,,,,
24-Feb-09,29.17%,4.54%,30.17%,,11.40%,12.99%,,,,8.58%,,,,,
25-Feb-09,29.11%,4.47%,30.16%,,11.45%,13.03%,,,,8.53%,,,,,
26-Feb-09,29.05%,4.40%,30.16%,,11.50%,13.07%,,,,8.49%,,,,,
27-Feb-09,28.98%,4.32%,30.15%,,11.54%,13.11%,,,,8.45%,,,,,
28-Feb-09,28.92%,4.25%,30.14%,,11.59%,13.15%,,,,8.41%,,,,,
01-Mar-09,28.86%,4.18%,30.12%,,11.64%,13.19%,,,,8.38%,,,,,
02-Mar-09,28.85%,4.17%,30.12%,,11.66%,13.19%,,,,8.37%,,,,,
03-Mar-09,28.84%,4.17%,30.11%,,11.67%,13.19%,,,,8.36%,,,,,
04-Mar-09,28.83%,4.16%,30.10%,,11.69%,13.19%,,,,8.35%,,,,,
05-Mar-09,28.83%,4.16%,30.09%,,11.71%,13.19%,,,,8.35%,,,,,
06-Mar-09,28.82%,4.15%,30.08%,,11.72%,13.19%,,,,8.34%,,,,,
07-Mar-09,28.82%,4.15%,30.07%,,11.74%,13.19%,,,,8.34%,,,,,
08-Mar-09,28.81%,4.14%,30.05%,,11.76%,13.19%,,,,8.33%,,,,,
09-Mar-09,28.81%,4.14%,30.04%,,11.77%,13.19%,,,,8.33%,,,,,
10-Mar-09,28.80%,4.14%,30.02%,,11.79%,13.20%,,,,8.33%,,,,,
11-Mar-09,28.80%,4.13%,30.00%,,11.80%,13.20%,,,,8.33%,,,,,
12-Mar-09,28.80%,4.13%,29.98%,,11.82%,13.20%,,,,8.33%,,,,,
13-Mar-09,28.79%,4.13%,29.96%,,11.83%,13.21%,,,,8.33%,,,,,
14-Mar-09,28.79%,4.12%,29.94%,,11.85%,13.21%,,,,8.33%,,,,,
15-Mar-09,28.91%,4.08%,29.95%,,11.90%,13.15%,,,,8.32%,,,,,
16-Mar-09,29.03%,4.05%,29.97%,,11.95%,13.09%,,,,8.31%,,,,,
17-Mar-09,29.16%,4.01%,29.98%,,11.99%,13.02%,,,,8.30%,,,,,
18-Mar-09,29.28%,3.97%,30.00%,,12.04%,12.96%,,,,8.29%,,,,,
19-Mar-09,29.41%,3.93%,30.02%,,12.09%,12.89%,,,,8.28%,,,,,
20-Mar-09,29.54%,3.90%,30.03%,,12.14%,12.83%,,,,8.27%,,,,,
21-Mar-09,29.67%,3.86%,30.05%,,12.19%,12.76%,,,,8.26%,,,,,
22-Mar-09,29.80%,3.82%,30.07%,,12.24%,12.69%,,,,8.25%,,,,,
23-Mar-09,29.93%,3.78%,30.08%,,12.29%,12.63%,,,,8.24%,,,,,
24-Mar-09,30.06%,3.74%,30.10%,,12.34%,12.56%,,,,8.23%,,,,,
25-Mar-09,30.20%,3.70%,30.12%,,12.39%,12.49%,,,,8.22%,,,,,
26-Mar-09,30.34%,3.66%,30.14%,,12.44%,12.42%,,,,8.21%,,,,,
27-Mar-09,30.47%,3.62%,30.16%,,12.49%,12.35%,,,,8.20%,,,,,
28-Mar-09,30.61%,3.58%,30.19%,,12.54%,12.28%,,,,8.18%,,,,,
29-Mar-09,30.75%,3.54%,30.22%,,12.58%,12.21%,,,,8.17%,,,,,
30-Mar-09,30.76%,3.53%,30.21%,,12.59%,12.20%,,,,8.17%,,,,,
31-Mar-09,30.77%,3.52%,30.20%,,12.61%,12.20%,,,,8.17%,,,,,
01-Apr-09,30.78%,3.51%,30.20%,,12.62%,12.19%,,,,8.17%,,,,,
02-Apr-09,30.80%,3.50%,30.20%,,12.63%,12.19%,,,,8.16%,,,,,
03-Apr-09,30.81%,3.49%,30.20%,,12.64%,12.18%,,,,8.16%,,,,,
04-Apr-09,30.82%,3.48%,30.20%,,12.64%,12.18%,,,,8.16%,,,,,
05-Apr-09,30.83%,3.47%,30.20%,,12.65%,12.18%,,,,8.16%,,,,,
06-Apr-09,30.84%,3.46%,30.20%,,12.66%,12.17%,,,,8.15%,,,,,
07-Apr-09,30.85%,3.45%,30.21%,,12.66%,12.17%,,,,8.15%,,,,,
08-Apr-09,30.86%,3.44%,30.22%,,12.66%,12.17%,,,,8.15%,,,,,
09-Apr-09,30.87%,3.43%,30.23%,,12.66%,12.16%,,,,8.14%,,,,,
10-Apr-09,30.88%,3.42%,30.24%,,12.66%,12.16%,,,,8.14%,,,,,
11-Apr-09,30.89%,3.41%,30.25%,,12.66%,12.16%,,,,8.14%,,,,,
12-Apr-09,30.90%,3.40%,30.26%,,12.66%,12.15%,,,,8.13%,,,,,
13-Apr-09,30.92%,3.38%,30.28%,,12.66%,12.15%,,,,8.13%,,,,,
14-Apr-09,30.93%,3.37%,30.29%,,12.66%,12.14%,,,,8.12%,,,,,
15-Apr-09,30.79%,3.35%,30.38%,,12.70%,12.20%,,,,8.15%,,,,,
16-Apr-09,30.65%,3.33%,30.47%,,12.74%,12.25%,,,,8.17%,,,,,
17-Apr-09,30.50%,3.31%,30.57%,,12.78%,12.31%,,,,8.19%,,,,,
18-Apr-09,30.36%,3.28%,30.66%,,12.82%,12.36%,,,,8.22%,,,,,
19-Apr-09,30.22%,3.26%,30.76%,,12.87%,12.42%,,,,8.24%,,,,,
20-Apr-09,30.07%,3.24%,30.85%,,12.91%,12.47%,,,,8.27%,,,,,
21-Apr-09,29.92%,3.22%,30.95%,,12.95%,12.53%,,,,8.29%,,,,,
22-Apr-09,29.77%,3.20%,31.05%,,12.99%,12.58%,,,,8.32%,,,,,
23-Apr-09,29.62%,3.18%,31.14%,,13.04%,12.64%,,,,8.34%,,,,,
24-Apr-09,29.47%,3.15%,31.24%,,13.08%,12.70%,,,,8.37%,,,,,
25-Apr-09,29.31%,3.13%,31.34%,,13.13%,12.76%,,,,8.39%,,,,,
26-Apr-09,29.16%,3.11%,31.44%,,13.17%,12.82%,,,,8.42%,,,,,
27-Apr-09,29.00%,3.09%,31.54%,,13.22%,12.88%,,,,8.45%,,,,,
28-Apr-09,28.84%,3.07%,31.64%,,13.26%,12.94%,,,,8.47%,,,,,
29-Apr-09,28.68%,3.05%,31.74%,,13.31%,13.00%,,,,8.50%,,,,,
30-Apr-09,28.67%,3.04%,31.76%,,13.31%,13.00%,,,,8.50%,,,,,
01-May-09,28.66%,3.04%,31.78%,,13.32%,13.00%,,,,8.50%,,,,,
02-May-09,28.65%,3.03%,31.79%,,13.33%,13.01%,,,,8.51%,,,,,
03-May-09,28.64%,3.02%,31.81%,,13.33%,13.01%,,,,8.51%,,,,,
04-May-09,28.63%,3.02%,31.83%,,13.34%,13.01%,,,,8.51%,,,,,
05-May-09,28.62%,3.01%,31.84%,,13.35%,13.01%,,,,8.51%,,,,,
06-May-09,28.61%,3.01%,31.86%,,13.35%,13.02%,,,,8.51%,,,,,
07-May-09,28.61%,3.00%,31.87%,,13.36%,13.02%,,,,8.52%,,,,,
08-May-09,28.60%,3.00%,31.88%,,13.37%,13.02%,,,,8.52%,,,,,
09-May-09,28.59%,3.00%,31.90%,,13.37%,13.02%,,,,8.52%,,,,,
10-May-09,28.58%,3.00%,31.91%,,13.38%,13.02%,,,,8.53%,,,,,
11-May-09,28.57%,3.00%,31.92%,,13.39%,13.02%,,,,8.53%,,,,,
12-May-09,28.56%,3.00%,31.93%,,13.40%,13.02%,,,,8.53%,,,,,
13-May-09,28.55%,3.00%,31.94%,,13.40%,13.02%,,,,8.54%,,,,,
14-May-09,28.54%,3.00%,31.96%,,13.41%,13.02%,,,,8.54%,,,,,
15-May-09,28.54%,3.00%,31.97%,,13.42%,13.02%,,,,8.55%,,,,,
16-May-09,28.52%,3.00%,31.98%,,13.43%,13.02%,,,,8.55%,,,,,
17-May-09,28.51%,3.00%,32.00%,,13.44%,13.02%,,,,8.56%,,,,,
18-May-09,28.50%,3.00%,32.01%,,13.45%,13.02%,,,,8.56%,,,,,
19-May-09,28.49%,3.00%,32.03%,,13.46%,13.02%,,,,8.57%,,,,,
20-May-09,28.48%,3.00%,32.05%,,13.47%,13.02%,,,,8.57%,,,,,
21-May-09,28.47%,3.00%,32.07%,,13.49%,13.02%,,,,8.58%,,,,,
22-May-09,28.45%,3.00%,32.08%,,13.50%,13.03%,,,,8.59%,,,,,
23-May-09,28.44%,3.00%,32.10%,,13.51%,13.03%,,,,8.59%,,,,,
24-May-09,28.42%,3.00%,32.12%,,13.52%,13.03%,,,,8.60%,,,,,
25-May-09,28.41%,3.00%,32.15%,,13.54%,13.03%,,,,8.61%,,,,,
26-May-09,28.39%,3.00%,32.17%,,13.55%,13.03%,,,,8.62%,,,,,
27-May-09,28.25%,2.96%,32.11%,,13.62%,13.17%,,,,8.53%,,,,,
28-May-09,28.12%,2.93%,32.04%,,13.68%,13.32%,,,,8.44%,,,,,
29-May-09,27.98%,2.89%,31.98%,,13.74%,13.46%,,,,8.35%,,,,,
30-May-09,27.85%,2.85%,31.91%,,13.80%,13.61%,,,,8.25%,,,,,
31-May-09,27.71%,2.82%,31.84%,,13.86%,13.76%,,,,8.16%,,,,,
01-Jun-09,27.57%,2.78%,31.77%,,13.92%,13.91%,,,,8.07%,,,,,
02-Jun-09,27.43%,2.74%,31.70%,,13.98%,14.06%,,,,7.97%,,,,,
03-Jun-09,27.29%,2.70%,31.63%,,14.04%,14.22%,,,,7.88%,,,,,
04-Jun-09,27.15%,2.67%,31.55%,,14.10%,14.37%,,,,7.78%,,,,,
05-Jun-09,27.00%,2.63%,31.48%,,14.16%,14.53%,,,,7.68%,,,,,
06-Jun-09,26.86%,2.59%,31.40%,,14.22%,14.69%,,,,7.58%,,,,,
07-Jun-09,26.72%,2.55%,31.31%,,14.28%,14.85%,,,,7.48%,,,,,
08-Jun-09,26.57%,2.51%,31.23%,,14.34%,15.01%,,,,7.38%,,,,,
09-Jun-09,26.42%,2.47%,31.14%,,14.39%,15.18%,,,,7.28%,,,,,
10-Jun-09,26.28%,2.43%,31.05%,,14.45%,15.34%,,,,7.17%,,,,,
11-Jun-09,26.24%,2.43%,31.05%,,14.46%,15.37%,,,,7.16%,,,,,
12-Jun-09,26.21%,2.42%,31.04%,,14.47%,15.40%,,,,7.15%,,,,,
13-Jun-09,26.17%,2.42%,31.04%,,14.47%,15.42%,,,,7.14%,,,,,
14-Jun-09,26.14%,2.41%,31.03%,,14.48%,15.45%,,,,7.13%,,,,,
15-Jun-09,26.08%,2.40%,31.08%,,14.48%,15.43%,,,,7.15%,,,,,
16-Jun-09,26.01%,2.38%,31.14%,,14.47%,15.41%,,,,7.17%,,,,,
17-Jun-09,25.95%,2.36%,31.19%,,14.46%,15.39%,,,,7.19%,,,,,
18-Jun-09,25.89%,2.35%,31.25%,,14.46%,15.37%,,,,7.20%,,,,,
19-Jun-09,25.83%,2.33%,31.30%,,14.45%,15.35%,,,,7.22%,,,,,
20-Jun-09,25.76%,2.32%,31.36%,,14.44%,15.32%,,,,7.24%,,,,,
21-Jun-09,25.70%,2.30%,31.41%,,14.43%,15.30%,,,,7.26%,,,,,
22-Jun-09,25.64%,2.28%,31.47%,,14.43%,15.28%,,,,7.28%,,,,,
23-Jun-09,25.57%,2.27%,31.53%,,14.42%,15.25%,,,,7.30%,,,,,
24-Jun-09,25.51%,2.25%,31.58%,,14.41%,15.23%,,,,7.32%,,,,,
25-Jun-09,25.45%,2.23%,31.64%,,14.40%,15.20%,,,,7.34%,,,,,
26-Jun-09,25.40%,2.22%,31.70%,,14.39%,15.17%,,,,7.36%,,,,,
27-Jun-09,25.34%,2.20%,31.76%,,14.38%,15.14%,,,,7.38%,,,,,
28-Jun-09,25.29%,2.18%,31.82%,,14.37%,15.11%,,,,7.40%,,,,,
29-Jun-09,25.25%,2.17%,31.87%,,14.36%,15.07%,,,,7.42%,,,,,
30-Jun-09,25.23%,2.16%,31.87%,,14.36%,15.08%,,,,7.42%,,,,,
01-Jul-09,25.21%,2.16%,31.87%,,14.36%,15.09%,,,,7.41%,,,,,
02-Jul-09,25.19%,2.16%,31.87%,,14.37%,15.10%,,,,7.41%,,,,,
03-Jul-09,25.17%,2.15%,31.87%,,14.37%,15.11%,,,,7.40%,,,,,
04-Jul-09,25.16%,2.15%,31.87%,,14.37%,15.12%,,,,7.40%,,,,,
05-Jul-09,25.15%,2.14%,31.87%,,14.37%,15.12%,,,,7.39%,,,,,
06-Jul-09,25.14%,2.14%,31.87%,,14.38%,15.13%,,,,7.39%,,,,,
07-Jul-09,25.14%,2.14%,31.87%,,14.38%,15.13%,,,,7.38%,,,,,
08-Jul-09,25.13%,2.13%,31.87%,,14.38%,15.13%,,,,7.38%,,,,,
09-Jul-09,25.13%,2.13%,31.86%,,14.38%,15.14%,,,,7.37%,,,,,
10-Jul-09,25.13%,2.13%,31.86%,,14.38%,15.14%,,,,7.37%,,,,,
11-Jul-09,25.12%,2.12%,31.86%,,14.38%,15.14%,,,,7.36%,,,,,
12-Jul-09,25.12%,2.12%,31.86%,,14.38%,15.14%,,,,7.35%,,,,,
13-Jul-09,25.11%,2.11%,31.85%,,14.38%,15.15%,,,,7.35%,,,,,
14-Jul-09,25.11%,2.11%,31.85%,,14.38%,15.15%,,,,7.34%,,,,,
15-Jul-09,24.99%,2.19%,31.82%,,14.37%,15.26%,,,,7.36%,,,,,
16-Jul-09,24.86%,2.27%,31.80%,,14.36%,15.38%,,,,7.37%,,,,,
17-Jul-09,24.74%,2.35%,31.77%,,14.35%,15.49%,,,,7.38%,,,,,
18-Jul-09,24.61%,2.43%,31.74%,,14.34%,15.61%,,,,7.40%,,,,,
19-Jul-09,24.49%,2.52%,31.71%,,14.33%,15.73%,,,,7.41%,,,,,
20-Jul-09,24.36%,2.60%,31.69%,,14.32%,15.85%,,,,7.43%,,,,,
21-Jul-09,24.23%,2.69%,31.66%,,14.31%,15.97%,,,,7.44%,,,,,
22-Jul-09,24.10%,2.77%,31.63%,,14.30%,16.09%,,,,7.46%,,,,,
23-Jul-09,23.97%,2.86%,31.60%,,14.29%,16.21%,,,,7.48%,,,,,
24-Jul-09,23.84%,2.94%,31.57%,,14.28%,16.33%,,,,7.49%,,,,,
25-Jul-09,23.71%,3.03%,31.54%,,14.26%,16.45%,,,,7.51%,,,,,
26-Jul-09,23.58%,3.12%,31.51%,,14.25%,16.58%,,,,7.52%,,,,,
27-Jul-09,23.44%,3.21%,31.49%,,14.24%,16.70%,,,,7.54%,,,,,
28-Jul-09,23.31%,3.30%,31.46%,,14.23%,16.82%,,,,7.56%,,,,,
29-Jul-09,23.18%,3.39%,31.43%,,14.22%,16.95%,,,,7.58%,,,,,
30-Jul-09,23.16%,3.40%,31.43%,,14.22%,16.96%,,,,7.58%,,,,,
31-Jul-09,23.15%,3.41%,31.43%,,14.21%,16.97%,,,,7.58%,,,,,
01-Aug-09,23.13%,3.41%,31.42%,,14.21%,16.98%,,,,7.58%,,,,,
02-Aug-09,23.12%,3.42%,31.42%,,14.21%,16.99%,,,,7.58%,,,,,
03-Aug-09,23.10%,3.43%,31.42%,,14.21%,17.00%,,,,7.58%,,,,,
04-Aug-09,23.09%,3.44%,31.42%,,14.21%,17.01%,,,,7.59%,,,,,
05-Aug-09,23.08%,3.44%,31.42%,,14.21%,17.02%,,,,7.59%,,,,,
06-Aug-09,23.07%,3.45%,31.42%,,14.20%,17.03%,,,,7.59%,,,,,
07-Aug-09,23.05%,3.46%,31.42%,,14.20%,17.04%,,,,7.60%,,,,,
08-Aug-09,23.04%,3.47%,31.42%,,14.20%,17.04%,,,,7.60%,,,,,
09-Aug-09,23.03%,3.48%,31.43%,,14.20%,17.05%,,,,7.61%,,,,,
10-Aug-09,23.02%,3.48%,31.43%,,14.19%,17.06%,,,,7.61%,,,,,
11-Aug-09,23.01%,3.49%,31.43%,,14.19%,17.06%,,,,7.62%,,,,,
12-Aug-09,23.00%,3.50%,31.43%,,14.19%,17.07%,,,,7.62%,,,,,
13-Aug-09,22.98%,3.51%,31.43%,,14.19%,17.08%,,,,7.63%,,,,,
14-Aug-09,22.97%,3.52%,31.43%,,14.18%,17.09%,,,,7.63%,,,,,
15-Aug-09,22.95%,3.53%,31.44%,,14.18%,17.10%,,,,7.64%,,,,,
16-Aug-09,22.94%,3.55%,31.44%,,14.18%,17.11%,,,,7.65%,,,,,
17-Aug-09,22.92%,3.56%,31.44%,,14.17%,17.12%,,,,7.65%,,,,,
18-Aug-09,22.91%,3.57%,31.44%,,14.17%,17.13%,,,,7.66%,,,,,
19-Aug-09,22.89%,3.58%,31.45%,,14.17%,17.14%,,,,7.67%,,,,,
20-Aug-09,22.87%,3.60%,31.45%,,14.16%,17.15%,,,,7.67%,,,,,
21-Aug-09,22.85%,3.61%,31.45%,,14.16%,17.16%,,,,7.68%,,,,,
22-Aug-09,22.84%,3.62%,31.45%,,14.15%,17.17%,,,,7.69%,,,,,
23-Aug-09,22.81%,3.64%,31.46%,,14.15%,17.18%,,,,7.70%,,,,,
24-Aug-09,22.79%,3.66%,31.46%,,14.15%,17.19%,,,,7.71%,,,,,
25-Aug-09,22.77%,3.67%,31.46%,,14.14%,17.21%,,,,7.72%,,,,,
26-Aug-09,22.75%,3.69%,31.47%,,14.14%,17.22%,,,,7.73%,,,,,
27-Aug-09,22.72%,3.71%,31.47%,,14.13%,17.24%,,,,7.74%,,,,,
28-Aug-09,22.70%,3.73%,31.47%,,14.12%,17.25%,,,,7.75%,,,,,
29-Aug-09,22.67%,3.75%,31.48%,,14.12%,17.27%,,,,7.76%,,,,,
30-Aug-09,22.64%,3.77%,31.48%,,14.11%,17.29%,,,,7.78%,,,,,
31-Aug-09,22.61%,3.80%,31.49%,,14.11%,17.31%,,,,7.79%,,,,,
01-Sep-09,22.57%,3.82%,31.49%,,14.10%,17.33%,,,,7.80%,,,,,
02-Sep-09,22.54%,3.85%,31.50%,,14.09%,17.35%,,,,7.82%,,,,,
03-Sep-09,22.50%,3.88%,31.50%,,14.08%,17.37%,,,,7.84%,,,,,
04-Sep-09,22.46%,3.91%,31.51%,,14.07%,17.40%,,,,7.85%,,,,,
05-Sep-09,22.42%,3.94%,31.51%,,14.06%,17.42%,,,,7.87%,,,,,
06-Sep-09,22.37%,3.97%,31.52%,,14.06%,17.45%,,,,7.89%,,,,,
07-Sep-09,22.33%,4.00%,31.52%,,14.05%,17.48%,,,,7.90%,,,,,
08-Sep-09,22.29%,4.03%,31.52%,,14.04%,17.51%,,,,7.92%,,,,,
09-Sep-09,22.25%,4.06%,31.52%,,14.03%,17.54%,,,,7.93%,,,,,
10-Sep-09,22.21%,4.09%,31.52%,,14.03%,17.58%,,,,7.94%,,,,,
11-Sep-09,22.17%,4.13%,31.52%,,14.02%,17.61%,,,,7.95%,,,,,
12-Sep-09,22.12%,4.16%,31.51%,,14.02%,17.65%,,,,7.97%,,,,,
13-Sep-09,22.08%,4.19%,31.50%,,14.01%,17.69%,,,,7.97%,,,,,
14-Sep-09,22.04%,4.22%,31.49%,,14.01%,17.73%,,,,7.98%,,,,,
15-Sep-09,22.28%,4.19%,31.60%,,14.01%,17.59%,,,,7.90%,,,,,
16-Sep-09,22.53%,4.15%,31.71%,,14.00%,17.44%,,,,7.81%,,,,,
17-Sep-09,22.79%,4.11%,31.82%,,14.00%,17.29%,,,,7.72%,,,,,
18-Sep-09,23.05%,4.07%,31.93%,,14.00%,17.14%,,,,7.63%,,,,,
19-Sep-09,23.32%,4.02%,32.04%,,14.00%,16.98%,,,,7.53%,,,,,
20-Sep-09,23.59%,3.98%,32.15%,,14.00%,16.82%,,,,7.44%,,,,,
21-Sep-09,23.86%,3.93%,32.27%,,14.00%,16.66%,,,,7.34%,,,,,
22-Sep-09,24.14%,3.88%,32.38%,,14.00%,16.50%,,,,7.24%,,,,,
23-Sep-09,24.43%,3.83%,32.50%,,14.00%,16.33%,,,,7.14%,,,,,
24-Sep-09,24.72%,3.78%,32.62%,,14.00%,16.16%,,,,7.04%,,,,,
25-Sep-09,25.01%,3.72%,32.74%,,14.00%,15.98%,,,,6.94%,,,,,
26-Sep-09,25.31%,3.66%,32.86%,,14.00%,15.80%,,,,6.83%,,,,,
27-Sep-09,25.61%,3.60%,32.99%,,14.00%,15.61%,,,,6.73%,,,,,
28-Sep-09,25.92%,3.54%,33.12%,,14.00%,15.42%,,,,6.63%,,,,,
29-Sep-09,26.24%,3.47%,33.25%,,14.00%,15.22%,,,,6.52%,,,,,
30-Sep-09,26.27%,3.47%,33.26%,,14.00%,15.21%,,,,6.51%,,,,,
01-Oct-09,26.31%,3.46%,33.28%,,14.00%,15.19%,,,,6.50%,,,,,
02-Oct-09,26.34%,3.46%,33.29%,,14.00%,15.17%,,,,6.48%,,,,,
03-Oct-09,26.38%,3.45%,33.31%,,14.00%,15.15%,,,,6.47%,,,,,
04-Oct-09,26.41%,3.45%,33.32%,,14.00%,15.13%,,,,6.46%,,,,,
05-Oct-09,26.45%,3.44%,33.33%,,14.00%,15.11%,,,,6.45%,,,,,
06-Oct-09,26.48%,3.43%,33.35%,,14.00%,15.08%,,,,6.43%,,,,,
07-Oct-09,26.52%,3.42%,33.37%,,14.00%,15.06%,,,,6.42%,,,,,
08-Oct-09,26.56%,3.41%,33.38%,,14.00%,15.03%,,,,6.41%,,,,,
09-Oct-09,26.60%,3.40%,33.40%,,14.00%,15.00%,,,,6.40%,,,,,
10-Oct-09,26.64%,3.39%,33.42%,,14.00%,14.97%,,,,6.39%,,,,,
11-Oct-09,26.69%,3.38%,33.44%,,14.00%,14.94%,,,,6.38%,,,,,
12-Oct-09,26.73%,3.36%,33.46%,,14.00%,14.91%,,,,6.36%,,,,,
13-Oct-09,26.78%,3.35%,33.48%,,14.00%,14.87%,,,,6.35%,,,,,
14-Oct-09,26.83%,3.33%,33.50%,,14.00%,14.84%,,,,6.33%,,,,,
15-Oct-09,26.88%,3.32%,33.52%,,14.00%,14.80%,,,,6.32%,,,,,
16-Oct-09,26.93%,3.30%,33.54%,,14.00%,14.76%,,,,6.30%,,,,,
17-Oct-09,26.99%,3.29%,33.57%,,14.00%,14.72%,,,,6.29%,,,,,
18-Oct-09,27.05%,3.27%,33.59%,,14.00%,14.68%,,,,6.27%,,,,,
19-Oct-09,27.11%,3.25%,33.62%,,14.00%,14.63%,,,,6.25%,,,,,
20-Oct-09,27.18%,3.24%,33.65%,,14.00%,14.59%,,,,6.24%,,,,,
21-Oct-09,27.24%,3.22%,33.68%,,14.00%,14.54%,,,,6.22%,,,,,
22-Oct-09,27.32%,3.20%,33.71%,,14.00%,14.49%,,,,6.20%,,,,,
23-Oct-09,27.39%,3.17%,33.74%,,14.00%,14.43%,,,,6.17%,,,,,
24-Oct-09,27.47%,3.15%,33.77%,,14.00%,14.38%,,,,6.15%,,,,,
25-Oct-09,27.53%,3.13%,33.80%,,14.00%,14.33%,,,,6.13%,,,,,
26-Oct-09,27.60%,3.11%,33.83%,,14.00%,14.29%,,,,6.11%,,,,,
27-Oct-09,27.66%,3.10%,33.85%,,14.00%,14.24%,,,,6.10%,,,,,
28-Oct-09,27.72%,3.08%,33.88%,,14.00%,14.20%,,,,6.08%,,,,,
29-Oct-09,27.77%,3.07%,33.90%,,14.00%,14.16%,,,,6.07%,,,,,
30-Oct-09,27.82%,3.05%,33.92%,,14.00%,14.13%,,,,6.05%,,,,,
31-Oct-09,27.86%,3.04%,33.94%,,14.00%,14.10%,,,,6.04%,,,,,
01-Nov-09,27.90%,3.03%,33.96%,,14.00%,14.07%,,,,6.03%,,,,,
02-Nov-09,27.93%,3.02%,33.97%,,14.00%,14.05%,,,,6.02%,,,,,
03-Nov-09,27.96%,3.01%,33.98%,,14.00%,14.03%,,,,6.01%,,,,,
04-Nov-09,27.98%,3.01%,33.99%,,14.00%,14.02%,,,,6.01%,,,,,
05-Nov-09,27.99%,3.00%,34.00%,,14.00%,14.01%,,,,6.00%,,,,,
06-Nov-09,28.00%,3.00%,34.00%,,14.00%,14.00%,,,,6.00%,,,,,
07-Nov-09,28.00%,3.00%,34.00%,,14.00%,14.00%,,,,6.00%,,,,,
08-Nov-09,28.00%,3.00%,34.00%,,14.00%,14.00%,,,,6.00%,,,,,
09-Nov-09,28.00%,3.00%,34.00%,,14.00%,14.00%,,,,6.00%,,,,,
10-Nov-09,28.00%,3.00%,34.00%,,14.00%,14.00%,,,,6.00%,,,,,
11-Nov-09,28.00%,3.00%,34.00%,,14.00%,14.00%,,,,6.00%,,,,,
12-Nov-09,28.00%,3.00%,34.00%,,14.00%,14.00%,,,,6.00%,,,,,
13-Nov-09,28.00%,3.00%,34.00%,,14.00%,14.00%,,,,6.00%,,,,,
14-Nov-09,28.00%,3.00%,34.00%,,14.00%,14.00%,,,,6.00%,,,,,
15-Nov-09,28.00%,2.95%,33.71%,,14.10%,14.24%,,,,5.95%,,,,,
16-Nov-09,28.00%,2.90%,33.42%,,14.19%,14.48%,,,,5.90%,,,,,
17-Nov-09,28.00%,2.86%,33.13%,,14.29%,14.72%,,,,5.86%,,,,,
18-Nov-09,28.00%,2.81%,32.84%,,14.39%,14.97%,,,,5.81%,,,,,
19-Nov-09,28.00%,2.76%,32.55%,,14.48%,15.21%,,,,5.76%,,,,,
20-Nov-09,28.00%,2.71%,32.25%,,14.58%,15.46%,,,,5.71%,,,,,
21-Nov-09,28.00%,2.66%,31.96%,,14.68%,15.70%,,,,5.66%,,,,,
22-Nov-09,28.00%,2.61%,31.66%,,14.78%,15.95%,,,,5.61%,,,,,
23-Nov-09,28.00%,2.56%,31.36%,,14.88%,16.20%,,,,5.56%,,,,,
24-Nov-09,28.00%,2.51%,31.06%,,14.98%,16.45%,,,,5.51%,,,,,
25-Nov-09,28.00%,2.46%,30.76%,,15.08%,16.70%,,,,5.46%,,,,,
26-Nov-09,28.00%,2.41%,30.45%,,15.18%,16.96%,,,,5.41%,,,,,
27-Nov-09,28.00%,2.36%,30.15%,,15.28%,17.21%,,,,5.36%,,,,,
28-Nov-09,28.00%,2.31%,29.84%,,15.39%,17.47%,,,,5.31%,,,,,
29-Nov-09,28.00%,2.25%,29.53%,,15.49%,17.73%,,,,5.25%,,,,,
30-Nov-09,28.00%,2.25%,29.50%,,15.50%,17.75%,,,,5.25%,,,,,
01-Dec-09,28.00%,2.25%,29.48%,,15.51%,17.77%,,,,5.25%,,,,,
02-Dec-09,28.00%,2.24%,29.45%,,15.52%,17.79%,,,,5.24%,,,,,
03-Dec-09,28.00%,2.24%,29.43%,,15.52%,17.81%,,,,5.24%,,,,,
04-Dec-09,28.00%,2.23%,29.40%,,15.53%,17.83%,,,,5.23%,,,,,
05-Dec-09,28.00%,2.23%,29.37%,,15.54%,17.86%,,,,5.23%,,,,,
06-Dec-09,28.00%,2.22%,29.34%,,15.55%,17.88%,,,,5.22%,,,,,
07-Dec-09,28.00%,2.22%,29.31%,,15.56%,17.91%,,,,5.22%,,,,,
08-Dec-09,28.00%,2.21%,29.28%,,15.57%,17.93%,,,,5.21%,,,,,
09-Dec-09,28.00%,2.21%,29.25%,,15.58%,17.96%,,,,5.21%,,,,,
10-Dec-09,28.00%,2.20%,29.21%,,15.60%,17.99%,,,,5.20%,,,,,
11-Dec-09,28.00%,2.20%,29.17%,,15.61%,18.02%,,,,5.20%,,,,,
12-Dec-09,28.00%,2.19%,29.14%,,15.62%,18.05%,,,,5.19%,,,,,
13-Dec-09,28.00%,2.18%,29.10%,,15.63%,18.08%,,,,5.18%,,,,,
14-Dec-09,28.00%,2.18%,29.06%,,15.65%,18.12%,,,,5.18%,,,,,
15-Dec-09,28.00%,2.17%,29.02%,,15.66%,18.15%,,,,5.17%,,,,,
16-Dec-09,28.00%,2.16%,28.97%,,15.68%,18.19%,,,,5.16%,,,,,
17-Dec-09,28.00%,2.15%,28.92%,,15.69%,18.23%,,,,5.15%,,,,,
18-Dec-09,28.00%,2.15%,28.88%,,15.71%,18.27%,,,,5.15%,,,,,
19-Dec-09,28.00%,2.14%,28.82%,,15.73%,18.31%,,,,5.14%,,,,,
20-Dec-09,28.00%,2.13%,28.77%,,15.74%,18.36%,,,,5.13%,,,,,
21-Dec-09,28.00%,2.12%,28.71%,,15.76%,18.40%,,,,5.12%,,,,,
22-Dec-09,28.00%,2.11%,28.66%,,15.78%,18.45%,,,,5.11%,,,,,
23-Dec-09,28.00%,2.10%,28.59%,,15.80%,18.51%,,,,5.10%,,,,,
24-Dec-09,28.00%,2.09%,28.53%,,15.82%,18.56%,,,,5.09%,,,,,
25-Dec-09,28.00%,2.08%,28.46%,,15.85%,18.61%,,,,5.08%,,,,,
26-Dec-09,28.00%,2.07%,28.40%,,15.87%,18.66%,,,,5.07%,,,,,
27-Dec-09,28.00%,2.06%,28.35%,,15.88%,18.71%,,,,5.06%,,,,,
28-Dec-09,28.00%,2.05%,28.29%,,15.90%,18.75%,,,,5.05%,,,,,
29-Dec-09,28.00%,2.04%,28.25%,,15.92%,18.80%,,,,5.04%,,,,,
30-Dec-09,28.00%,2.03%,28.20%,,15.93%,18.83%,,,,5.03%,,,,,
31-Dec-09,28.00%,2.03%,28.16%,,15.95%,18.87%,,,,5.03%,,,,,
01-Jan-10,28.00%,2.02%,28.12%,,15.96%,18.90%,,,,5.02%,,,,,
02-Jan-10,28.00%,2.01%,28.09%,,15.97%,18.93%,,,,5.01%,,,,,
03-Jan-10,28.00%,2.01%,28.06%,,15.98%,18.95%,,,,5.01%,,,,,
04-Jan-10,28.00%,2.01%,28.04%,,15.99%,18.97%,,,,5.01%,,,,,
05-Jan-10,28.00%,2.00%,28.02%,,15.99%,18.98%,,,,5.00%,,,,,
06-Jan-10,28.00%,2.00%,28.01%,,16.00%,18.99%,,,,5.00%,,,,,
07-Jan-10,28.00%,2.00%,28.00%,,16.00%,19.00%,,,,5.00%,,,,,
08-Jan-10,28.00%,2.00%,28.00%,,16.00%,19.00%,,,,5.00%,,,,,
09-Jan-10,28.00%,2.00%,28.00%,,16.00%,19.00%,,,,5.00%,,,,,
10-Jan-10,28.00%,2.00%,28.00%,,16.00%,19.00%,,,,5.00%,,,,,
11-Jan-10,28.00%,2.00%,28.00%,,16.00%,19.00%,,,,5.00%,,,,,
12-Jan-10,28.00%,2.00%,28.00%,,16.00%,19.00%,,,,5.00%,,,,,
13-Jan-10,28.00%,2.00%,28.00%,,16.00%,19.00%,,,,5.00%,,,,,
14-Jan-10,28.00%,2.00%,28.00%,,16.00%,19.00%,,,,5.00%,,,,,
15-Jan-10,28.00%,2.00%,28.00%,,16.00%,19.00%,,,,5.00%,,,,,
16-Jan-10,28.00%,2.00%,28.00%,,16.00%,19.00%,,,,5.00%,,,,,
17-Jan-10,28.00%,2.00%,28.00%,,16.00%,19.00%,,,,5.00%,,,,,
18-Jan-10,28.00%,2.00%,28.00%,,16.00%,19.00%,,,,5.00%,,,,,
19-Jan-10,28.00%,2.00%,28.00%,,16.00%,19.00%,,,,5.00%,,,,,
20-Jan-10,28.00%,2.00%,28.00%,,16.00%,19.00%,,,,5.00%,,,,,
21-Jan-10,28.00%,2.00%,28.00%,,16.00%,19.00%,,,,5.00%,,,,,
22-Jan-10,28.00%,2.00%,28.00%,,16.00%,19.00%,,,,5.00%,,,,,
23-Jan-10,28.00%,2.00%,28.00%,,16.00%,19.00%,,,,5.00%,,,,,
24-Jan-10,28.00%,2.00%,28.00%,,16.00%,19.00%,,,,5.00%,,,,,
25-Jan-10,28.00%,2.00%,28.00%,,16.00%,19.00%,,,,5.00%,,,,,
26-Jan-10,28.00%,2.00%,28.00%,,16.00%,19.00%,,,,5.00%,,,,,
27-Jan-10,28.00%,2.00%,28.00%,,16.00%,19.00%,,,,5.00%,,,,,
28-Jan-10,28.00%,2.00%,28.00%,,16.00%,19.00%,,,,5.00%,,,,,
29-Jan-10,28.00%,2.00%,28.00%,,16.00%,19.00%,,,,5.00%,,,,,
30-Jan-10,28.00%,2.00%,28.00%,,16.00%,19.00%,,,,5.00%,,,,,
31-Jan-10,28.00%,2.00%,28.00%,,16.00%,19.00%,,,,5.00%,,,,,
01-Feb-10,28.00%,2.00%,28.00%,,16.00%,19.00%,,,,5.00%,,,,,
02-Feb-10,28.00%,2.00%,28.00%,,16.00%,19.00%,,,,5.00%,,,,,
03-Feb-10,28.00%,2.00%,28.00%,,16.00%,19.00%,,,,5.00%,,,,,
04-Feb-10,28.00%,2.00%,28.00%,,16.00%,19.00%,,,,5.00%,,,,,
05-Feb-10,28.00%,2.00%,28.00%,,16.00%,19.00%,,,,5.00%,,,,,
06-Feb-10,28.00%,2.00%,28.00%,,16.00%,19.00%,,,,5.00%,,,,,
07-Feb-10,28.00%,2.00%,28.00%,,16.00%,19.00%,,,,5.00%,,,,,
08-Feb-10,28.00%,2.00%,28.00%,,16.00%,19.00%,,,,5.00%,,,,,
09-Feb-10,28.00%,2.00%,28.00%,,16.00%,19.00%,,,,5.00%,,,,,
10-Feb-10,28.00%,2.00%,28.00%,,16.00%,19.00%,,,,5.00%,,,,,
11-Feb-10,28.00%,2.00%,28.00%,,16.00%,19.00%,,,,5.00%,,,,,
12-Feb-10,28.00%,2.00%,28.00%,,16.00%,19.00%,,,,5.00%,,,,,
13-Feb-10,28.00%,2.00%,28.00%,,16.00%,19.00%,,,,5.00%,,,,,
14-Feb-10,28.00%,2.00%,28.00%,,16.00%,19.00%,,,,5.00%,,,,,
15-Feb-10,28.19%,2.00%,27.75%,,16.00%,18.94%,,,,5.12%,,,,,
16-Feb-10,28.37%,2.00%,27.50%,,16.00%,18.88%,,,,5.25%,,,,,
17-Feb-10,28.56%,2.00%,27.25%,,16.00%,18.81%,,,,5.37%,,,,,
18-Feb-10,28.75%,2.00%,27.00%,,16.00%,18.75%,,,,5.50%,,,,,
19-Feb-10,28.94%,2.00%,26.74%,,16.00%,18.69%,,,,5.63%,,,,,
20-Feb-10,29.14%,2.00%,26.48%,,16.00%,18.62%,,,,5.76%,,,,,
21-Feb-10,29.33%,2.00%,26.22%,,16.00%,18.56%,,,,5.89%,,,,,
22-Feb-10,29.53%,2.00%,25.96%,,16.00%,18.49%,,,,6.02%,,,,,
23-Feb-10,29.73%,2.00%,25.69%,,16.00%,18.42%,,,,6.15%,,,,,
24-Feb-10,29.93%,2.00%,25.43%,,16.00%,18.36%,,,,6.29%,,,,,
25-Feb-10,30.13%,2.00%,25.16%,,16.00%,18.29%,,,,6.42%,,,,,
26-Feb-10,30.33%,2.00%,24.89%,,16.00%,18.22%,,,,6.55%,,,,,
27-Feb-10,30.53%,2.00%,24.63%,,16.00%,18.16%,,,,6.69%,,,,,
28-Feb-10,30.73%,2.00%,24.36%,,16.00%,18.09%,,,,6.82%,,,,,
01-Mar-10,30.93%,2.00%,24.09%,,16.00%,18.02%,,,,6.95%,,,,,
02-Mar-10,30.95%,2.00%,24.07%,,16.00%,18.02%,,,,6.96%,,,,,
03-Mar-10,30.96%,2.00%,24.06%,,16.00%,18.01%,,,,6.97%,,,,,
04-Mar-10,30.97%,2.00%,24.04%,,16.00%,18.01%,,,,6.98%,,,,,
05-Mar-10,30.98%,2.00%,24.03%,,16.00%,18.01%,,,,6.99%,,,,,
06-Mar-10,30.99%,2.00%,24.02%,,16.00%,18.00%,,,,6.99%,,,,,
07-Mar-10,30.99%,2.00%,24.01%,,16.00%,18.00%,,,,7.00%,,,,,
08-Mar-10,31.00%,2.00%,24.00%,,16.00%,18.00%,,,,7.00%,,,,,
09-Mar-10,31.00%,2.00%,24.00%,,16.00%,18.00%,,,,7.00%,,,,,
10-Mar-10,31.00%,2.00%,24.00%,,16.00%,18.00%,,,,7.00%,,,,,
11-Mar-10,31.00%,2.00%,24.00%,,16.00%,18.00%,,,,7.00%,,,,,
12-Mar-10,31.00%,2.00%,24.00%,,16.00%,18.00%,,,,7.00%,,,,,
13-Mar-10,31.00%,2.00%,24.00%,,16.00%,18.00%,,,,7.00%,,,,,
14-Mar-10,31.00%,2.00%,24.00%,,16.00%,18.00%,,,,7.00%,,,,,
15-Mar-10,31.16%,2.04%,24.00%,,15.84%,18.04%,,,,6.96%,,,,,
16-Mar-10,31.19%,2.11%,24.03%,,15.70%,18.05%,,,,6.91%,,,,,
17-Mar-10,31.23%,2.18%,24.07%,,15.56%,18.06%,,,,6.86%,,,,,
18-Mar-10,31.26%,2.25%,24.10%,,15.41%,18.07%,,,,6.80%,,,,,
19-Mar-10,31.30%,2.33%,24.13%,,15.27%,18.08%,,,,6.75%,,,,,
20-Mar-10,31.33%,2.40%,24.17%,,15.13%,18.09%,,,,6.70%,,,,,
21-Mar-10,31.37%,2.47%,24.20%,,14.98%,18.10%,,,,6.65%,,,,,
22-Mar-10,31.40%,2.54%,24.23%,,14.84%,18.11%,,,,6.59%,,,,,
23-Mar-10,31.44%,2.62%,24.27%,,14.69%,18.13%,,,,6.54%,,,,,
24-Mar-10,31.47%,2.69%,24.30%,,14.55%,18.14%,,,,6.49%,,,,,
25-Mar-10,31.51%,2.76%,24.34%,,14.40%,18.15%,,,,6.43%,,,,,
26-Mar-10,31.54%,2.84%,24.37%,,14.26%,18.16%,,,,6.38%,,,,,
27-Mar-10,31.58%,2.91%,24.40%,,14.11%,18.17%,,,,6.33%,,,,,
28-Mar-10,31.61%,2.98%,24.44%,,13.97%,18.18%,,,,6.27%,,,,,
29-Mar-10,31.65%,3.05%,24.47%,,13.82%,18.19%,,,,6.22%,,,,,
30-Mar-10,31.53%,3.09%,24.50%,,13.83%,18.16%,,,,6.21%,,,,,
31-Mar-10,31.53%,3.09%,24.51%,,13.83%,18.16%,,,,6.20%,,,,,
01-Apr-10,31.53%,3.09%,24.51%,,13.82%,18.16%,,,,6.20%,,,,,
02-Apr-10,31.53%,3.09%,24.51%,,13.82%,18.16%,,,,6.20%,,,,,
03-Apr-10,31.53%,3.10%,24.51%,,13.82%,18.16%,,,,6.20%,,,,,
04-Apr-10,31.53%,3.10%,24.51%,,13.81%,18.16%,,,,6.20%,,,,,
05-Apr-10,31.53%,3.10%,24.51%,,13.81%,18.17%,,,,6.20%,,,,,
06-Apr-10,31.53%,3.10%,24.51%,,13.81%,18.17%,,,,6.20%,,,,,
07-Apr-10,31.53%,3.10%,24.51%,,13.80%,18.17%,,,,6.20%,,,,,
08-Apr-10,31.53%,3.11%,24.51%,,13.80%,18.17%,,,,6.19%,,,,,
09-Apr-10,31.54%,3.11%,24.51%,,13.80%,18.17%,,,,6.19%,,,,,
10-Apr-10,31.54%,3.11%,24.51%,,13.79%,18.17%,,,,6.19%,,,,,
11-Apr-10,31.54%,3.11%,24.52%,,13.79%,18.17%,,,,6.19%,,,,,
12-Apr-10,31.54%,3.11%,24.52%,,13.78%,18.17%,,,,6.19%,,,,,
13-Apr-10,31.54%,3.12%,24.52%,,13.78%,18.17%,,,,6.19%,,,,,
14-Apr-10,31.54%,3.12%,24.52%,,13.78%,18.17%,,,,6.18%,,,,,
15-Apr-10,31.47%,3.15%,24.66%,,13.75%,18.15%,,,,6.18%,,,,,
16-Apr-10,31.43%,3.17%,24.82%,,13.69%,18.07%,,,,6.22%,,,,,
17-Apr-10,31.39%,3.19%,24.99%,,13.63%,17.99%,,,,6.26%,,,,,
18-Apr-10,31.36%,3.22%,25.16%,,13.57%,17.91%,,,,6.30%,,,,,
19-Apr-10,31.32%,3.24%,25.33%,,13.51%,17.83%,,,,6.33%,,,,,
20-Apr-10,31.28%,3.26%,25.50%,,13.46%,17.75%,,,,6.37%,,,,,
21-Apr-10,31.24%,3.28%,25.67%,,13.40%,17.67%,,,,6.41%,,,,,
22-Apr-10,31.20%,3.30%,25.84%,,13.34%,17.59%,,,,6.45%,,,,,
23-Apr-10,31.16%,3.32%,26.01%,,13.28%,17.51%,,,,6.48%,,,,,
24-Apr-10,31.12%,3.35%,26.19%,,13.22%,17.43%,,,,6.52%,,,,,
25-Apr-10,31.08%,3.37%,26.36%,,13.16%,17.35%,,,,6.56%,,,,,
26-Apr-10,31.04%,3.39%,26.53%,,13.10%,17.27%,,,,6.60%,,,,,
27-Apr-10,31.00%,3.41%,26.71%,,13.05%,17.18%,,,,6.64%,,,,,
28-Apr-10,30.96%,3.43%,26.88%,,12.99%,17.10%,,,,6.68%,,,,,
29-Apr-10,30.92%,3.46%,27.06%,,12.93%,17.02%,,,,6.72%,,,,,
30-Apr-10,30.95%,3.45%,27.10%,,12.89%,16.96%,,,,6.76%,,,,,
01-May-10,30.94%,3.45%,27.11%,,12.88%,16.95%,,,,6.76%,,,,,
02-May-10,30.94%,3.45%,27.13%,,12.88%,16.95%,,,,6.76%,,,,,
03-May-10,30.94%,3.46%,27.14%,,12.87%,16.94%,,,,6.76%,,,,,
04-May-10,30.94%,3.46%,27.15%,,12.86%,16.93%,,,,6.76%,,,,,
05-May-10,30.94%,3.46%,27.16%,,12.85%,16.93%,,,,6.76%,,,,,
06-May-10,30.93%,3.47%,27.18%,,12.85%,16.92%,,,,6.76%,,,,,
07-May-10,30.93%,3.47%,27.19%,,12.84%,16.92%,,,,6.77%,,,,,
08-May-10,30.93%,3.47%,27.21%,,12.83%,16.91%,,,,6.77%,,,,,
09-May-10,30.93%,3.48%,27.22%,,12.82%,16.90%,,,,6.77%,,,,,
10-May-10,30.93%,3.48%,27.24%,,12.81%,16.90%,,,,6.77%,,,,,
11-May-10,30.92%,3.49%,27.25%,,12.80%,16.89%,,,,6.77%,,,,,
12-May-10,30.92%,3.49%,27.27%,,12.79%,16.88%,,,,6.77%,,,,,
13-May-10,30.92%,3.50%,27.29%,,12.78%,16.88%,,,,6.78%,,,,,
14-May-10,30.92%,3.50%,27.31%,,12.77%,16.87%,,,,6.78%,,,,,
15-May-10,30.84%,3.50%,27.34%,,12.76%,16.90%,,,,6.74%,,,,,
16-May-10,30.85%,3.49%,27.41%,,12.72%,16.91%,,,,6.71%,,,,,
17-May-10,30.85%,3.48%,27.47%,,12.67%,16.91%,,,,6.67%,,,,,
18-May-10,30.86%,3.47%,27.53%,,12.63%,16.92%,,,,6.63%,,,,,
19-May-10,30.86%,3.46%,27.59%,,12.59%,16.92%,,,,6.59%,,,,,
20-May-10,30.87%,3.45%,27.65%,,12.55%,16.93%,,,,6.55%,,,,,
21-May-10,30.87%,3.44%,27.71%,,12.50%,16.94%,,,,6.51%,,,,,
22-May-10,30.88%,3.43%,27.78%,,12.46%,16.94%,,,,6.47%,,,,,
23-May-10,30.88%,3.42%,27.84%,,12.42%,16.95%,,,,6.43%,,,,,
24-May-10,30.89%,3.41%,27.90%,,12.38%,16.96%,,,,6.39%,,,,,
25-May-10,30.89%,3.40%,27.97%,,12.33%,16.97%,,,,6.34%,,,,,
26-May-10,30.90%,3.39%,28.03%,,12.29%,16.97%,,,,6.30%,,,,,
27-May-10,30.90%,3.37%,28.09%,,12.25%,16.98%,,,,6.26%,,,,,
28-May-10,30.91%,3.36%,28.16%,,12.20%,16.99%,,,,6.22%,,,,,
29-May-10,30.91%,3.35%,28.22%,,12.16%,17.00%,,,,6.18%,,,,,
30-May-10,30.99%,3.34%,28.26%,,12.12%,16.97%,,,,6.17%,,,,,
31-May-10,30.99%,3.34%,28.28%,,12.11%,16.96%,,,,6.17%,,,,,
01-Jun-10,30.98%,3.34%,28.30%,,12.10%,16.96%,,,,6.16%,,,,,
02-Jun-10,30.98%,3.35%,28.32%,,12.09%,16.95%,,,,6.16%,,,,,
03-Jun-10,30.98%,3.35%,28.33%,,12.08%,16.95%,,,,6.16%,,,,,
04-Jun-10,30.98%,3.35%,28.35%,,12.07%,16.94%,,,,6.16%,,,,,
05-Jun-10,30.98%,3.35%,28.37%,,12.06%,16.94%,,,,6.16%,,,,,
06-Jun-10,30.97%,3.35%,28.39%,,12.06%,16.93%,,,,6.15%,,,,,
07-Jun-10,30.97%,3.34%,28.40%,,12.05%,16.93%,,,,6.15%,,,,,
08-Jun-10,30.97%,3.34%,28.42%,,12.04%,16.93%,,,,6.15%,,,,,
09-Jun-10,30.97%,3.34%,28.44%,,12.04%,16.92%,,,,6.15%,,,,,
10-Jun-10,30.96%,3.34%,28.45%,,12.03%,16.92%,,,,6.15%,,,,,
11-Jun-10,30.96%,3.34%,28.47%,,12.03%,16.91%,,,,6.15%,,,,,
12-Jun-10,30.96%,3.34%,28.49%,,12.02%,16.91%,,,,6.14%,,,,,
13-Jun-10,30.96%,3.33%,28.51%,,12.02%,16.90%,,,,6.14%,,,,,
14-Jun-10,30.95%,3.33%,28.52%,,12.01%,16.90%,,,,6.14%,,,,,
15-Jun-10,31.04%,3.35%,28.48%,,11.98%,16.88%,,,,6.14%,,,,,
16-Jun-10,31.13%,3.36%,28.44%,,11.96%,16.85%,,,,6.13%,,,,,
17-Jun-10,31.22%,3.37%,28.40%,,11.93%,16.83%,,,,6.13%,,,,,
18-Jun-10,31.31%,3.39%,28.36%,,11.90%,16.80%,,,,6.12%,,,,,
19-Jun-10,31.40%,3.40%,28.32%,,11.87%,16.78%,,,,6.12%,,,,,
20-Jun-10,31.49%,3.41%,28.28%,,11.84%,16.75%,,,,6.11%,,,,,
21-Jun-10,31.59%,3.43%,28.24%,,11.81%,16.72%,,,,6.11%,,,,,
22-Jun-10,31.68%,3.44%,28.19%,,11.78%,16.70%,,,,6.10%,,,,,
23-Jun-10,31.78%,3.46%,28.15%,,11.75%,16.67%,,,,6.10%,,,,,
24-Jun-10,31.88%,3.47%,28.10%,,11.72%,16.65%,,,,6.09%,,,,,
25-Jun-10,31.97%,3.48%,28.06%,,11.69%,16.62%,,,,6.09%,,,,,
26-Jun-10,32.07%,3.50%,28.01%,,11.66%,16.59%,,,,6.08%,,,,,
27-Jun-10,32.18%,3.51%,27.96%,,11.63%,16.57%,,,,6.08%,,,,,
28-Jun-10,32.28%,3.53%,27.90%,,11.60%,16.54%,,,,6.07%,,,,,
29-Jun-10,32.38%,3.54%,27.85%,,11.57%,16.52%,,,,6.07%,,,,,
30-Jun-10,32.40%,3.54%,27.85%,,11.57%,16.52%,,,,6.06%,,,,,
01-Jul-10,32.41%,3.54%,27.85%,,11.56%,16.51%,,,,6.06%,,,,,
02-Jul-10,32.43%,3.54%,27.85%,,11.55%,16.51%,,,,6.05%,,,,,
03-Jul-10,32.44%,3.55%,27.85%,,11.54%,16.51%,,,,6.05%,,,,,
04-Jul-10,32.46%,3.55%,27.84%,,11.54%,16.50%,,,,6.05%,,,,,
05-Jul-10,32.47%,3.55%,27.84%,,11.53%,16.50%,,,,6.04%,,,,,
06-Jul-10,32.49%,3.55%,27.83%,,11.53%,16.50%,,,,6.04%,,,,,
07-Jul-10,32.51%,3.55%,27.82%,,11.52%,16.50%,,,,6.03%,,,,,
08-Jul-10,32.52%,3.55%,27.81%,,11.51%,16.50%,,,,6.03%,,,,,
09-Jul-10,32.54%,3.55%,27.80%,,11.51%,16.50%,,,,6.02%,,,,,
10-Jul-10,32.56%,3.55%,27.78%,,11.51%,16.51%,,,,6.01%,,,,,
11-Jul-10,32.58%,3.55%,27.77%,,11.50%,16.51%,,,,6.01%,,,,,
12-Jul-10,32.60%,3.55%,27.76%,,11.49%,16.51%,,,,6.00%,,,,,
13-Jul-10,32.62%,3.55%,27.74%,,11.49%,16.51%,,,,5.99%,,,,,
14-Jul-10,32.64%,3.55%,27.73%,,11.48%,16.51%,,,,5.99%,,,,,
15-Jul-10,32.77%,3.54%,27.62%,,11.47%,16.55%,,,,5.96%,,,,,
16-Jul-10,32.90%,3.52%,27.50%,,11.45%,16.59%,,,,5.92%,,,,,
17-Jul-10,33.04%,3.51%,27.39%,,11.43%,16.63%,,,,5.89%,,,,,
18-Jul-10,33.18%,3.49%,27.28%,,11.41%,16.68%,,,,5.86%,,,,,
19-Jul-10,33.31%,3.48%,27.16%,,11.39%,16.72%,,,,5.82%,,,,,
20-Jul-10,33.45%,3.46%,27.04%,,11.38%,16.76%,,,,5.79%,,,,,
21-Jul-10,33.60%,3.45%,26.93%,,11.36%,16.80%,,,,5.76%,,,,,
22-Jul-10,33.74%,3.43%,26.81%,,11.34%,16.85%,,,,5.72%,,,,,
23-Jul-10,33.89%,3.42%,26.68%,,11.32%,16.89%,,,,5.69%,,,,,
24-Jul-10,34.03%,3.40%,26.56%,,11.30%,16.94%,,,,5.65%,,,,,
25-Jul-10,34.18%,3.39%,26.43%,,11.28%,16.98%,,,,5.62%,,,,,
26-Jul-10,34.33%,3.37%,26.31%,,11.26%,17.03%,,,,5.58%,,,,,
27-Jul-10,34.48%,3.36%,26.18%,,11.24%,17.08%,,,,5.54%,,,,,
28-Jul-10,34.63%,3.34%,26.06%,,11.22%,17.12%,,,,5.51%,,,,,
29-Jul-10,34.78%,3.32%,25.93%,,11.20%,17.17%,,,,5.48%,,,,,
30-Jul-10,34.82%,3.32%,25.90%,,11.20%,17.18%,,,,5.47%,,,,,
31-Jul-10,34.85%,3.32%,25.87%,,11.19%,17.18%,,,,5.46%,,,,,
01-Aug-10,34.89%,3.32%,25.85%,,11.18%,17.19%,,,,5.45%,,,,,
02-Aug-10,34.93%,3.32%,25.82%,,11.18%,17.20%,,,,5.44%,,,,,
03-Aug-10,34.96%,3.32%,25.79%,,11.17%,17.20%,,,,5.44%,,,,,
04-Aug-10,35.00%,3.32%,25.76%,,11.17%,17.21%,,,,5.43%,,,,,
05-Aug-10,35.03%,3.32%,25.74%,,11.16%,17.21%,,,,5.42%,,,,,
06-Aug-10,35.06%,3.32%,25.71%,,11.16%,17.22%,,,,5.42%,,,,,
07-Aug-10,35.09%,3.32%,25.69%,,11.15%,17.22%,,,,5.42%,,,,,
08-Aug-10,35.12%,3.32%,25.66%,,11.15%,17.22%,,,,5.41%,,,,,
09-Aug-10,35.15%,3.32%,25.64%,,11.14%,17.22%,,,,5.41%,,,,,
10-Aug-10,35.19%,3.32%,25.61%,,11.14%,17.23%,,,,5.41%,,,,,
11-Aug-10,35.22%,3.32%,25.59%,,11.14%,17.23%,,,,5.41%,,,,,
12-Aug-10,35.25%,3.32%,25.56%,,11.13%,17.23%,,,,5.41%,,,,,
13-Aug-10,35.29%,3.32%,25.53%,,11.13%,17.23%,,,,5.40%,,,,,
14-Aug-10,35.33%,3.32%,25.50%,,11.12%,17.24%,,,,5.40%,,,,,
15-Aug-10,35.47%,3.31%,25.46%,,11.09%,17.14%,,,,5.45%,,,,,
16-Aug-10,35.58%,3.28%,25.51%,,11.01%,17.05%,,,,5.45%,,,,,
17-Aug-10,35.69%,3.24%,25.56%,,10.93%,16.96%,,,,5.45%,,,,,
18-Aug-10,35.81%,3.21%,25.62%,,10.85%,16.87%,,,,5.45%,,,,,
19-Aug-10,35.92%,3.17%,25.67%,,10.77%,16.78%,,,,5.45%,,,,,
20-Aug-10,36.03%,3.14%,25.73%,,10.69%,16.68%,,,,5.45%,,,,,
21-Aug-10,36.15%,3.10%,25.78%,,10.60%,16.59%,,,,5.45%,,,,,
22-Aug-10,36.26%,3.06%,25.84%,,10.52%,16.49%,,,,5.45%,,,,,
23-Aug-10,36.38%,3.02%,25.90%,,10.44%,16.40%,,,,5.45%,,,,,
24-Aug-10,36.49%,2.99%,25.96%,,10.35%,16.30%,,,,5.45%,,,,,
25-Aug-10,36.60%,2.95%,26.02%,,10.27%,16.20%,,,,5.45%,,,,,
26-Aug-10,36.71%,2.91%,26.09%,,10.19%,16.10%,,,,5.45%,,,,,
27-Aug-10,36.82%,2.87%,26.16%,,10.10%,16.00%,,,,5.45%,,,,,
28-Aug-10,36.92%,2.83%,26.23%,,10.02%,15.90%,,,,5.45%,,,,,
29-Aug-10,37.02%,2.79%,26.31%,,9.94%,15.80%,,,,5.45%,,,,,
30-Aug-10,37.02%,2.76%,26.39%,,9.89%,15.80%,,,,5.40%,,,,,
31-Aug-10,37.04%,2.76%,26.39%,,9.88%,15.79%,,,,5.40%,,,,,
01-Sep-10,37.06%,2.76%,26.38%,,9.87%,15.79%,,,,5.40%,,,,,
02-Sep-10,37.08%,2.75%,26.38%,,9.86%,15.78%,,,,5.40%,,,,,
03-Sep-10,37.10%,2.75%,26.38%,,9.85%,15.77%,,,,5.40%,,,,,
04-Sep-10,37.12%,2.74%,26.38%,,9.84%,15.77%,,,,5.39%,,,,,
05-Sep-10,37.13%,2.74%,26.39%,,9.83%,15.76%,,,,5.39%,,,,,
06-Sep-10,37.14%,2.73%,26.39%,,9.83%,15.76%,,,,5.39%,,,,,
07-Sep-10,37.15%,2.73%,26.40%,,9.82%,15.75%,,,,5.39%,,,,,
08-Sep-10,37.15%,2.72%,26.40%,,9.81%,15.75%,,,,5.39%,,,,,
09-Sep-10,37.16%,2.72%,26.41%,,9.81%,15.74%,,,,5.39%,,,,,
10-Sep-10,37.17%,2.71%,26.41%,,9.80%,15.74%,,,,5.38%,,,,,
11-Sep-10,37.18%,2.71%,26.42%,,9.79%,15.73%,,,,5.38%,,,,,
12-Sep-10,37.19%,2.70%,26.43%,,9.79%,15.73%,,,,5.38%,,,,,
13-Sep-10,37.20%,2.70%,26.43%,,9.78%,15.72%,,,,5.38%,,,,,
14-Sep-10,37.21%,2.69%,26.44%,,9.77%,15.71%,,,,5.38%,,,,,
15-Sep-10,37.23%,2.67%,26.41%,,9.72%,15.79%,,,,5.34%,,,,,
16-Sep-10,37.26%,2.65%,26.33%,,9.69%,15.86%,,,,5.30%,,,,,
17-Sep-10,37.28%,2.64%,26.25%,,9.66%,15.94%,,,,5.26%,,,,,
18-Sep-10,37.31%,2.62%,26.16%,,9.63%,16.01%,,,,5.21%,,,,,
19-Sep-10,37.33%,2.61%,26.08%,,9.59%,16.08%,,,,5.17%,,,,,
20-Sep-10,37.35%,2.60%,26.00%,,9.56%,16.16%,,,,5.13%,,,,,
21-Sep-10,37.38%,2.58%,25.91%,,9.53%,16.23%,,,,5.09%,,,,,
22-Sep-10,37.40%,2.57%,25.83%,,9.50%,16.31%,,,,5.04%,,,,,
23-Sep-10,37.43%,2.55%,25.74%,,9.47%,16.38%,,,,5.00%,,,,,
24-Sep-10,37.45%,2.54%,25.65%,,9.43%,16.46%,,,,4.96%,,,,,
25-Sep-10,37.48%,2.53%,25.57%,,9.40%,16.53%,,,,4.91%,,,,,
26-Sep-10,37.50%,2.51%,25.48%,,9.37%,16.61%,,,,4.87%,,,,,
27-Sep-10,37.52%,2.50%,25.39%,,9.34%,16.69%,,,,4.83%,,,,,
28-Sep-10,37.54%,2.49%,25.30%,,9.31%,16.77%,,,,4.78%,,,,,
29-Sep-10,37.56%,2.48%,25.21%,,9.28%,16.85%,,,,4.74%,,,,,
30-Sep-10,37.56%,2.48%,25.16%,,9.29%,16.84%,,,,4.73%,,,,,
01-Oct-10,37.57%,2.48%,25.16%,,9.29%,16.84%,,,,4.72%,,,,,
02-Oct-10,37.57%,2.48%,25.15%,,9.28%,16.85%,,,,4.72%,,,,,
03-Oct-10,37.58%,2.47%,25.15%,,9.27%,16.85%,,,,4.72%,,,,,
04-Oct-10,37.58%,2.47%,25.15%,,9.27%,16.85%,,,,4.71%,,,,,
05-Oct-10,37.58%,2.47%,25.15%,,9.26%,16.85%,,,,4.71%,,,,,
06-Oct-10,37.59%,2.47%,25.14%,,9.26%,16.85%,,,,4.71%,,,,,
07-Oct-10,37.59%,2.47%,25.14%,,9.25%,16.86%,,,,4.70%,,,,,
08-Oct-10,37.59%,2.46%,25.14%,,9.25%,16.86%,,,,4.70%,,,,,
09-Oct-10,37.59%,2.46%,25.14%,,9.24%,16.86%,,,,4.70%,,,,,
10-Oct-10,37.59%,2.46%,25.14%,,9.24%,16.86%,,,,4.70%,,,,,
11-Oct-10,37.60%,2.46%,25.13%,,9.23%,16.86%,,,,4.69%,,,,,
12-Oct-10,37.60%,2.46%,25.13%,,9.23%,16.86%,,,,4.69%,,,,,
13-Oct-10,37.60%,2.46%,25.13%,,9.22%,16.87%,,,,4.69%,,,,,
14-Oct-10,37.60%,2.45%,25.13%,,9.21%,16.87%,,,,4.68%,,,,,
15-Oct-10,37.68%,2.44%,25.10%,,9.23%,16.85%,,,,4.69%,,,,,
16-Oct-10,37.65%,2.44%,25.14%,,9.25%,16.78%,,,,4.67%,,,,,
17-Oct-10,37.61%,2.43%,25.18%,,9.27%,16.72%,,,,4.65%,,,,,
18-Oct-10,37.58%,2.43%,25.22%,,9.29%,16.65%,,,,4.63%,,,,,
19-Oct-10,37.54%,2.42%,25.26%,,9.31%,16.58%,,,,4.61%,,,,,
20-Oct-10,37.50%,2.42%,25.31%,,9.33%,16.51%,,,,4.58%,,,,,
21-Oct-10,37.47%,2.41%,25.35%,,9.35%,16.44%,,,,4.56%,,,,,
22-Oct-10,37.43%,2.41%,25.39%,,9.37%,16.37%,,,,4.54%,,,,,
23-Oct-10,37.40%,2.41%,25.43%,,9.39%,16.30%,,,,4.52%,,,,,
24-Oct-10,37.36%,2.40%,25.48%,,9.41%,16.23%,,,,4.50%,,,,,
25-Oct-10,37.32%,2.40%,25.52%,,9.44%,16.16%,,,,4.48%,,,,,
26-Oct-10,37.28%,2.39%,25.56%,,9.46%,16.09%,,,,4.46%,,,,,
27-Oct-10,37.24%,2.39%,25.61%,,9.49%,16.02%,,,,4.44%,,,,,
28-Oct-10,37.21%,2.38%,25.65%,,9.51%,15.95%,,,,4.41%,,,,,
29-Oct-10,37.17%,2.38%,25.69%,,9.54%,15.88%,,,,4.39%,,,,,
30-Oct-10,37.05%,2.39%,25.76%,,9.54%,15.82%,,,,4.36%,,,,,
31-Oct-10,37.05%,2.39%,25.76%,,9.54%,15.82%,,,,4.36%,,,,,
01-Nov-10,37.04%,2.39%,25.76%,,9.54%,15.82%,,,,4.35%,,,,,
02-Nov-10,37.04%,2.38%,25.76%,,9.54%,15.82%,,,,4.35%,,,,,
03-Nov-10,37.04%,2.38%,25.76%,,9.55%,15.81%,,,,4.34%,,,,,
04-Nov-10,37.03%,2.38%,25.76%,,9.55%,15.81%,,,,4.34%,,,,,
05-Nov-10,37.03%,2.38%,25.76%,,9.55%,15.81%,,,,4.34%,,,,,
06-Nov-10,37.02%,2.38%,25.76%,,9.55%,15.81%,,,,4.33%,,,,,
07-Nov-10,37.02%,2.38%,25.75%,,9.55%,15.81%,,,,4.33%,,,,,
08-Nov-10,37.02%,2.38%,25.75%,,9.56%,15.81%,,,,4.32%,,,,,
09-Nov-10,37.01%,2.38%,25.75%,,9.56%,15.81%,,,,4.32%,,,,,
10-Nov-10,37.01%,2.38%,25.74%,,9.56%,15.81%,,,,4.31%,,,,,
11-Nov-10,37.00%,2.38%,25.74%,,9.57%,15.81%,,,,4.30%,,,,,
12-Nov-10,37.00%,2.38%,25.74%,,9.57%,15.81%,,,,4.30%,,,,,
13-Nov-10,36.99%,2.38%,25.73%,,9.57%,15.80%,,,,4.29%,,,,,
14-Nov-10,36.99%,2.38%,25.73%,,9.58%,15.80%,,,,4.29%,,,,,
15-Nov-10,37.12%,2.37%,25.67%,,9.61%,15.79%,,,,4.25%,,,,,
16-Nov-10,37.15%,2.37%,25.58%,,9.68%,15.76%,,,,4.20%,,,,,
17-Nov-10,37.19%,2.37%,25.50%,,9.74%,15.74%,,,,4.16%,,,,,
18-Nov-10,37.22%,2.36%,25.41%,,9.81%,15.71%,,,,4.11%,,,,,
19-Nov-10,37.26%,2.36%,25.33%,,9.87%,15.69%,,,,4.06%,,,,,
20-Nov-10,37.29%,2.36%,25.24%,,9.94%,15.66%,,,,4.01%,,,,,
21-Nov-10,37.33%,2.36%,25.15%,,10.00%,15.63%,,,,3.96%,,,,,
22-Nov-10,37.37%,2.35%,25.06%,,10.07%,15.61%,,,,3.91%,,,,,
23-Nov-10,37.40%,2.35%,24.97%,,10.14%,15.58%,,,,3.86%,,,,,
24-Nov-10,37.44%,2.35%,24.88%,,10.21%,15.55%,,,,3.81%,,,,,
25-Nov-10,37.48%,2.35%,24.79%,,10.28%,15.53%,,,,3.76%,,,,,
26-Nov-10,37.52%,2.34%,24.70%,,10.35%,15.50%,,,,3.70%,,,,,
27-Nov-10,37.56%,2.34%,24.61%,,10.42%,15.47%,,,,3.65%,,,,,
28-Nov-10,37.60%,2.34%,24.52%,,10.49%,15.44%,,,,3.60%,,,,,
29-Nov-10,37.64%,2.34%,24.43%,,10.56%,15.41%,,,,3.56%,,,,,
30-Nov-10,37.55%,2.34%,24.40%,,10.60%,15.40%,,,,3.53%,,,,,
01-Dec-10,37.55%,2.34%,24.39%,,10.61%,15.39%,,,,3.53%,,,,,
02-Dec-10,37.55%,2.34%,24.39%,,10.62%,15.39%,,,,3.52%,,,,,
03-Dec-10,37.55%,2.34%,24.38%,,10.63%,15.38%,,,,3.51%,,,,,
04-Dec-10,37.55%,2.34%,24.37%,,10.64%,15.37%,,,,3.50%,,,,,
05-Dec-10,37.55%,2.34%,24.36%,,10.65%,15.36%,,,,3.50%,,,,,
06-Dec-10,37.55%,2.34%,24.36%,,10.66%,15.35%,,,,3.49%,,,,,
07-Dec-10,37.56%,2.34%,24.35%,,10.67%,15.34%,,,,3.49%,,,,,
08-Dec-10,37.56%,2.34%,24.35%,,10.67%,15.33%,,,,3.48%,,,,,
09-Dec-10,37.56%,2.34%,24.35%,,10.68%,15.32%,,,,3.48%,,,,,
10-Dec-10,37.56%,2.34%,24.34%,,10.69%,15.31%,,,,3.47%,,,,,
11-Dec-10,37.56%,2.34%,24.34%,,10.70%,15.30%,,,,3.47%,,,,,
12-Dec-10,37.56%,2.34%,24.34%,,10.71%,15.29%,,,,3.46%,,,,,
13-Dec-10,37.57%,2.34%,24.33%,,10.73%,15.27%,,,,3.46%,,,,,
14-Dec-10,37.57%,2.34%,24.33%,,10.74%,15.26%,,,,3.45%,,,,,
15-Dec-10,37.53%,2.37%,24.30%,,10.80%,15.24%,,,,3.48%,,,,,
16-Dec-10,37.50%,2.41%,24.27%,,10.86%,15.23%,,,,3.51%,,,,,
17-Dec-10,37.47%,2.45%,24.23%,,10.92%,15.21%,,,,3.54%,,,,,
18-Dec-10,37.43%,2.48%,24.20%,,10.98%,15.19%,,,,3.57%,,,,,
19-Dec-10,37.40%,2.52%,24.17%,,11.04%,15.17%,,,,3.60%,,,,,
20-Dec-10,37.36%,2.56%,24.13%,,11.10%,15.16%,,,,3.63%,,,,,
21-Dec-10,37.33%,2.60%,24.10%,,11.17%,15.14%,,,,3.66%,,,,,
22-Dec-10,37.29%,2.64%,24.06%,,11.23%,15.12%,,,,3.69%,,,,,
23-Dec-10,37.26%,2.68%,24.03%,,11.30%,15.10%,,,,3.72%,,,,,
24-Dec-10,37.22%,2.72%,23.99%,,11.37%,15.08%,,,,3.76%,,,,,
25-Dec-10,37.18%,2.76%,23.95%,,11.43%,15.06%,,,,3.79%,,,,,
26-Dec-10,37.15%,2.80%,23.92%,,11.50%,15.05%,,,,3.82%,,,,,
27-Dec-10,37.11%,2.84%,23.88%,,11.57%,15.03%,,,,3.86%,,,,,
28-Dec-10,37.07%,2.88%,23.84%,,11.63%,15.01%,,,,3.89%,,,,,
29-Dec-10,36.92%,2.92%,23.77%,,11.68%,15.02%,,,,3.93%,,,,,
30-Dec-10,36.80%,2.92%,23.73%,,11.68%,15.03%,,,,3.93%,,,,,
31-Dec-10,36.68%,2.92%,23.68%,,11.68%,15.04%,,,,3.93%,,,,,
01-Jan-11,36.56%,2.93%,23.64%,,11.68%,15.06%,,,,3.93%,,,,,
02-Jan-11,36.44%,2.93%,23.59%,,11.68%,15.07%,,,,3.94%,,,,,
03-Jan-11,36.32%,2.93%,23.55%,,11.68%,15.08%,,,,3.94%,,,,,
04-Jan-11,36.19%,2.93%,23.50%,,11.68%,15.10%,,,,3.94%,,,,,
05-Jan-11,36.07%,2.93%,23.46%,,11.67%,15.12%,,,,3.95%,,,,,
06-Jan-11,35.94%,2.93%,23.41%,,11.67%,15.14%,,,,3.95%,,,,,
07-Jan-11,35.82%,2.93%,23.36%,,11.66%,15.16%,,,,3.95%,,,,,
08-Jan-11,35.69%,2.93%,23.31%,,11.65%,15.18%,,,,3.96%,,,,,
09-Jan-11,35.57%,2.93%,23.26%,,11.65%,15.20%,,,,3.96%,,,,,
10-Jan-11,35.44%,2.93%,23.22%,,11.64%,15.23%,,,,3.96%,,,,,
11-Jan-11,35.31%,2.93%,23.17%,,11.63%,15.25%,,,,3.97%,,,,,
12-Jan-11,35.18%,2.93%,23.11%,,11.62%,15.28%,,,,3.97%,,,,,
13-Jan-11,35.16%,2.94%,23.10%,,11.63%,15.28%,,,,3.97%,,,,,
14-Jan-11,35.14%,2.94%,23.08%,,11.64%,15.28%,,,,3.97%,,,,,
15-Jan-11,35.14%,2.92%,23.06%,,11.70%,15.30%,,,,3.98%,,,,,
16-Jan-11,35.02%,2.90%,23.00%,,11.72%,15.28%,,,,3.95%,,,,,
17-Jan-11,34.90%,2.87%,22.93%,,11.73%,15.25%,,,,3.93%,,,,,
18-Jan-11,34.77%,2.85%,22.86%,,11.75%,15.23%,,,,3.91%,,,,,
19-Jan-11,34.64%,2.82%,22.80%,,11.77%,15.21%,,,,3.89%,,,,,
20-Jan-11,34.52%,2.80%,22.73%,,11.78%,15.18%,,,,3.86%,,,,,
21-Jan-11,34.39%,2.77%,22.67%,,11.80%,15.16%,,,,3.84%,,,,,
22-Jan-11,34.26%,2.75%,22.60%,,11.82%,15.13%,,,,3.82%,,,,,
23-Jan-11,34.13%,2.72%,22.53%,,11.83%,15.11%,,,,3.79%,,,,,
24-Jan-11,34.00%,2.69%,22.46%,,11.85%,15.08%,,,,3.77%,,,,,
25-Jan-11,33.87%,2.67%,22.40%,,11.87%,15.05%,,,,3.74%,,,,,
26-Jan-11,33.74%,2.64%,22.33%,,11.88%,15.03%,,,,3.72%,,,,,
27-Jan-11,33.61%,2.61%,22.27%,,11.90%,15.00%,,,,3.69%,,,,,
28-Jan-11,33.48%,2.58%,22.20%,,11.91%,14.97%,,,,3.67%,,,,,
29-Jan-11,33.35%,2.55%,22.14%,,11.92%,14.95%,,,,3.65%,,,,,
30-Jan-11,33.20%,2.54%,22.08%,,11.89%,14.90%,,,,3.62%,,,,,
31-Jan-11,33.18%,2.54%,22.06%,,11.89%,14.90%,,,,3.62%,,,,,
01-Feb-11,33.15%,2.54%,22.05%,,11.90%,14.90%,,,,3.62%,,,,,
02-Feb-11,33.12%,2.54%,22.04%,,11.90%,14.90%,,,,3.62%,,,,,
03-Feb-11,33.10%,2.54%,22.02%,,11.90%,14.90%,,,,3.62%,,,,,
04-Feb-11,33.07%,2.54%,22.01%,,11.91%,14.90%,,,,3.62%,,,,,
05-Feb-11,33.05%,2.54%,22.00%,,11.91%,14.90%,,,,3.62%,,,,,
06-Feb-11,33.02%,2.54%,21.99%,,11.91%,14.90%,,,,3.62%,,,,,
07-Feb-11,33.00%,2.54%,21.99%,,11.91%,14.90%,,,,3.62%,,,,,
08-Feb-11,32.97%,2.54%,21.98%,,11.91%,14.90%,,,,3.63%,,,,,
09-Feb-11,32.94%,2.54%,21.97%,,11.91%,14.89%,,,,3.63%,,,,,
10-Feb-11,32.91%,2.54%,21.97%,,11.91%,14.89%,,,,3.63%,,,,,
11-Feb-11,32.88%,2.53%,21.96%,,11.91%,14.89%,,,,3.63%,,,,,
12-Feb-11,32.85%,2.53%,21.95%,,11.91%,14.89%,,,,3.63%,,,,,
13-Feb-11,32.82%,2.53%,21.94%,,11.92%,14.89%,,,,3.63%,,,,,
14-Feb-11,32.79%,2.53%,21.94%,,11.92%,14.88%,,,,3.63%,,,,,
15-Feb-11,32.64%,2.57%,21.83%,,12.01%,14.92%,,,,3.59%,,,,,
16-Feb-11,32.49%,2.61%,21.73%,,12.11%,14.97%,,,,3.56%,,,,,
17-Feb-11,32.34%,2.64%,21.63%,,12.22%,15.01%,,,,3.52%,,,,,
18-Feb-11,32.19%,2.68%,21.52%,,12.33%,15.05%,,,,3.48%,,,,,
19-Feb-11,32.04%,2.72%,21.42%,,12.43%,15.10%,,,,3.44%,,,,,
20-Feb-11,31.88%,2.76%,21.31%,,12.54%,15.14%,,,,3.40%,,,,,
21-Feb-11,31.72%,2.80%,21.20%,,12.66%,15.19%,,,,3.36%,,,,,
22-Feb-11,31.56%,2.84%,21.09%,,12.77%,15.23%,,,,3.32%,,,,,
23-Feb-11,31.39%,2.88%,20.98%,,12.88%,15.28%,,,,3.28%,,,,,
24-Feb-11,31.23%,2.92%,20.87%,,13.00%,15.32%,,,,3.24%,,,,,
25-Feb-11,31.02%,2.94%,20.85%,,13.16%,15.48%,,,,3.22%,,,,,
26-Feb-11,30.82%,2.96%,20.83%,,13.32%,15.64%,,,,3.20%,,,,,
27-Feb-11,30.61%,2.97%,20.82%,,13.49%,15.80%,,,,3.18%,,,,,
28-Feb-11,30.41%,2.99%,20.80%,,13.65%,15.96%,,,,3.15%,,,,,
01-Mar-11,30.21%,3.01%,20.79%,,13.82%,16.13%,,,,3.13%,,,,,
02-Mar-11,30.12%,2.98%,20.88%,,13.89%,16.25%,,,,3.14%,,,,,
03-Mar-11,30.03%,2.96%,20.96%,,13.95%,16.38%,,,,3.16%,,,,,
04-Mar-11,29.95%,2.94%,21.04%,,14.01%,16.50%,,,,3.17%,,,,,
05-Mar-11,29.87%,2.91%,21.12%,,14.07%,16.63%,,,,3.19%,,,,,
06-Mar-11,29.77%,2.87%,21.26%,,14.22%,16.86%,,,,3.22%,,,,,
07-Mar-11,29.66%,2.82%,21.41%,,14.37%,17.08%,,,,3.25%,,,,,
08-Mar-11,29.57%,2.77%,21.55%,,14.52%,17.31%,,,,3.28%,,,,,
09-Mar-11,29.47%,2.73%,21.70%,,14.66%,17.55%,,,,3.32%,,,,,
10-Mar-11,29.38%,2.68%,21.85%,,14.81%,17.78%,,,,3.35%,,,,,
11-Mar-11,29.29%,2.63%,22.00%,,14.96%,18.01%,,,,3.38%,,,,,
12-Mar-11,29.25%,2.61%,22.06%,,15.06%,18.13%,,,,3.40%,,,,,
13-Mar-11,29.20%,2.58%,22.11%,,15.16%,18.26%,,,,3.41%,,,,,
14-Mar-11,29.16%,2.55%,22.17%,,15.26%,18.38%,,,,3.43%,,,,,
15-Mar-11,29.12%,2.53%,22.23%,,15.36%,18.50%,,,,3.44%,,,,,
16-Mar-11,29.07%,2.50%,22.28%,,15.47%,18.62%,,,,3.46%,,,,,
17-Mar-11,29.03%,2.48%,22.34%,,15.57%,18.74%,,,,3.47%,,,,,
18-Mar-11,28.98%,2.46%,22.40%,,15.68%,18.86%,,,,3.49%,,,,,
19-Mar-11,28.94%,2.43%,22.46%,,15.78%,18.98%,,,,3.51%,,,,,
20-Mar-11,28.89%,2.41%,22.51%,,15.89%,19.10%,,,,3.52%,,,,,
21-Mar-11,28.88%,2.40%,22.52%,,15.90%,19.12%,,,,3.52%,,,,,
22-Mar-11,28.86%,2.40%,22.52%,,15.92%,19.14%,,,,3.52%,,,,,
23-Mar-11,28.84%,2.40%,22.52%,,15.94%,19.16%,,,,3.52%,,,,,
24-Mar-11,28.82%,2.39%,22.53%,,15.96%,19.18%,,,,3.51%,,,,,
25-Mar-11,28.81%,2.39%,22.53%,,15.97%,19.20%,,,,3.51%,,,,,
26-Mar-11,28.79%,2.39%,22.53%,,15.99%,19.22%,,,,3.51%,,,,,
27-Mar-11,28.77%,2.38%,22.54%,,16.01%,19.24%,,,,3.51%,,,,,
28-Mar-11,28.75%,2.38%,22.54%,,16.03%,19.26%,,,,3.51%,,,,,
29-Mar-11,28.74%,2.38%,22.55%,,16.05%,19.28%,,,,3.50%,,,,,
30-Mar-11,28.72%,2.38%,22.55%,,16.07%,19.30%,,,,3.50%,,,,,
31-Mar-11,28.70%,2.37%,22.56%,,16.09%,19.32%,,,,3.50%,,,,,
01-Apr-11,28.69%,2.37%,22.56%,,16.11%,19.34%,,,,3.50%,,,,,
02-Apr-11,28.67%,2.37%,22.57%,,16.13%,19.36%,,,,3.50%,,,,,
03-Apr-11,28.66%,2.37%,22.57%,,16.15%,19.38%,,,,3.50%,,,,,
04-Apr-11,28.65%,2.37%,22.58%,,16.17%,19.41%,,,,3.50%,,,,,
05-Apr-11,28.63%,2.36%,22.59%,,16.19%,19.43%,,,,3.50%,,,,,
06-Apr-11,28.62%,2.36%,22.59%,,16.21%,19.45%,,,,3.50%,,,,,
07-Apr-11,28.61%,2.36%,22.60%,,16.23%,19.47%,,,,3.50%,,,,,
08-Apr-11,28.60%,2.36%,22.61%,,16.25%,19.49%,,,,3.50%,,,,,
09-Apr-11,28.59%,2.36%,22.61%,,16.27%,19.51%,,,,3.50%,,,,,
10-Apr-11,28.58%,2.36%,22.62%,,16.29%,19.53%,,,,3.50%,,,,,
11-Apr-11,28.57%,2.36%,22.63%,,16.31%,19.56%,,,,3.50%,,,,,
12-Apr-11,28.56%,2.36%,22.64%,,16.34%,19.58%,,,,3.51%,,,,,
13-Apr-11,28.55%,2.36%,22.65%,,16.36%,19.60%,,,,3.51%,,,,,
14-Apr-11,28.54%,2.36%,22.65%,,16.38%,19.63%,,,,3.51%,,,,,
15-Apr-11,28.57%,2.34%,22.65%,,16.44%,19.64%,,,,3.54%,,,,,
16-Apr-11,28.60%,2.31%,22.65%,,16.51%,19.65%,,,,3.56%,,,,,
17-Apr-11,28.64%,2.29%,22.64%,,16.57%,19.66%,,,,3.59%,,,,,
18-Apr-11,28.67%,2.26%,22.64%,,16.63%,19.66%,,,,3.62%,,,,,
19-Apr-11,28.71%,2.24%,22.63%,,16.70%,19.67%,,,,3.65%,,,,,
20-Apr-11,28.74%,2.21%,22.63%,,16.76%,19.68%,,,,3.68%,,,,,
21-Apr-11,28.78%,2.19%,22.62%,,16.83%,19.69%,,,,3.71%,,,,,
22-Apr-11,28.81%,2.16%,22.62%,,16.89%,19.70%,,,,3.74%,,,,,
23-Apr-11,28.85%,2.14%,22.61%,,16.96%,19.71%,,,,3.77%,,,,,
24-Apr-11,28.88%,2.11%,22.61%,,17.02%,19.72%,,,,3.80%,,,,,
25-Apr-11,28.92%,2.09%,22.61%,,17.09%,19.73%,,,,3.83%,,,,,
26-Apr-11,28.96%,2.06%,22.60%,,17.16%,19.74%,,,,3.86%,,,,,
27-Apr-11,29.00%,2.03%,22.60%,,17.23%,19.75%,,,,3.89%,,,,,
28-Apr-11,29.04%,2.00%,22.59%,,17.29%,19.75%,,,,3.92%,,,,,
29-Apr-11,29.08%,1.98%,22.59%,,17.36%,19.76%,,,,3.96%,,,,,
30-Apr-11,29.08%,1.97%,22.59%,,17.38%,19.77%,,,,3.96%,,,,,
01-May-11,29.09%,1.97%,22.60%,,17.40%,19.79%,,,,3.97%,,,,,
02-May-11,29.09%,1.96%,22.60%,,17.42%,19.80%,,,,3.98%,,,,,
03-May-11,29.09%,1.96%,22.61%,,17.44%,19.82%,,,,3.99%,,,,,
04-May-11,29.10%,1.95%,22.61%,,17.45%,19.83%,,,,3.99%,,,,,
05-May-11,29.10%,1.95%,22.62%,,17.47%,19.84%,,,,4.00%,,,,,
06-May-11,29.11%,1.94%,22.63%,,17.48%,19.84%,,,,4.01%,,,,,
07-May-11,29.12%,1.93%,22.63%,,17.50%,19.85%,,,,4.01%,,,,,
08-May-11,29.13%,1.93%,22.63%,,17.51%,19.86%,,,,4.02%,,,,,
09-May-11,29.14%,1.92%,22.64%,,17.52%,19.86%,,,,4.03%,,,,,
10-May-11,29.15%,1.91%,22.64%,,17.53%,19.86%,,,,4.04%,,,,,
11-May-11,29.16%,1.91%,22.65%,,17.53%,19.86%,,,,4.04%,,,,,
12-May-11,29.17%,1.90%,22.65%,,17.54%,19.86%,,,,4.05%,,,,,
13-May-11,29.19%,1.89%,22.66%,,17.55%,19.86%,,,,4.06%,,,,,
14-May-11,29.20%,1.88%,22.66%,,17.56%,19.86%,,,,4.07%,,,,,
15-May-11,29.30%,1.85%,22.60%,,17.67%,19.79%,,,,4.07%,,,,,
16-May-11,29.40%,1.83%,22.55%,,17.78%,19.72%,,,,4.08%,,,,,
17-May-11,29.50%,1.80%,22.49%,,17.89%,19.66%,,,,4.08%,,,,,
18-May-11,29.60%,1.77%,22.43%,,18.00%,19.59%,,,,4.09%,,,,,
19-May-11,29.71%,1.74%,22.37%,,18.12%,19.52%,,,,4.10%,,,,,
20-May-11,29.81%,1.71%,22.31%,,18.23%,19.45%,,,,4.10%,,,,,
21-May-11,29.92%,1.68%,22.24%,,18.35%,19.38%,,,,4.11%,,,,,
22-May-11,30.03%,1.65%,22.18%,,18.47%,19.30%,,,,4.12%,,,,,
23-May-11,30.14%,1.62%,22.12%,,18.60%,19.23%,,,,4.12%,,,,,
24-May-11,30.26%,1.59%,22.05%,,18.72%,19.15%,,,,4.13%,,,,,
25-May-11,30.37%,1.55%,21.99%,,18.85%,19.08%,,,,4.14%,,,,,
26-May-11,30.49%,1.52%,21.92%,,18.98%,19.00%,,,,4.14%,,,,,
27-May-11,30.61%,1.49%,21.85%,,19.12%,18.92%,,,,4.15%,,,,,
28-May-11,30.74%,1.45%,21.77%,,19.25%,18.83%,,,,4.16%,,,,,
29-May-11,30.86%,1.42%,21.70%,,19.39%,18.75%,,,,4.16%,,,,,
30-May-11,30.90%,1.40%,21.68%,,19.43%,18.72%,,,,4.17%,,,,,
31-May-11,30.95%,1.39%,21.66%,,19.48%,18.70%,,,,4.18%,,,,,
01-Jun-11,30.99%,1.37%,21.64%,,19.52%,18.67%,,,,4.19%,,,,,
02-Jun-11,31.04%,1.36%,21.61%,,19.57%,18.64%,,,,4.20%,,,,,
03-Jun-11,31.09%,1.34%,21.58%,,19.62%,18.61%,,,,4.21%,,,,,
04-Jun-11,31.14%,1.32%,21.55%,,19.68%,18.58%,,,,4.22%,,,,,
05-Jun-11,31.19%,1.31%,21.52%,,19.73%,18.55%,,,,4.23%,,,,,
06-Jun-11,31.25%,1.29%,21.48%,,19.79%,18.51%,,,,4.23%,,,,,
07-Jun-11,31.30%,1.27%,21.44%,,19.85%,18.47%,,,,4.24%,,,,,
08-Jun-11,31.36%,1.26%,21.40%,,19.91%,18.43%,,,,4.25%,,,,,
09-Jun-11,31.42%,1.24%,21.36%,,19.98%,18.39%,,,,4.26%,,,,,
10-Jun-11,31.47%,1.23%,21.32%,,20.04%,18.34%,,,,4.27%,,,,,
11-Jun-11,31.53%,1.21%,21.27%,,20.11%,18.29%,,,,4.27%,,,,,
12-Jun-11,31.60%,1.19%,21.22%,,20.18%,18.25%,,,,4.28%,,,,,
13-Jun-11,31.66%,1.17%,21.17%,,20.25%,18.19%,,,,4.29%,,,,,
14-Jun-11,31.73%,1.15%,21.12%,,20.33%,18.14%,,,,4.30%,,,,,
15-Jun-11,31.82%,1.17%,21.11%,,20.40%,17.94%,,,,4.33%,,,,,
16-Jun-11,31.91%,1.18%,21.10%,,20.48%,17.74%,,,,4.35%,,,,,
17-Jun-11,31.99%,1.20%,21.10%,,20.54%,17.54%,,,,4.38%,,,,,
18-Jun-11,32.07%,1.21%,21.10%,,20.61%,17.34%,,,,4.41%,,,,,
19-Jun-11,32.15%,1.23%,21.11%,,20.66%,17.15%,,,,4.43%,,,,,
20-Jun-11,32.22%,1.25%,21.12%,,20.72%,16.96%,,,,4.46%,,,,,
21-Jun-11,32.28%,1.27%,21.13%,,20.77%,16.77%,,,,4.49%,,,,,
22-Jun-11,32.35%,1.30%,21.14%,,20.81%,16.58%,,,,4.51%,,,,,
23-Jun-11,32.40%,1.32%,21.16%,,20.85%,16.40%,,,,4.54%,,,,,
24-Jun-11,32.46%,1.35%,21.18%,,20.89%,16.22%,,,,4.56%,,,,,
25-Jun-11,32.51%,1.37%,21.20%,,20.92%,16.04%,,,,4.58%,,,,,
26-Jun-11,32.56%,1.40%,21.23%,,20.95%,15.86%,,,,4.61%,,,,,
27-Jun-11,32.60%,1.43%,21.26%,,20.97%,15.69%,,,,4.63%,,,,,
28-Jun-11,32.63%,1.46%,21.30%,,20.98%,15.51%,,,,4.65%,,,,,
29-Jun-11,32.66%,1.50%,21.34%,,20.99%,15.35%,,,,4.67%,,,,,
30-Jun-11,32.66%,1.50%,21.34%,,21.00%,15.33%,,,,4.67%,,,,,
01-Jul-11,32.67%,1.50%,21.34%,,21.00%,15.32%,,,,4.67%,,,,,
02-Jul-11,32.68%,1.51%,21.34%,,21.01%,15.30%,,,,4.67%,,,,,
03-Jul-11,32.68%,1.51%,21.34%,,21.01%,15.28%,,,,4.67%,,,,,
04-Jul-11,32.69%,1.51%,21.34%,,21.02%,15.26%,,,,4.67%,,,,,
05-Jul-11,32.69%,1.52%,21.34%,,21.03%,15.24%,,,,4.67%,,,,,
06-Jul-11,32.70%,1.52%,21.34%,,21.03%,15.22%,,,,4.67%,,,,,
07-Jul-11,32.71%,1.52%,21.34%,,21.04%,15.20%,,,,4.67%,,,,,
08-Jul-11,32.72%,1.53%,21.34%,,21.05%,15.18%,,,,4.67%,,,,,
09-Jul-11,32.72%,1.53%,21.34%,,21.05%,15.16%,,,,4.67%,,,,,
10-Jul-11,32.73%,1.53%,21.34%,,21.06%,15.13%,,,,4.67%,,,,,
11-Jul-11,32.74%,1.54%,21.34%,,21.07%,15.11%,,,,4.67%,,,,,
12-Jul-11,32.75%,1.54%,21.34%,,21.08%,15.08%,,,,4.67%,,,,,
13-Jul-11,32.76%,1.55%,21.34%,,21.09%,15.06%,,,,4.67%,,,,,
14-Jul-11,32.76%,1.55%,21.34%,,21.10%,15.03%,,,,4.67%,,,,,
15-Jul-11,32.72%,1.57%,21.33%,,21.19%,15.01%,,,,4.62%,,,,,
16-Jul-11,32.67%,1.59%,21.32%,,21.29%,14.99%,,,,4.57%,,,,,
17-Jul-11,32.62%,1.60%,21.31%,,21.38%,14.97%,,,,4.51%,,,,,
18-Jul-11,32.57%,1.62%,21.30%,,21.48%,14.94%,,,,4.46%,,,,,
19-Jul-11,32.52%,1.64%,21.29%,,21.58%,14.92%,,,,4.41%,,,,,
20-Jul-11,32.47%,1.66%,21.28%,,21.68%,14.90%,,,,4.36%,,,,,
21-Jul-11,32.42%,1.67%,21.26%,,21.78%,14.88%,,,,4.30%,,,,,
22-Jul-11,32.37%,1.69%,21.25%,,21.88%,14.86%,,,,4.25%,,,,,
23-Jul-11,32.32%,1.71%,21.24%,,21.99%,14.84%,,,,4.19%,,,,,
24-Jul-11,32.27%,1.73%,21.23%,,22.09%,14.81%,,,,4.14%,,,,,
25-Jul-11,32.22%,1.75%,21.22%,,22.19%,14.79%,,,,4.08%,,,,,
26-Jul-11,32.16%,1.77%,21.21%,,22.30%,14.77%,,,,4.03%,,,,,
27-Jul-11,32.11%,1.78%,21.20%,,22.40%,14.76%,,,,3.97%,,,,,
28-Jul-11,32.05%,1.80%,21.19%,,22.50%,14.74%,,,,3.91%,,,,,
29-Jul-11,31.99%,1.82%,21.18%,,22.60%,14.73%,,,,3.86%,,,,,
30-Jul-11,31.99%,1.82%,21.18%,,22.62%,14.71%,,,,3.85%,,,,,
31-Jul-11,31.99%,1.83%,21.18%,,22.63%,14.70%,,,,3.84%,,,,,
01-Aug-11,31.99%,1.83%,21.18%,,22.65%,14.68%,,,,3.84%,,,,,
02-Aug-11,31.98%,1.84%,21.18%,,22.66%,14.67%,,,,3.83%,,,,,
03-Aug-11,31.98%,1.84%,21.18%,,22.67%,14.65%,,,,3.83%,,,,,
04-Aug-11,31.97%,1.85%,21.19%,,22.68%,14.64%,,,,3.82%,,,,,
05-Aug-11,31.97%,1.85%,21.19%,,22.69%,14.63%,,,,3.82%,,,,,
06-Aug-11,31.96%,1.85%,21.19%,,22.70%,14.62%,,,,3.82%,,,,,
07-Aug-11,31.95%,1.86%,21.19%,,22.71%,14.61%,,,,3.81%,,,,,
08-Aug-11,31.95%,1.86%,21.20%,,22.72%,14.60%,,,,3.81%,,,,,
09-Aug-11,31.94%,1.87%,21.20%,,22.73%,14.60%,,,,3.81%,,,,,
10-Aug-11,31.93%,1.87%,21.21%,,22.73%,14.59%,,,,3.80%,,,,,
11-Aug-11,31.92%,1.87%,21.21%,,22.74%,14.58%,,,,3.80%,,,,,
12-Aug-11,31.91%,1.88%,21.21%,,22.75%,14.57%,,,,3.79%,,,,,
13-Aug-11,31.91%,1.88%,21.22%,,22.76%,14.56%,,,,3.79%,,,,,
14-Aug-11,31.90%,1.89%,21.22%,,22.77%,14.55%,,,,3.78%,,,,,
15-Aug-11,31.80%,1.93%,21.22%,,22.81%,14.65%,,,,3.76%,,,,,
16-Aug-11,31.70%,1.96%,21.22%,,22.86%,14.75%,,,,3.73%,,,,,
17-Aug-11,31.60%,2.00%,21.21%,,22.90%,14.85%,,,,3.70%,,,,,
18-Aug-11,31.51%,2.04%,21.21%,,22.95%,14.96%,,,,3.67%,,,,,
19-Aug-11,31.41%,2.08%,21.21%,,23.00%,15.06%,,,,3.64%,,,,,
20-Aug-11,31.31%,2.12%,21.20%,,23.04%,15.16%,,,,3.61%,,,,,
21-Aug-11,31.20%,2.16%,21.20%,,23.09%,15.27%,,,,3.59%,,,,,
22-Aug-11,31.10%,2.20%,21.20%,,23.14%,15.37%,,,,3.56%,,,,,
23-Aug-11,31.00%,2.24%,21.19%,,23.19%,15.48%,,,,3.53%,,,,,
24-Aug-11,30.89%,2.28%,21.19%,,23.23%,15.59%,,,,3.50%,,,,,
25-Aug-11,30.79%,2.32%,21.18%,,23.28%,15.70%,,,,3.47%,,,,,
26-Aug-11,30.69%,2.36%,21.18%,,23.33%,15.82%,,,,3.44%,,,,,
27-Aug-11,30.58%,2.40%,21.17%,,23.38%,15.93%,,,,3.41%,,,,,
28-Aug-11,30.48%,2.44%,21.16%,,23.42%,16.05%,,,,3.38%,,,,,
29-Aug-11,30.37%,2.48%,21.16%,,23.47%,16.16%,,,,3.35%,,,,,
30-Aug-11,30.36%,2.49%,21.16%,,23.48%,16.18%,,,,3.34%,,,,,
31-Aug-11,30.34%,2.49%,21.16%,,23.50%,16.19%,,,,3.33%,,,,,
01-Sep-11,30.32%,2.50%,21.16%,,23.51%,16.20%,,,,3.33%,,,,,
02-Sep-11,30.31%,2.50%,21.16%,,23.52%,16.21%,,,,3.32%,,,,,
03-Sep-11,30.29%,2.51%,21.15%,,23.53%,16.23%,,,,3.31%,,,,,
04-Sep-11,30.28%,2.51%,21.15%,,23.54%,16.24%,,,,3.31%,,,,,
05-Sep-11,30.26%,2.52%,21.15%,,23.55%,16.26%,,,,3.30%,,,,,
06-Sep-11,30.25%,2.52%,21.15%,,23.56%,16.28%,,,,3.29%,,,,,
07-Sep-11,30.23%,2.53%,21.14%,,23.57%,16.29%,,,,3.28%,,,,,
08-Sep-11,30.22%,2.53%,21.14%,,23.58%,16.31%,,,,3.28%,,,,,
09-Sep-11,30.20%,2.53%,21.13%,,23.60%,16.33%,,,,3.27%,,,,,
10-Sep-11,30.19%,2.54%,21.13%,,23.61%,16.35%,,,,3.26%,,,,,
11-Sep-11,30.17%,2.54%,21.13%,,23.62%,16.37%,,,,3.25%,,,,,
12-Sep-11,30.15%,2.55%,21.12%,,23.63%,16.39%,,,,3.24%,,,,,
13-Sep-11,30.13%,2.55%,21.12%,,23.65%,16.42%,,,,3.24%,,,,,
14-Sep-11,30.11%,2.56%,21.11%,,23.66%,16.44%,,,,3.23%,,,,,
15-Sep-11,30.13%,2.54%,21.20%,,23.62%,16.45%,,,,3.24%,,,,,
16-Sep-11,30.14%,2.53%,21.29%,,23.58%,16.45%,,,,3.26%,,,,,
17-Sep-11,30.15%,2.51%,21.37%,,23.54%,16.45%,,,,3.28%,,,,,
18-Sep-11,30.17%,2.50%,21.46%,,23.49%,16.46%,,,,3.29%,,,,,
19-Sep-11,30.18%,2.49%,21.55%,,23.45%,16.46%,,,,3.31%,,,,,
20-Sep-11,30.20%,2.47%,21.64%,,23.41%,16.47%,,,,3.33%,,,,,
21-Sep-11,30.21%,2.46%,21.73%,,23.37%,16.47%,,,,3.35%,,,,,
22-Sep-11,30.23%,2.44%,21.82%,,23.32%,16.47%,,,,3.37%,,,,,
23-Sep-11,30.24%,2.43%,21.92%,,23.28%,16.48%,,,,3.39%,,,,,
24-Sep-11,30.26%,2.41%,22.01%,,23.23%,16.48%,,,,3.41%,,,,,
25-Sep-11,30.28%,2.40%,22.11%,,23.18%,16.48%,,,,3.43%,,,,,
26-Sep-11,30.30%,2.38%,22.20%,,23.13%,16.48%,,,,3.45%,,,,,
27-Sep-11,30.32%,2.36%,22.30%,,23.08%,16.47%,,,,3.47%,,,,,
28-Sep-11,30.34%,2.35%,22.40%,,23.03%,16.47%,,,,3.49%,,,,,
29-Sep-11,30.36%,2.33%,22.50%,,22.97%,16.46%,,,,3.52%,,,,,
30-Sep-11,30.36%,2.33%,22.51%,,22.97%,16.47%,,,,3.52%,,,,,
01-Oct-11,30.35%,2.33%,22.52%,,22.97%,16.48%,,,,3.52%,,,,,
02-Oct-11,30.35%,2.33%,22.53%,,22.97%,16.49%,,,,3.52%,,,,,
03-Oct-11,30.34%,2.33%,22.54%,,22.97%,16.50%,,,,3.52%,,,,,
04-Oct-11,30.34%,2.33%,22.55%,,22.96%,16.51%,,,,3.52%,,,,,
05-Oct-11,30.34%,2.33%,22.56%,,22.96%,16.52%,,,,3.52%,,,,,
06-Oct-11,30.33%,2.33%,22.57%,,22.95%,16.52%,,,,3.52%,,,,,
07-Oct-11,30.33%,2.33%,22.58%,,22.95%,16.53%,,,,3.53%,,,,,
08-Oct-11,30.33%,2.33%,22.59%,,22.94%,16.53%,,,,3.53%,,,,,
09-Oct-11,30.33%,2.33%,22.60%,,22.93%,16.53%,,,,3.53%,,,,,
10-Oct-11,30.33%,2.33%,22.61%,,22.93%,16.54%,,,,3.54%,,,,,
11-Oct-11,30.33%,2.33%,22.62%,,22.92%,16.54%,,,,3.54%,,,,,
12-Oct-11,30.33%,2.33%,22.64%,,22.91%,16.55%,,,,3.55%,,,,,
13-Oct-11,30.33%,2.33%,22.65%,,22.90%,16.55%,,,,3.55%,,,,,
14-Oct-11,30.33%,2.33%,22.67%,,22.89%,16.56%,,,,3.56%,,,,,
15-Oct-11,30.38%,2.32%,22.59%,,22.89%,16.54%,,,,3.57%,,,,,
16-Oct-11,30.44%,2.31%,22.52%,,22.88%,16.53%,,,,3.59%,,,,,
17-Oct-11,30.49%,2.30%,22.45%,,22.88%,16.51%,,,,3.61%,,,,,
18-Oct-11,30.54%,2.29%,22.38%,,22.87%,16.50%,,,,3.62%,,,,,
19-Oct-11,30.59%,2.28%,22.30%,,22.87%,16.49%,,,,3.64%,,,,,
20-Oct-11,30.65%,2.27%,22.23%,,22.87%,16.47%,,,,3.66%,,,,,
21-Oct-11,30.70%,2.26%,22.15%,,22.86%,16.46%,,,,3.68%,,,,,
22-Oct-11,30.76%,2.25%,22.07%,,22.86%,16.44%,,,,3.70%,,,,,
23-Oct-11,30.81%,2.24%,22.00%,,22.86%,16.43%,,,,3.71%,,,,,
24-Oct-11,30.87%,2.23%,21.92%,,22.85%,16.41%,,,,3.73%,,,,,
25-Oct-11,30.92%,2.22%,21.84%,,22.85%,16.40%,,,,3.75%,,,,,
26-Oct-11,30.98%,2.20%,21.76%,,22.85%,16.38%,,,,3.77%,,,,,
27-Oct-11,31.04%,2.19%,21.67%,,22.85%,16.36%,,,,3.79%,,,,,
28-Oct-11,31.10%,2.18%,21.59%,,22.85%,16.34%,,,,3.80%,,,,,
29-Oct-11,31.16%,2.17%,21.50%,,22.85%,16.32%,,,,3.82%,,,,,
30-Oct-11,31.16%,2.17%,21.50%,,22.84%,16.32%,,,,3.83%,,,,,
31-Oct-11,31.17%,2.16%,21.50%,,22.84%,16.32%,,,,3.83%,,,,,
01-Nov-11,31.18%,2.16%,21.50%,,22.83%,16.32%,,,,3.83%,,,,,
02-Nov-11,31.19%,2.16%,21.50%,,22.83%,16.31%,,,,3.84%,,,,,
03-Nov-11,31.20%,2.15%,21.50%,,22.82%,16.31%,,,,3.84%,,,,,
04-Nov-11,31.21%,2.15%,21.49%,,22.82%,16.30%,,,,3.85%,,,,,
05-Nov-11,31.22%,2.15%,21.49%,,22.81%,16.30%,,,,3.85%,,,,,
06-Nov-11,31.23%,2.15%,21.49%,,22.81%,16.29%,,,,3.85%,,,,,
07-Nov-11,31.24%,2.14%,21.48%,,22.81%,16.28%,,,,3.86%,,,,,
08-Nov-11,31.25%,2.14%,21.48%,,22.80%,16.28%,,,,3.86%,,,,,
09-Nov-11,31.26%,2.13%,21.48%,,22.80%,16.27%,,,,3.87%,,,,,
10-Nov-11,31.27%,2.13%,21.47%,,22.79%,16.26%,,,,3.87%,,,,,
11-Nov-11,31.29%,2.13%,21.47%,,22.79%,16.25%,,,,3.87%,,,,,
12-Nov-11,31.30%,2.12%,21.46%,,22.79%,16.24%,,,,3.88%,,,,,
13-Nov-11,31.31%,2.12%,21.46%,,22.78%,16.23%,,,,3.88%,,,,,
14-Nov-11,31.33%,2.11%,21.46%,,22.78%,16.22%,,,,3.89%,,,,,
15-Nov-11,31.33%,2.11%,21.50%,,22.81%,16.21%,,,,3.89%,,,,,
16-Nov-11,31.33%,2.10%,21.54%,,22.85%,16.20%,,,,3.90%,,,,,
17-Nov-11,31.33%,2.09%,21.59%,,22.88%,16.18%,,,,3.91%,,,,,
18-Nov-11,31.33%,2.08%,21.63%,,22.92%,16.17%,,,,3.92%,,,,,
19-Nov-11,31.33%,2.08%,21.68%,,22.95%,16.15%,,,,3.92%,,,,,
20-Nov-11,31.33%,2.07%,21.73%,,22.99%,16.14%,,,,3.93%,,,,,
21-Nov-11,31.33%,2.06%,21.77%,,23.02%,16.12%,,,,3.94%,,,,,
22-Nov-11,31.33%,2.06%,21.82%,,23.06%,16.11%,,,,3.94%,,,,,
23-Nov-11,31.33%,2.05%,21.87%,,23.10%,16.10%,,,,3.95%,,,,,
24-Nov-11,31.33%,2.04%,21.92%,,23.13%,16.08%,,,,3.96%,,,,,
25-Nov-11,31.33%,2.03%,21.97%,,23.17%,16.07%,,,,3.97%,,,,,
26-Nov-11,31.32%,2.03%,22.02%,,23.21%,16.06%,,,,3.97%,,,,,
27-Nov-11,31.32%,2.02%,22.06%,,23.25%,16.04%,,,,3.98%,,,,,
28-Nov-11,31.31%,2.02%,22.11%,,23.29%,16.03%,,,,3.98%,,,,,
29-Nov-11,31.30%,2.01%,22.16%,,23.34%,16.02%,,,,3.99%,,,,,
30-Nov-11,31.31%,2.01%,22.16%,,23.34%,16.02%,,,,3.99%,,,,,
01-Dec-11,31.32%,2.01%,22.16%,,23.34%,16.01%,,,,3.99%,,,,,
02-Dec-11,31.32%,2.01%,22.16%,,23.35%,16.01%,,,,3.99%,,,,,
03-Dec-11,31.32%,2.00%,22.16%,,23.35%,16.01%,,,,4.00%,,,,,
04-Dec-11,31.33%,2.00%,22.16%,,23.36%,16.00%,,,,4.00%,,,,,
05-Dec-11,31.33%,2.00%,22.16%,,23.36%,16.00%,,,,4.00%,,,,,
06-Dec-11,31.33%,2.00%,22.16%,,23.37%,16.00%,,,,4.00%,,,,,
07-Dec-11,31.33%,2.00%,22.15%,,23.38%,16.00%,,,,4.00%,,,,,
08-Dec-11,31.33%,2.00%,22.15%,,23.38%,16.00%,,,,4.00%,,,,,
09-Dec-11,31.33%,2.00%,22.15%,,23.39%,16.00%,,,,4.00%,,,,,
10-Dec-11,31.33%,2.00%,22.14%,,23.40%,16.00%,,,,4.00%,,,,,
11-Dec-11,31.33%,2.00%,22.14%,,23.41%,16.00%,,,,4.00%,,,,,
12-Dec-11,31.33%,2.00%,22.13%,,23.42%,16.00%,,,,4.00%,,,,,
13-Dec-11,31.33%,2.00%,22.13%,,23.42%,16.00%,,,,4.00%,,,,,
14-Dec-11,31.33%,2.00%,22.13%,,23.43%,16.00%,,,,4.00%,,,,,
15-Dec-11,31.38%,2.00%,22.12%,,23.40%,16.00%,,,,4.00%,,,,,
16-Dec-11,31.43%,2.00%,22.11%,,23.36%,16.00%,,,,4.00%,,,,,
17-Dec-11,31.49%,2.00%,22.10%,,23.32%,16.00%,,,,4.00%,,,,,
18-Dec-11,31.54%,2.00%,22.10%,,23.28%,16.00%,,,,4.00%,,,,,
19-Dec-11,31.59%,2.00%,22.09%,,23.24%,16.00%,,,,4.00%,,,,,
20-Dec-11,31.64%,2.00%,22.08%,,23.21%,16.00%,,,,4.00%,,,,,
21-Dec-11,31.70%,2.00%,22.07%,,23.17%,16.00%,,,,4.00%,,,,,
22-Dec-11,31.75%,2.00%,22.07%,,23.13%,16.00%,,,,4.00%,,,,,
23-Dec-11,31.81%,2.00%,22.06%,,23.09%,16.00%,,,,4.00%,,,,,
24-Dec-11,31.86%,2.00%,22.05%,,23.05%,16.00%,,,,4.00%,,,,,
25-Dec-11,31.92%,2.00%,22.05%,,23.00%,16.00%,,,,4.00%,,,,,
26-Dec-11,31.97%,2.00%,22.04%,,22.96%,16.00%,,,,4.00%,,,,,
27-Dec-11,32.03%,2.00%,22.03%,,22.92%,16.00%,,,,4.00%,,,,,
28-Dec-11,32.09%,2.00%,22.03%,,22.87%,16.00%,,,,4.00%,,,,,
29-Dec-11,32.14%,2.00%,22.03%,,22.83%,16.00%,,,,4.00%,,,,,
30-Dec-11,32.15%,2.00%,22.03%,,22.83%,16.00%,,,,4.00%,,,,,
31-Dec-11,32.16%,2.00%,22.03%,,22.83%,16.00%,,,,4.00%,,,,,
01-Jan-12,32.16%,2.00%,22.03%,,22.83%,16.00%,,,,4.00%,,,,,
02-Jan-12,32.17%,2.00%,22.03%,,22.82%,16.00%,,,,4.00%,,,,,
03-Jan-12,32.17%,2.00%,22.03%,,22.82%,16.00%,,,,4.00%,,,,,
04-Jan-12,32.18%,2.00%,22.04%,,22.82%,16.00%,,,,4.00%,,,,,
05-Jan-12,32.18%,2.00%,22.04%,,22.82%,16.00%,,,,4.00%,,,,,
06-Jan-12,32.18%,2.00%,22.05%,,22.82%,16.00%,,,,4.00%,,,,,
07-Jan-12,32.19%,2.00%,22.05%,,22.81%,16.00%,,,,4.00%,,,,,
08-Jan-12,32.19%,2.00%,22.06%,,22.81%,16.00%,,,,4.00%,,,,,
09-Jan-12,32.19%,2.00%,22.07%,,22.81%,16.00%,,,,4.00%,,,,,
10-Jan-12,32.20%,2.00%,22.08%,,22.80%,16.00%,,,,4.00%,,,,,
11-Jan-12,32.20%,2.00%,22.08%,,22.80%,16.00%,,,,4.00%,,,,,
12-Jan-12,32.21%,2.00%,22.09%,,22.79%,16.00%,,,,4.00%,,,,,
13-Jan-12,32.21%,2.00%,22.10%,,22.79%,16.00%,,,,4.00%,,,,,
14-Jan-12,32.22%,2.00%,22.11%,,22.78%,16.00%,,,,4.00%,,,,,
15-Jan-12,32.15%,2.03%,22.27%,,22.66%,15.91%,,,,4.00%,,,,,
16-Jan-12,32.09%,2.06%,22.43%,,22.54%,15.81%,,,,4.00%,,,,,
17-Jan-12,32.02%,2.09%,22.59%,,22.42%,15.72%,,,,4.00%,,,,,
18-Jan-12,31.95%,2.13%,22.75%,,22.30%,15.62%,,,,4.00%,,,,,
19-Jan-12,31.89%,2.16%,22.92%,,22.17%,15.53%,,,,4.00%,,,,,
20-Jan-12,31.82%,2.19%,23.08%,,22.05%,15.43%,,,,4.00%,,,,,
21-Jan-12,31.75%,2.22%,23.25%,,21.92%,15.33%,,,,4.00%,,,,,
22-Jan-12,31.68%,2.26%,23.42%,,21.79%,15.23%,,,,4.00%,,,,,
23-Jan-12,31.61%,2.29%,23.59%,,21.66%,15.13%,,,,4.00%,,,,,
24-Jan-12,31.54%,2.32%,23.76%,,21.53%,15.03%,,,,4.00%,,,,,
25-Jan-12,31.47%,2.36%,23.93%,,21.40%,14.93%,,,,4.00%,,,,,
26-Jan-12,31.39%,2.39%,24.10%,,21.27%,14.83%,,,,4.00%,,,,,
27-Jan-12,31.32%,2.42%,24.27%,,21.14%,14.73%,,,,4.00%,,,,,
28-Jan-12,31.25%,2.46%,24.44%,,21.00%,14.63%,,,,4.00%,,,,,
29-Jan-12,31.17%,2.49%,24.61%,,20.87%,14.52%,,,,4.00%,,,,,
30-Jan-12,31.17%,2.50%,24.63%,,20.85%,14.51%,,,,4.00%,,,,,
31-Jan-12,31.17%,2.50%,24.65%,,20.83%,14.50%,,,,4.00%,,,,,
01-Feb-12,31.16%,2.50%,24.67%,,20.82%,14.49%,,,,4.00%,,,,,
02-Feb-12,31.16%,2.51%,24.69%,,20.80%,14.48%,,,,4.00%,,,,,
03-Feb-12,31.15%,2.51%,24.71%,,20.78%,14.47%,,,,4.00%,,,,,
04-Feb-12,31.15%,2.52%,24.73%,,20.76%,14.45%,,,,4.00%,,,,,
05-Feb-12,31.14%,2.52%,24.74%,,20.74%,14.44%,,,,4.00%,,,,,
06-Feb-12,31.14%,2.52%,24.76%,,20.72%,14.43%,,,,4.00%,,,,,
07-Feb-12,31.14%,2.53%,24.77%,,20.71%,14.42%,,,,4.00%,,,,,
08-Feb-12,31.13%,2.53%,24.79%,,20.69%,14.41%,,,,4.00%,,,,,
09-Feb-12,31.13%,2.53%,24.80%,,20.67%,14.40%,,,,4.00%,,,,,
10-Feb-12,31.12%,2.54%,24.82%,,20.65%,14.39%,,,,4.00%,,,,,
11-Feb-12,31.12%,2.54%,24.84%,,20.63%,14.37%,,,,4.00%,,,,,
12-Feb-12,31.12%,2.55%,24.86%,,20.61%,14.36%,,,,4.00%,,,,,
13-Feb-12,31.11%,2.55%,24.87%,,20.58%,14.35%,,,,4.00%,,,,,
14-Feb-12,31.11%,2.56%,24.89%,,20.56%,14.33%,,,,4.00%,,,,,
15-Feb-12,31.01%,2.60%,24.94%,,20.59%,14.31%,,,,4.03%,,,,,
16-Feb-12,30.91%,2.65%,24.99%,,20.61%,14.29%,,,,4.06%,,,,,
17-Feb-12,30.80%,2.70%,25.04%,,20.64%,14.27%,,,,4.09%,,,,,
18-Feb-12,30.70%,2.75%,25.09%,,20.67%,14.25%,,,,4.13%,,,,,
19-Feb-12,30.60%,2.80%,25.14%,,20.70%,14.23%,,,,4.16%,,,,,
20-Feb-12,30.49%,2.85%,25.19%,,20.72%,14.20%,,,,4.19%,,,,,
21-Feb-12,30.39%,2.90%,25.24%,,20.75%,14.18%,,,,4.22%,,,,,
22-Feb-12,30.28%,2.95%,25.29%,,20.78%,14.16%,,,,4.26%,,,,,
23-Feb-12,30.17%,3.01%,25.34%,,20.81%,14.14%,,,,4.29%,,,,,
24-Feb-12,30.06%,3.06%,25.40%,,20.85%,14.12%,,,,4.32%,,,,,
25-Feb-12,29.96%,3.11%,25.45%,,20.88%,14.10%,,,,4.36%,,,,,
26-Feb-12,29.85%,3.16%,25.50%,,20.92%,14.08%,,,,4.39%,,,,,
27-Feb-12,29.74%,3.22%,25.54%,,20.95%,14.06%,,,,4.43%,,,,,
28-Feb-12,29.62%,3.27%,25.59%,,20.99%,14.04%,,,,4.46%,,,,,
29-Feb-12,29.51%,3.32%,25.64%,,21.04%,14.02%,,,,4.50%,,,,,
01-Mar-12,29.50%,3.33%,25.66%,,21.03%,14.01%,,,,4.50%,,,,,
02-Mar-12,29.48%,3.34%,25.67%,,21.02%,14.00%,,,,4.50%,,,,,
03-Mar-12,29.46%,3.35%,25.69%,,21.02%,13.99%,,,,4.51%,,,,,
04-Mar-12,29.44%,3.35%,25.71%,,21.01%,13.98%,,,,4.51%,,,,,
05-Mar-12,29.42%,3.36%,25.72%,,21.01%,13.97%,,,,4.51%,,,,,
06-Mar-12,29.41%,3.37%,25.74%,,21.00%,13.96%,,,,4.52%,,,,,
07-Mar-12,29.39%,3.38%,25.76%,,21.00%,13.96%,,,,4.52%,,,,,
08-Mar-12,29.37%,3.39%,25.77%,,21.00%,13.95%,,,,4.53%,,,,,
09-Mar-12,29.35%,3.39%,25.79%,,21.00%,13.94%,,,,4.53%,,,,,
10-Mar-12,29.33%,3.40%,25.80%,,21.00%,13.93%,,,,4.53%,,,,,
11-Mar-12,29.31%,3.41%,25.82%,,21.00%,13.93%,,,,4.54%,,,,,
12-Mar-12,29.29%,3.42%,25.83%,,21.00%,13.92%,,,,4.54%,,,,,
13-Mar-12,29.27%,3.43%,25.85%,,21.00%,13.91%,,,,4.55%,,,,,
14-Mar-12,29.25%,3.43%,25.87%,,21.00%,13.90%,,,,4.55%,,,,,
15-Mar-12,29.22%,3.43%,25.80%,,21.27%,13.83%,,,,4.48%,,,,,
16-Mar-12,29.20%,3.42%,25.72%,,21.55%,13.77%,,,,4.40%,,,,,
17-Mar-12,29.17%,3.41%,25.65%,,21.83%,13.70%,,,,4.33%,,,,,
18-Mar-12,29.15%,3.41%,25.57%,,22.10%,13.64%,,,,4.25%,,,,,
19-Mar-12,29.12%,3.40%,25.49%,,22.39%,13.57%,,,,4.17%,,,,,
20-Mar-12,29.10%,3.39%,25.42%,,22.67%,13.51%,,,,4.10%,,,,,
21-Mar-12,29.07%,3.39%,25.34%,,22.96%,13.44%,,,,4.02%,,,,,
22-Mar-12,29.05%,3.38%,25.26%,,23.25%,13.37%,,,,3.94%,,,,,
23-Mar-12,29.02%,3.37%,25.18%,,23.54%,13.30%,,,,3.86%,,,,,
24-Mar-12,29.00%,3.37%,25.10%,,23.84%,13.23%,,,,3.78%,,,,,
25-Mar-12,28.97%,3.36%,25.02%,,24.14%,13.16%,,,,3.70%,,,,,
26-Mar-12,28.95%,3.35%,24.93%,,24.44%,13.09%,,,,3.62%,,,,,
27-Mar-12,28.93%,3.34%,24.84%,,24.74%,13.03%,,,,3.53%,,,,,
28-Mar-12,28.91%,3.33%,24.75%,,25.05%,12.96%,,,,3.45%,,,,,
29-Mar-12,28.90%,3.32%,24.66%,,25.36%,12.89%,,,,3.37%,,,,,
30-Mar-12,28.88%,3.32%,24.66%,,25.39%,12.88%,,,,3.36%,,,,,
31-Mar-12,28.87%,3.32%,24.66%,,25.43%,12.87%,,,,3.35%,,,,,
01-Apr-12,28.86%,3.33%,24.65%,,25.47%,12.86%,,,,3.35%,,,,,
02-Apr-12,28.85%,3.33%,24.65%,,25.50%,12.85%,,,,3.34%,,,,,
03-Apr-12,28.84%,3.33%,24.64%,,25.54%,12.84%,,,,3.33%,,,,,
04-Apr-12,28.83%,3.33%,24.63%,,25.58%,12.84%,,,,3.32%,,,,,
05-Apr-12,28.82%,3.34%,24.62%,,25.62%,12.83%,,,,3.32%,,,,,
06-Apr-12,28.81%,3.34%,24.61%,,25.66%,12.83%,,,,3.31%,,,,,
07-Apr-12,28.81%,3.34%,24.60%,,25.69%,12.82%,,,,3.30%,,,,,
08-Apr-12,28.80%,3.34%,24.58%,,25.73%,12.82%,,,,3.30%,,,,,
09-Apr-12,28.80%,3.34%,24.57%,,25.77%,12.81%,,,,3.29%,,,,,
10-Apr-12,28.80%,3.34%,24.55%,,25.81%,12.81%,,,,3.28%,,,,,
11-Apr-12,28.79%,3.34%,24.54%,,25.86%,12.81%,,,,3.28%,,,,,
12-Apr-12,28.79%,3.34%,24.52%,,25.90%,12.80%,,,,3.27%,,,,,
13-Apr-12,28.78%,3.34%,24.50%,,25.95%,12.80%,,,,3.26%,,,,,
14-Apr-12,28.78%,3.34%,24.49%,,26.00%,12.79%,,,,3.25%,,,,,
15-Apr-12,28.72%,3.24%,24.49%,,26.13%,12.80%,,,,3.24%,,,,,
16-Apr-12,28.66%,3.13%,24.49%,,26.26%,12.80%,,,,3.22%,,,,,
17-Apr-12,28.60%,3.03%,24.49%,,26.39%,12.80%,,,,3.21%,,,,,
18-Apr-12,28.55%,2.92%,24.50%,,26.52%,12.81%,,,,3.19%,,,,,
19-Apr-12,28.49%,2.82%,24.50%,,26.65%,12.81%,,,,3.18%,,,,,
20-Apr-12,28.42%,2.71%,24.50%,,26.79%,12.81%,,,,3.16%,,,,,
21-Apr-12,28.36%,2.60%,24.50%,,26.92%,12.82%,,,,3.15%,,,,,
22-Apr-12,28.30%,2.50%,24.51%,,27.05%,12.82%,,,,3.13%,,,,,
23-Apr-12,28.24%,2.39%,24.51%,,27.19%,12.82%,,,,3.12%,,,,,
24-Apr-12,28.18%,2.27%,24.51%,,27.33%,12.83%,,,,3.10%,,,,,
25-Apr-12,28.11%,2.16%,24.52%,,27.46%,12.83%,,,,3.09%,,,,,
26-Apr-12,28.05%,2.05%,24.53%,,27.59%,12.83%,,,,3.07%,,,,,
27-Apr-12,27.99%,1.94%,24.53%,,27.72%,12.84%,,,,3.06%,,,,,
28-Apr-12,27.93%,1.82%,24.54%,,27.85%,12.84%,,,,3.05%,,,,,
29-Apr-12,27.87%,1.71%,24.55%,,27.98%,12.85%,,,,3.03%,,,,,
30-Apr-12,27.86%,1.69%,24.54%,,28.02%,12.84%,,,,3.03%,,,,,
01-May-12,27.85%,1.68%,24.53%,,28.06%,12.84%,,,,3.02%,,,,,
02-May-12,27.84%,1.66%,24.52%,,28.10%,12.84%,,,,3.01%,,,,,
03-May-12,27.83%,1.65%,24.52%,,28.14%,12.84%,,,,3.00%,,,,,
04-May-12,27.83%,1.64%,24.51%,,28.17%,12.83%,,,,3.00%,,,,,
05-May-12,27.82%,1.62%,24.50%,,28.21%,12.83%,,,,2.99%,,,,,
06-May-12,27.82%,1.61%,24.50%,,28.24%,12.83%,,,,2.98%,,,,,
07-May-12,27.81%,1.59%,24.49%,,28.27%,12.82%,,,,2.97%,,,,,
08-May-12,27.81%,1.58%,24.49%,,28.29%,12.82%,,,,2.97%,,,,,
09-May-12,27.80%,1.56%,24.49%,,28.32%,12.82%,,,,2.96%,,,,,
10-May-12,27.80%,1.55%,24.48%,,28.34%,12.81%,,,,2.95%,,,,,
11-May-12,27.79%,1.53%,24.48%,,28.37%,12.81%,,,,2.94%,,,,,
12-May-12,27.79%,1.52%,24.48%,,28.40%,12.80%,,,,2.94%,,,,,
13-May-12,27.79%,1.50%,24.47%,,28.43%,12.80%,,,,2.93%,,,,,
14-May-12,27.78%,1.48%,24.47%,,28.46%,12.80%,,,,2.92%,,,,,
15-May-12,27.85%,1.42%,24.30%,,28.50%,12.92%,,,,2.92%,,,,,
16-May-12,27.91%,1.36%,24.13%,,28.54%,13.05%,,,,2.91%,,,,,
17-May-12,27.98%,1.31%,23.95%,,28.58%,13.17%,,,,2.91%,,,,,
18-May-12,28.04%,1.25%,23.78%,,28.62%,13.30%,,,,2.90%,,,,,
19-May-12,28.11%,1.19%,23.60%,,28.66%,13.43%,,,,2.90%,,,,,
20-May-12,28.17%,1.12%,23.43%,,28.70%,13.56%,,,,2.90%,,,,,
21-May-12,28.24%,1.06%,23.25%,,28.74%,13.69%,,,,2.89%,,,,,
22-May-12,28.31%,1.00%,23.07%,,28.78%,13.83%,,,,2.89%,,,,,
23-May-12,28.38%,0.94%,22.89%,,28.82%,13.96%,,,,2.88%,,,,,
24-May-12,28.45%,0.88%,22.70%,,28.86%,14.10%,,,,2.88%,,,,,
25-May-12,28.52%,0.81%,22.51%,,28.90%,14.23%,,,,2.88%,,,,,
26-May-12,28.59%,0.75%,22.33%,,28.94%,14.37%,,,,2.87%,,,,,
27-May-12,28.66%,0.69%,22.14%,,28.98%,14.51%,,,,2.87%,,,,,
28-May-12,28.74%,0.63%,21.95%,,29.01%,14.66%,,,,2.87%,,,,,
29-May-12,28.81%,0.57%,21.76%,,29.04%,14.80%,,,,2.87%,,,,,
30-May-12,28.82%,0.55%,21.74%,,29.06%,14.81%,,,,2.87%,,,,,
31-May-12,28.82%,0.53%,21.72%,,29.08%,14.83%,,,,2.86%,,,,,
01-Jun-12,28.83%,0.52%,21.70%,,29.09%,14.85%,,,,2.86%,,,,,
02-Jun-12,28.83%,0.50%,21.67%,,29.11%,14.86%,,,,2.86%,,,,,
03-Jun-12,28.83%,0.48%,21.65%,,29.12%,14.88%,,,,2.86%,,,,,
04-Jun-12,28.84%,0.47%,21.63%,,29.13%,14.90%,,,,2.86%,,,,,
05-Jun-12,28.84%,0.45%,21.62%,,29.13%,14.91%,,,,2.86%,,,,,
06-Jun-12,28.85%,0.44%,21.60%,,29.14%,14.93%,,,,2.86%,,,,,
07-Jun-12,28.85%,0.43%,21.58%,,29.14%,14.95%,,,,2.86%,,,,,
08-Jun-12,28.86%,0.41%,21.56%,,29.14%,14.97%,,,,2.86%,,,,,
09-Jun-12,28.86%,0.40%,21.55%,,29.13%,14.99%,,,,2.87%,,,,,
10-Jun-12,28.86%,0.39%,21.53%,,29.13%,15.01%,,,,2.87%,,,,,
11-Jun-12,28.87%,0.38%,21.52%,,29.13%,15.03%,,,,2.87%,,,,,
12-Jun-12,28.87%,0.36%,21.50%,,29.12%,15.05%,,,,2.88%,,,,,
13-Jun-12,28.88%,0.35%,21.48%,,29.12%,15.07%,,,,2.88%,,,,,
14-Jun-12,28.88%,0.34%,21.46%,,29.11%,15.10%,,,,2.89%,,,,,
15-Jun-12,28.95%,0.32%,21.50%,,28.95%,15.08%,,,,2.93%,,,,,
16-Jun-12,29.02%,0.29%,21.53%,,28.79%,15.06%,,,,2.96%,,,,,
17-Jun-12,29.09%,0.27%,21.57%,,28.62%,15.05%,,,,3.00%,,,,,
18-Jun-12,29.16%,0.25%,21.60%,,28.46%,15.03%,,,,3.04%,,,,,
19-Jun-12,29.23%,0.23%,21.63%,,28.29%,15.01%,,,,3.08%,,,,,
20-Jun-12,29.30%,0.21%,21.67%,,28.12%,14.99%,,,,3.12%,,,,,
21-Jun-12,29.38%,0.19%,21.71%,,27.95%,14.98%,,,,3.16%,,,,,
22-Jun-12,29.45%,0.17%,21.74%,,27.78%,14.96%,,,,3.20%,,,,,
23-Jun-12,29.52%,0.14%,21.78%,,27.61%,14.94%,,,,3.24%,,,,,
24-Jun-12,29.60%,0.12%,21.82%,,27.43%,14.92%,,,,3.28%,,,,,
25-Jun-12,29.67%,0.10%,21.86%,,27.26%,14.90%,,,,3.32%,,,,,
26-Jun-12,29.75%,0.08%,21.90%,,27.08%,14.87%,,,,3.36%,,,,,
27-Jun-12,29.82%,0.07%,21.94%,,26.90%,14.85%,,,,3.40%,,,,,
28-Jun-12,29.90%,0.05%,21.98%,,26.73%,14.82%,,,,3.44%,,,,,
29-Jun-12,29.98%,0.03%,22.03%,,26.55%,14.79%,,,,3.48%,,,,,
30-Jun-12,29.99%,0.03%,22.02%,,26.53%,14.80%,,,,3.49%,,,,,
01-Jul-12,30.00%,0.02%,22.01%,,26.51%,14.81%,,,,3.49%,,,,,
02-Jul-12,30.02%,0.02%,22.00%,,26.48%,14.82%,,,,3.50%,,,,,
03-Jul-12,30.03%,0.01%,22.00%,,26.46%,14.83%,,,,3.50%,,,,,
04-Jul-12,30.04%,0.01%,21.99%,,26.44%,14.83%,,,,3.51%,,,,,
05-Jul-12,30.06%,0.00%,21.98%,,26.42%,14.84%,,,,3.51%,,,,,
06-Jul-12,30.07%,0.00%,21.97%,,26.41%,14.84%,,,,3.52%,,,,,
07-Jul-12,30.08%,0.00%,21.97%,,26.39%,14.85%,,,,3.52%,,,,,
08-Jul-12,30.10%,0.00%,21.96%,,26.37%,14.85%,,,,3.53%,,,,,
09-Jul-12,30.11%,0.00%,21.95%,,26.35%,14.85%,,,,3.53%,,,,,
10-Jul-12,30.13%,0.00%,21.95%,,26.33%,14.86%,,,,3.53%,,,,,
11-Jul-12,30.15%,0.00%,21.94%,,26.31%,14.86%,,,,3.54%,,,,,
12-Jul-12,30.16%,0.00%,21.93%,,26.29%,14.87%,,,,3.54%,,,,,
13-Jul-12,30.18%,0.00%,21.92%,,26.27%,14.87%,,,,3.55%,,,,,
14-Jul-12,30.20%,0.00%,21.91%,,26.24%,14.87%,,,,3.55%,,,,,
15-Jul-12,30.33%,0.03%,21.91%,,26.19%,14.88%,,,,3.51%,,,,,
16-Jul-12,30.46%,0.06%,21.90%,,26.13%,14.89%,,,,3.46%,,,,,
17-Jul-12,30.59%,0.09%,21.90%,,26.08%,14.90%,,,,3.42%,,,,,
18-Jul-12,30.72%,0.12%,21.90%,,26.02%,14.90%,,,,3.37%,,,,,
19-Jul-12,30.86%,0.16%,21.89%,,25.96%,14.91%,,,,3.33%,,,,,
20-Jul-12,30.99%,0.19%,21.89%,,25.91%,14.92%,,,,3.28%,,,,,
21-Jul-12,31.13%,0.22%,21.88%,,25.85%,14.93%,,,,3.23%,,,,,
22-Jul-12,31.27%,0.25%,21.88%,,25.79%,14.93%,,,,3.19%,,,,,
23-Jul-12,31.41%,0.29%,21.88%,,25.73%,14.94%,,,,3.14%,,,,,
24-Jul-12,31.55%,0.32%,21.87%,,25.67%,14.95%,,,,3.09%,,,,,
25-Jul-12,31.69%,0.35%,21.87%,,25.62%,14.95%,,,,3.04%,,,,,
26-Jul-12,31.83%,0.39%,21.87%,,25.56%,14.96%,,,,2.99%,,,,,
27-Jul-12,31.97%,0.42%,21.87%,,25.50%,14.97%,,,,2.94%,,,,,
28-Jul-12,32.10%,0.45%,21.87%,,25.45%,14.97%,,,,2.89%,,,,,
29-Jul-12,32.24%,0.49%,21.87%,,25.39%,14.97%,,,,2.84%,,,,,
30-Jul-12,32.27%,0.49%,21.87%,,25.37%,14.97%,,,,2.84%,,,,,
31-Jul-12,32.29%,0.50%,21.87%,,25.35%,14.97%,,,,2.84%,,,,,
01-Aug-12,32.31%,0.50%,21.87%,,25.33%,14.97%,,,,2.83%,,,,,
02-Aug-12,32.33%,0.50%,21.88%,,25.32%,14.97%,,,,2.83%,,,,,
03-Aug-12,32.36%,0.51%,21.88%,,25.30%,14.97%,,,,2.83%,,,,,
04-Aug-12,32.38%,0.51%,21.89%,,25.28%,14.96%,,,,2.82%,,,,,
05-Aug-12,32.39%,0.52%,21.89%,,25.26%,14.96%,,,,2.82%,,,,,
06-Aug-12,32.41%,0.52%,21.90%,,25.25%,14.95%,,,,2.82%,,,,,
07-Aug-12,32.43%,0.52%,21.91%,,25.23%,14.95%,,,,2.81%,,,,,
08-Aug-12,32.44%,0.53%,21.92%,,25.22%,14.94%,,,,2.81%,,,,,
09-Aug-12,32.46%,0.53%,21.93%,,25.20%,14.93%,,,,2.81%,,,,,
10-Aug-12,32.47%,0.53%,21.95%,,25.18%,14.92%,,,,2.80%,,,,,
11-Aug-12,32.49%,0.54%,21.96%,,25.17%,14.92%,,,,2.80%,,,,,
12-Aug-12,32.51%,0.54%,21.97%,,25.15%,14.91%,,,,2.79%,,,,,
13-Aug-12,32.52%,0.55%,21.98%,,25.13%,14.90%,,,,2.79%,,,,,
14-Aug-12,32.54%,0.55%,22.00%,,25.11%,14.89%,,,,2.78%,,,,,
15-Aug-12,32.76%,0.57%,21.95%,,24.94%,14.82%,,,,2.79%,,,,,
16-Aug-12,32.97%,0.59%,21.90%,,24.77%,14.76%,,,,2.79%,,,,,
17-Aug-12,33.19%,0.60%,21.84%,,24.59%,14.69%,,,,2.79%,,,,,
18-Aug-12,33.41%,0.62%,21.79%,,24.42%,14.62%,,,,2.80%,,,,,
19-Aug-12,33.63%,0.64%,21.74%,,24.24%,14.56%,,,,2.80%,,,,,
20-Aug-12,33.85%,0.66%,21.68%,,24.06%,14.49%,,,,2.80%,,,,,
21-Aug-12,34.08%,0.68%,21.63%,,23.88%,14.42%,,,,2.81%,,,,,
22-Aug-12,34.30%,0.69%,21.57%,,23.69%,14.35%,,,,2.81%,,,,,
23-Aug-12,34.53%,0.71%,21.52%,,23.51%,14.28%,,,,2.81%,,,,,
24-Aug-12,34.76%,0.73%,21.46%,,23.33%,14.21%,,,,2.82%,,,,,
25-Aug-12,34.99%,0.75%,21.40%,,23.14%,14.14%,,,,2.82%,,,,,
26-Aug-12,35.22%,0.77%,21.34%,,22.96%,14.07%,,,,2.83%,,,,,
27-Aug-12,35.45%,0.79%,21.28%,,22.78%,14.00%,,,,2.83%,,,,,
28-Aug-12,35.68%,0.80%,21.21%,,22.60%,13.94%,,,,2.84%,,,,,
29-Aug-12,35.91%,0.82%,21.15%,,22.42%,13.87%,,,,2.84%,,,,,
30-Aug-12,35.95%,0.82%,21.15%,,22.39%,13.86%,,,,2.84%,,,,,
31-Aug-12,35.98%,0.83%,21.14%,,22.36%,13.85%,,,,2.83%,,,,,
01-Sep-12,36.02%,0.83%,21.14%,,22.34%,13.84%,,,,2.83%,,,,,
02-Sep-12,36.05%,0.84%,21.13%,,22.32%,13.83%,,,,2.83%,,,,,
03-Sep-12,36.08%,0.84%,21.13%,,22.29%,13.83%,,,,2.82%,,,,,
04-Sep-12,36.11%,0.85%,21.12%,,22.27%,13.82%,,,,2.82%,,,,,
05-Sep-12,36.15%,0.85%,21.11%,,22.26%,13.81%,,,,2.82%,,,,,
06-Sep-12,36.18%,0.85%,21.10%,,22.24%,13.81%,,,,2.81%,,,,,
07-Sep-12,36.20%,0.86%,21.09%,,22.23%,13.80%,,,,2.81%,,,,,
08-Sep-12,36.23%,0.86%,21.08%,,22.21%,13.80%,,,,2.81%,,,,,
09-Sep-12,36.26%,0.87%,21.07%,,22.20%,13.80%,,,,2.80%,,,,,
10-Sep-12,36.30%,0.87%,21.06%,,22.18%,13.79%,,,,2.80%,,,,,
11-Sep-12,36.33%,0.87%,21.04%,,22.16%,13.79%,,,,2.80%,,,,,
12-Sep-12,36.37%,0.88%,21.03%,,22.14%,13.78%,,,,2.79%,,,,,
13-Sep-12,36.40%,0.88%,21.02%,,22.13%,13.78%,,,,2.79%,,,,,
14-Sep-12,36.44%,0.89%,21.00%,,22.11%,13.78%,,,,2.78%,,,,,
15-Sep-12,36.36%,0.86%,21.08%,,22.15%,13.69%,,,,2.82%,,,,,
16-Sep-12,36.28%,0.84%,21.17%,,22.20%,13.59%,,,,2.85%,,,,,
17-Sep-12,36.20%,0.81%,21.25%,,22.24%,13.50%,,,,2.89%,,,,,
18-Sep-12,36.12%,0.79%,21.33%,,22.29%,13.41%,,,,2.92%,,,,,
19-Sep-12,36.04%,0.76%,21.42%,,22.33%,13.32%,,,,2.96%,,,,,
20-Sep-12,35.96%,0.74%,21.51%,,22.38%,13.22%,,,,2.99%,,,,,
21-Sep-12,35.87%,0.71%,21.59%,,22.43%,13.13%,,,,3.03%,,,,,
22-Sep-12,35.79%,0.69%,21.68%,,22.48%,13.03%,,,,3.07%,,,,,
23-Sep-12,35.70%,0.66%,21.77%,,22.53%,12.94%,,,,3.10%,,,,,
24-Sep-12,35.61%,0.64%,21.86%,,22.58%,12.84%,,,,3.14%,,,,,
25-Sep-12,35.52%,0.61%,21.96%,,22.63%,12.74%,,,,3.18%,,,,,
26-Sep-12,35.42%,0.58%,22.05%,,22.68%,12.65%,,,,3.22%,,,,,
27-Sep-12,35.33%,0.55%,22.15%,,22.73%,12.55%,,,,3.26%,,,,,
28-Sep-12,35.22%,0.52%,22.24%,,22.79%,12.45%,,,,3.30%,,,,,
29-Sep-12,35.12%,0.49%,22.34%,,22.85%,12.35%,,,,3.34%,,,,,
30-Sep-12,35.12%,0.49%,22.35%,,22.84%,12.33%,,,,3.35%,,,,,
01-Oct-12,35.13%,0.49%,22.35%,,22.83%,12.32%,,,,3.35%,,,,,
02-Oct-12,35.14%,0.49%,22.36%,,22.83%,12.30%,,,,3.36%,,,,,
03-Oct-12,35.14%,0.49%,22.36%,,22.82%,12.29%,,,,3.36%,,,,,
04-Oct-12,35.14%,0.48%,22.37%,,22.82%,12.27%,,,,3.37%,,,,,
05-Oct-12,35.14%,0.48%,22.37%,,22.82%,12.26%,,,,3.37%,,,,,
06-Oct-12,35.14%,0.48%,22.38%,,22.81%,12.24%,,,,3.38%,,,,,
07-Oct-12,35.14%,0.47%,22.39%,,22.81%,12.23%,,,,3.39%,,,,,
08-Oct-12,35.14%,0.47%,22.39%,,22.80%,12.21%,,,,3.39%,,,,,
09-Oct-12,35.13%,0.47%,22.40%,,22.80%,12.20%,,,,3.40%,,,,,
10-Oct-12,35.13%,0.46%,22.41%,,22.80%,12.18%,,,,3.41%,,,,,
11-Oct-12,35.13%,0.46%,22.42%,,22.79%,12.17%,,,,3.42%,,,,,
12-Oct-12,35.12%,0.45%,22.43%,,22.79%,12.15%,,,,3.43%,,,,,
13-Oct-12,35.12%,0.45%,22.43%,,22.78%,12.13%,,,,3.43%,,,,,
14-Oct-12,35.11%,0.44%,22.44%,,22.78%,12.11%,,,,3.44%,,,,,
15-Oct-12,35.01%,0.46%,22.53%,,22.75%,12.13%,,,,3.47%,,,,,
16-Oct-12,34.91%,0.47%,22.62%,,22.72%,12.14%,,,,3.49%,,,,,
17-Oct-12,34.81%,0.49%,22.70%,,22.70%,12.15%,,,,3.52%,,,,,
18-Oct-12,34.71%,0.50%,22.79%,,22.67%,12.17%,,,,3.54%,,,,,
19-Oct-12,34.61%,0.51%,22.88%,,22.64%,12.18%,,,,3.57%,,,,,
20-Oct-12,34.50%,0.53%,22.97%,,22.61%,12.19%,,,,3.59%,,,,,
21-Oct-12,34.40%,0.54%,23.06%,,22.58%,12.21%,,,,3.62%,,,,,
22-Oct-12,34.29%,0.56%,23.15%,,22.55%,12.22%,,,,3.64%,,,,,
23-Oct-12,34.19%,0.57%,23.24%,,22.52%,12.24%,,,,3.67%,,,,,
24-Oct-12,34.08%,0.59%,23.33%,,22.49%,12.26%,,,,3.69%,,,,,
25-Oct-12,33.97%,0.60%,23.43%,,22.47%,12.27%,,,,3.72%,,,,,
26-Oct-12,33.86%,0.62%,23.52%,,22.44%,12.29%,,,,3.74%,,,,,
27-Oct-12,33.75%,0.64%,23.61%,,22.41%,12.31%,,,,3.76%,,,,,
28-Oct-12,33.64%,0.65%,23.70%,,22.39%,12.34%,,,,3.79%,,,,,
29-Oct-12,33.53%,0.67%,23.80%,,22.36%,12.36%,,,,3.81%,,,,,
30-Oct-12,33.51%,0.67%,23.82%,,22.36%,12.35%,,,,3.82%,,,,,
31-Oct-12,33.49%,0.67%,23.83%,,22.36%,12.35%,,,,3.82%,,,,,
01-Nov-12,33.47%,0.67%,23.85%,,22.36%,12.34%,,,,3.83%,,,,,
02-Nov-12,33.44%,0.67%,23.87%,,22.36%,12.34%,,,,3.84%,,,,,
03-Nov-12,33.42%,0.67%,23.89%,,22.37%,12.33%,,,,3.84%,,,,,
04-Nov-12,33.40%,0.67%,23.90%,,22.37%,12.33%,,,,3.85%,,,,,
05-Nov-12,33.38%,0.66%,23.92%,,22.37%,12.33%,,,,3.85%,,,,,
06-Nov-12,33.35%,0.66%,23.94%,,22.38%,12.33%,,,,3.85%,,,,,
07-Nov-12,33.33%,0.66%,23.96%,,22.39%,12.33%,,,,3.86%,,,,,
08-Nov-12,33.30%,0.66%,23.97%,,22.40%,12.33%,,,,3.86%,,,,,
09-Nov-12,33.27%,0.66%,23.99%,,22.40%,12.33%,,,,3.87%,,,,,
10-Nov-12,33.25%,0.66%,24.01%,,22.41%,12.33%,,,,3.87%,,,,,
11-Nov-12,33.22%,0.66%,24.03%,,22.42%,12.33%,,,,3.87%,,,,,
12-Nov-12,33.19%,0.66%,24.06%,,22.43%,12.33%,,,,3.88%,,,,,
13-Nov-12,33.16%,0.66%,24.08%,,22.44%,12.33%,,,,3.88%,,,,,
14-Nov-12,33.12%,0.66%,24.10%,,22.45%,12.33%,,,,3.89%,,,,,
15-Nov-12,32.88%,0.67%,24.09%,,22.53%,12.47%,,,,3.86%,,,,,
16-Nov-12,32.63%,0.69%,24.07%,,22.62%,12.62%,,,,3.84%,,,,,
17-Nov-12,32.38%,0.70%,24.05%,,22.71%,12.76%,,,,3.82%,,,,,
18-Nov-12,32.13%,0.71%,24.04%,,22.80%,12.91%,,,,3.79%,,,,,
19-Nov-12,31.88%,0.72%,24.02%,,22.88%,13.06%,,,,3.77%,,,,,
20-Nov-12,31.62%,0.73%,24.00%,,22.97%,13.21%,,,,3.74%,,,,,
21-Nov-12,31.37%,0.74%,23.98%,,23.06%,13.37%,,,,3.72%,,,,,
22-Nov-12,31.11%,0.75%,23.96%,,23.16%,13.52%,,,,3.69%,,,,,
23-Nov-12,30.84%,0.76%,23.94%,,23.25%,13.67%,,,,3.66%,,,,,
24-Nov-12,30.58%,0.77%,23.92%,,23.34%,13.83%,,,,3.64%,,,,,
25-Nov-12,30.32%,0.78%,23.90%,,23.43%,13.99%,,,,3.61%,,,,,
26-Nov-12,30.06%,0.80%,23.88%,,23.52%,14.15%,,,,3.58%,,,,,
27-Nov-12,29.81%,0.81%,23.85%,,23.61%,14.31%,,,,3.55%,,,,,
28-Nov-12,29.55%,0.82%,23.82%,,23.70%,14.47%,,,,3.53%,,,,,
29-Nov-12,29.29%,0.83%,23.79%,,23.79%,14.63%,,,,3.50%,,,,,
30-Nov-12,29.25%,0.83%,23.80%,,23.80%,14.65%,,,,3.49%,,,,,
01-Dec-12,29.21%,0.84%,23.80%,,23.81%,14.67%,,,,3.49%,,,,,
02-Dec-12,29.17%,0.84%,23.81%,,23.82%,14.69%,,,,3.49%,,,,,
03-Dec-12,29.14%,0.84%,23.81%,,23.83%,14.71%,,,,3.49%,,,,,
04-Dec-12,29.10%,0.84%,23.81%,,23.84%,14.74%,,,,3.49%,,,,,
05-Dec-12,29.07%,0.85%,23.81%,,23.85%,14.76%,,,,3.48%,,,,,
06-Dec-12,29.04%,0.85%,23.81%,,23.86%,14.78%,,,,3.48%,,,,,
07-Dec-12,29.01%,0.85%,23.81%,,23.86%,14.80%,,,,3.48%,,,,,
08-Dec-12,28.98%,0.86%,23.80%,,23.86%,14.82%,,,,3.47%,,,,,
09-Dec-12,28.96%,0.86%,23.80%,,23.87%,14.84%,,,,3.47%,,,,,
10-Dec-12,28.93%,0.87%,23.80%,,23.87%,14.87%,,,,3.47%,,,,,
11-Dec-12,28.90%,0.87%,23.79%,,23.88%,14.89%,,,,3.46%,,,,,
12-Dec-12,28.87%,0.87%,23.79%,,23.88%,14.92%,,,,3.46%,,,,,
13-Dec-12,28.84%,0.88%,23.78%,,23.88%,14.94%,,,,3.45%,,,,,
14-Dec-12,28.81%,0.88%,23.78%,,23.89%,14.97%,,,,3.45%,,,,,
15-Dec-12,28.58%,0.89%,23.78%,,24.02%,15.08%,,,,3.43%,,,,,
16-Dec-12,28.34%,0.90%,23.79%,,24.15%,15.20%,,,,3.41%,,,,,
17-Dec-12,28.11%,0.90%,23.79%,,24.28%,15.31%,,,,3.40%,,,,,
18-Dec-12,27.87%,0.91%,23.79%,,24.41%,15.43%,,,,3.38%,,,,,
19-Dec-12,27.63%,0.92%,23.80%,,24.55%,15.54%,,,,3.36%,,,,,
20-Dec-12,27.39%,0.92%,23.80%,,24.68%,15.66%,,,,3.34%,,,,,
21-Dec-12,27.14%,0.93%,23.80%,,24.82%,15.78%,,,,3.33%,,,,,
22-Dec-12,26.90%,0.94%,23.81%,,24.96%,15.90%,,,,3.31%,,,,,
23-Dec-12,26.65%,0.95%,23.81%,,25.09%,16.02%,,,,3.29%,,,,,
24-Dec-12,26.40%,0.95%,23.81%,,25.24%,16.14%,,,,3.27%,,,,,
25-Dec-12,26.15%,0.96%,23.82%,,25.38%,16.26%,,,,3.25%,,,,,
26-Dec-12,25.90%,0.97%,23.82%,,25.52%,16.38%,,,,3.23%,,,,,
27-Dec-12,25.65%,0.97%,23.83%,,25.66%,16.50%,,,,3.22%,,,,,
28-Dec-12,25.40%,0.98%,23.83%,,25.81%,16.62%,,,,3.20%,,,,,
29-Dec-12,25.15%,0.99%,23.84%,,25.95%,16.73%,,,,3.18%,,,,,
30-Dec-12,25.10%,0.99%,23.83%,,25.97%,16.76%,,,,3.18%,,,,,
31-Dec-12,25.05%,0.99%,23.83%,,25.99%,16.79%,,,,3.17%,,,,,
01-Jan-13,25.01%,0.99%,23.83%,,26.01%,16.82%,,,,3.17%,,,,,
02-Jan-13,24.96%,0.99%,23.82%,,26.04%,16.84%,,,,3.16%,,,,,
03-Jan-13,24.92%,1.00%,23.82%,,26.06%,16.87%,,,,3.16%,,,,,
04-Jan-13,24.88%,1.00%,23.82%,,26.08%,16.89%,,,,3.15%,,,,,
05-Jan-13,24.84%,1.00%,23.81%,,26.10%,16.92%,,,,3.15%,,,,,
06-Jan-13,24.80%,1.00%,23.81%,,26.12%,16.94%,,,,3.15%,,,,,
07-Jan-13,24.76%,1.00%,23.81%,,26.14%,16.96%,,,,3.14%,,,,,
08-Jan-13,24.72%,1.00%,23.80%,,26.17%,16.97%,,,,3.14%,,,,,
09-Jan-13,24.68%,1.00%,23.80%,,26.19%,16.99%,,,,3.13%,,,,,
10-Jan-13,24.64%,1.00%,23.79%,,26.21%,17.01%,,,,3.13%,,,,,
11-Jan-13,24.60%,1.00%,23.79%,,26.24%,17.03%,,,,3.13%,,,,,
12-Jan-13,24.56%,1.00%,23.79%,,26.26%,17.06%,,,,3.12%,,,,,
13-Jan-13,24.51%,1.00%,23.78%,,26.29%,17.08%,,,,3.12%,,,,,
14-Jan-13,24.47%,1.00%,23.78%,,26.32%,17.10%,,,,3.11%,,,,,
15-Jan-13,24.29%,1.03%,23.90%,,26.36%,17.09%,,,,3.17%,,,,,
16-Jan-13,24.12%,1.06%,24.03%,,26.40%,17.07%,,,,3.22%,,,,,
17-Jan-13,23.94%,1.09%,24.16%,,26.45%,17.05%,,,,3.28%,,,,,
18-Jan-13,23.77%,1.13%,24.29%,,26.49%,17.04%,,,,3.33%,,,,,
19-Jan-13,23.59%,1.16%,24.42%,,26.53%,17.02%,,,,3.39%,,,,,
20-Jan-13,23.41%,1.19%,24.55%,,26.58%,17.00%,,,,3.45%,,,,,
21-Jan-13,23.23%,1.22%,24.69%,,26.62%,16.98%,,,,3.51%,,,,,
22-Jan-13,23.04%,1.26%,24.82%,,26.66%,16.96%,,,,3.57%,,,,,
23-Jan-13,22.86%,1.29%,24.96%,,26.71%,16.94%,,,,3.62%,,,,,
24-Jan-13,22.68%,1.32%,25.10%,,26.75%,16.92%,,,,3.68%,,,,,
25-Jan-13,22.50%,1.36%,25.24%,,26.79%,16.90%,,,,3.75%,,,,,
26-Jan-13,22.32%,1.39%,25.38%,,26.83%,16.88%,,,,3.81%,,,,,
27-Jan-13,22.15%,1.42%,25.52%,,26.87%,16.85%,,,,3.87%,,,,,
28-Jan-13,21.97%,1.46%,25.67%,,26.90%,16.82%,,,,3.93%,,,,,
29-Jan-13,21.80%,1.49%,25.81%,,26.93%,16.79%,,,,4.00%,,,,,
30-Jan-13,21.76%,1.50%,25.83%,,26.95%,16.80%,,,,4.00%,,,,,
31-Jan-13,21.72%,1.50%,25.84%,,26.97%,16.80%,,,,4.01%,,,,,
01-Feb-13,21.69%,1.50%,25.86%,,26.98%,16.81%,,,,4.01%,,,,,
02-Feb-13,21.65%,1.51%,25.88%,,27.00%,16.81%,,,,4.02%,,,,,
03-Feb-13,21.62%,1.51%,25.89%,,27.01%,16.81%,,,,4.03%,,,,,
04-Feb-13,21.59%,1.52%,25.91%,,27.02%,16.81%,,,,4.03%,,,,,
05-Feb-13,21.56%,1.52%,25.93%,,27.03%,16.81%,,,,4.04%,,,,,
06-Feb-13,21.54%,1.52%,25.94%,,27.04%,16.81%,,,,4.05%,,,,,
07-Feb-13,21.52%,1.53%,25.96%,,27.05%,16.80%,,,,4.05%,,,,,
08-Feb-13,21.50%,1.53%,25.98%,,27.05%,16.80%,,,,4.06%,,,,,
09-Feb-13,21.47%,1.53%,26.00%,,27.06%,16.80%,,,,4.07%,,,,,
10-Feb-13,21.45%,1.54%,26.02%,,27.07%,16.79%,,,,4.08%,,,,,
11-Feb-13,21.42%,1.54%,26.04%,,27.08%,16.79%,,,,4.08%,,,,,
12-Feb-13,21.40%,1.55%,26.06%,,27.09%,16.78%,,,,4.09%,,,,,
13-Feb-13,21.37%,1.55%,26.09%,,27.10%,16.78%,,,,4.10%,,,,,
14-Feb-13,21.34%,1.56%,26.11%,,27.10%,16.78%,,,,4.11%,,,,,
15-Feb-13,21.37%,1.57%,26.13%,,27.08%,16.78%,,,,4.12%,,,,,
16-Feb-13,21.40%,1.59%,26.14%,,27.05%,16.78%,,,,4.12%,,,,,
17-Feb-13,21.43%,1.61%,26.15%,,27.02%,16.79%,,,,4.12%,,,,,
18-Feb-13,21.46%,1.63%,26.17%,,26.99%,16.79%,,,,4.13%,,,,,
19-Feb-13,21.49%,1.64%,26.18%,,26.97%,16.79%,,,,4.13%,,,,,
20-Feb-13,21.53%,1.66%,26.20%,,26.94%,16.80%,,,,4.13%,,,,,
21-Feb-13,21.56%,1.68%,26.21%,,26.91%,16.80%,,,,4.14%,,,,,
22-Feb-13,21.59%,1.70%,26.23%,,26.88%,16.80%,,,,4.14%,,,,,
23-Feb-13,21.63%,1.72%,26.24%,,26.85%,16.81%,,,,4.14%,,,,,
24-Feb-13,21.66%,1.74%,26.25%,,26.82%,16.81%,,,,4.15%,,,,,
25-Feb-13,21.70%,1.75%,26.27%,,26.79%,16.82%,,,,4.15%,,,,,
26-Feb-13,21.74%,1.77%,26.28%,,26.75%,16.82%,,,,4.15%,,,,,
27-Feb-13,21.79%,1.79%,26.28%,,26.72%,16.82%,,,,4.15%,,,,,
28-Feb-13,21.83%,1.81%,26.29%,,26.68%,16.83%,,,,4.15%,,,,,
01-Mar-13,21.88%,1.82%,26.30%,,26.65%,16.83%,,,,4.15%,,,,,
02-Mar-13,21.88%,1.83%,26.31%,,26.64%,16.83%,,,,4.16%,,,,,
03-Mar-13,21.87%,1.83%,26.32%,,26.64%,16.83%,,,,4.17%,,,,,
04-Mar-13,21.86%,1.84%,26.34%,,26.64%,16.82%,,,,4.17%,,,,,
05-Mar-13,21.86%,1.84%,26.35%,,26.64%,16.82%,,,,4.18%,,,,,
06-Mar-13,21.86%,1.85%,26.36%,,26.63%,16.82%,,,,4.18%,,,,,
07-Mar-13,21.86%,1.85%,26.37%,,26.63%,16.81%,,,,4.18%,,,,,
08-Mar-13,21.86%,1.86%,26.38%,,26.62%,16.81%,,,,4.19%,,,,,
09-Mar-13,21.86%,1.86%,26.39%,,26.61%,16.81%,,,,4.19%,,,,,
10-Mar-13,21.86%,1.86%,26.39%,,26.61%,16.80%,,,,4.20%,,,,,
11-Mar-13,21.87%,1.87%,26.40%,,26.60%,16.80%,,,,4.20%,,,,,
12-Mar-13,21.87%,1.87%,26.41%,,26.59%,16.80%,,,,4.20%,,,,,
13-Mar-13,21.87%,1.87%,26.42%,,26.58%,16.79%,,,,4.21%,,,,,
14-Mar-13,21.88%,1.88%,26.43%,,26.57%,16.79%,,,,4.21%,,,,,
15-Mar-13,21.98%,1.86%,26.42%,,26.58%,16.73%,,,,4.18%,,,,,
16-Mar-13,22.07%,1.83%,26.41%,,26.59%,16.67%,,,,4.15%,,,,,
17-Mar-13,22.17%,1.81%,26.41%,,26.59%,16.62%,,,,4.11%,,,,,
18-Mar-13,22.27%,1.79%,26.40%,,26.60%,16.56%,,,,4.08%,,,,,
19-Mar-13,22.37%,1.76%,26.39%,,26.61%,16.50%,,,,4.04%,,,,,
20-Mar-13,22.47%,1.74%,26.39%,,26.61%,16.44%,,,,4.01%,,,,,
21-Mar-13,22.57%,1.71%,26.38%,,26.62%,16.38%,,,,3.98%,,,,,
22-Mar-13,22.67%,1.69%,26.37%,,26.63%,16.32%,,,,3.94%,,,,,
23-Mar-13,22.78%,1.66%,26.37%,,26.63%,16.26%,,,,3.90%,,,,,
24-Mar-13,22.88%,1.64%,26.36%,,26.64%,16.20%,,,,3.87%,,,,,
25-Mar-13,22.99%,1.61%,26.35%,,26.65%,16.14%,,,,3.83%,,,,,
26-Mar-13,23.09%,1.59%,26.34%,,26.66%,16.07%,,,,3.79%,,,,,
27-Mar-13,23.20%,1.56%,26.33%,,26.67%,16.01%,,,,3.76%,,,,,
28-Mar-13,23.31%,1.53%,26.32%,,26.67%,15.95%,,,,3.72%,,,,,
29-Mar-13,23.42%,1.51%,26.31%,,26.68%,15.89%,,,,3.68%,,,,,
30-Mar-13,23.43%,1.50%,26.31%,,26.68%,15.88%,,,,3.68%,,,,,
31-Mar-13,23.45%,1.50%,26.31%,,26.68%,15.87%,,,,3.67%,,,,,
01-Apr-13,23.47%,1.50%,26.32%,,26.67%,15.87%,,,,3.67%,,,,,
02-Apr-13,23.48%,1.50%,26.32%,,26.67%,15.86%,,,,3.67%,,,,,
03-Apr-13,23.50%,1.50%,26.31%,,26.67%,15.85%,,,,3.66%,,,,,
04-Apr-13,23.52%,1.50%,26.31%,,26.67%,15.85%,,,,3.66%,,,,,
05-Apr-13,23.53%,1.50%,26.31%,,26.66%,15.84%,,,,3.65%,,,,,
06-Apr-13,23.55%,1.49%,26.30%,,26.66%,15.83%,,,,3.65%,,,,,
07-Apr-13,23.57%,1.49%,26.30%,,26.66%,15.83%,,,,3.64%,,,,,
08-Apr-13,23.59%,1.49%,26.29%,,26.66%,15.83%,,,,3.63%,,,,,
09-Apr-13,23.60%,1.48%,26.29%,,26.66%,15.82%,,,,3.63%,,,,,
10-Apr-13,23.62%,1.48%,26.28%,,26.66%,15.82%,,,,3.62%,,,,,
11-Apr-13,23.64%,1.48%,26.27%,,26.66%,15.82%,,,,3.61%,,,,,
12-Apr-13,23.66%,1.47%,26.26%,,26.66%,15.81%,,,,3.60%,,,,,
13-Apr-13,23.68%,1.47%,26.26%,,26.66%,15.81%,,,,3.60%,,,,,
14-Apr-13,23.70%,1.46%,26.25%,,26.66%,15.80%,,,,3.59%,,,,,
15-Apr-13,23.76%,1.51%,26.17%,,26.67%,15.72%,,,,3.56%,,,,,
16-Apr-13,23.81%,1.55%,26.10%,,26.68%,15.63%,,,,3.54%,,,,,
17-Apr-13,23.87%,1.59%,26.02%,,26.69%,15.54%,,,,3.51%,,,,,
18-Apr-13,23.93%,1.64%,25.94%,,26.70%,15.45%,,,,3.49%,,,,,
19-Apr-13,23.98%,1.68%,25.87%,,26.71%,15.36%,,,,3.46%,,,,,
20-Apr-13,24.04%,1.73%,25.79%,,26.72%,15.26%,,,,3.44%,,,,,
21-Apr-13,24.10%,1.78%,25.71%,,26.73%,15.17%,,,,3.41%,,,,,
22-Apr-13,24.16%,1.82%,25.63%,,26.74%,15.08%,,,,3.39%,,,,,
23-Apr-13,24.22%,1.87%,25.55%,,26.75%,14.98%,,,,3.36%,,,,,
24-Apr-13,24.28%,1.92%,25.47%,,26.77%,14.89%,,,,3.34%,,,,,
25-Apr-13,24.34%,1.96%,25.39%,,26.78%,14.79%,,,,3.31%,,,,,
26-Apr-13,24.39%,2.01%,25.31%,,26.79%,14.69%,,,,3.28%,,,,,
27-Apr-13,24.45%,2.06%,25.23%,,26.80%,14.60%,,,,3.26%,,,,,
28-Apr-13,24.51%,2.11%,25.15%,,26.81%,14.50%,,,,3.24%,,,,,
29-Apr-13,24.56%,2.16%,25.07%,,26.82%,14.40%,,,,3.21%,,,,,
30-Apr-13,24.58%,2.17%,25.05%,,26.83%,14.39%,,,,3.20%,,,,,
01-May-13,24.60%,2.17%,25.04%,,26.83%,14.37%,,,,3.20%,,,,,
02-May-13,24.61%,2.17%,25.03%,,26.83%,14.36%,,,,3.19%,,,,,
03-May-13,24.63%,2.17%,25.01%,,26.83%,14.34%,,,,3.18%,,,,,
04-May-13,24.64%,2.18%,25.00%,,26.84%,14.33%,,,,3.18%,,,,,
05-May-13,24.66%,2.18%,24.99%,,26.84%,14.31%,,,,3.17%,,,,,
06-May-13,24.67%,2.19%,24.98%,,26.84%,14.30%,,,,3.16%,,,,,
07-May-13,24.68%,2.19%,24.97%,,26.84%,14.28%,,,,3.16%,,,,,
08-May-13,24.69%,2.19%,24.96%,,26.85%,14.27%,,,,3.15%,,,,,
09-May-13,24.70%,2.20%,24.95%,,26.85%,14.25%,,,,3.15%,,,,,
10-May-13,24.71%,2.20%,24.95%,,26.85%,14.24%,,,,3.15%,,,,,
11-May-13,24.72%,2.20%,24.94%,,26.86%,14.22%,,,,3.14%,,,,,
12-May-13,24.72%,2.21%,24.93%,,26.86%,14.21%,,,,3.14%,,,,,
13-May-13,24.73%,2.21%,24.92%,,26.87%,14.19%,,,,3.13%,,,,,
14-May-13,24.74%,2.22%,24.91%,,26.87%,14.17%,,,,3.13%,,,,,
15-May-13,24.72%,2.24%,24.94%,,26.85%,14.19%,,,,3.09%,,,,,
16-May-13,24.71%,2.27%,24.97%,,26.82%,14.20%,,,,3.06%,,,,,
17-May-13,24.69%,2.30%,24.99%,,26.80%,14.21%,,,,3.02%,,,,,
18-May-13,24.67%,2.33%,25.02%,,26.78%,14.22%,,,,2.98%,,,,,
19-May-13,24.66%,2.35%,25.05%,,26.75%,14.24%,,,,2.94%,,,,,
20-May-13,24.64%,2.38%,25.08%,,26.73%,14.25%,,,,2.90%,,,,,
21-May-13,24.62%,2.41%,25.10%,,26.70%,14.26%,,,,2.86%,,,,,
22-May-13,24.61%,2.44%,25.13%,,26.68%,14.28%,,,,2.82%,,,,,
23-May-13,24.59%,2.47%,25.16%,,26.65%,14.29%,,,,2.78%,,,,,
24-May-13,24.57%,2.50%,25.19%,,26.63%,14.30%,,,,2.74%,,,,,
25-May-13,24.55%,2.53%,25.22%,,26.60%,14.32%,,,,2.70%,,,,,
26-May-13,24.53%,2.56%,25.25%,,26.58%,14.33%,,,,2.66%,,,,,
27-May-13,24.51%,2.59%,25.28%,,26.55%,14.35%,,,,2.62%,,,,,
28-May-13,24.49%,2.62%,25.31%,,26.52%,14.37%,,,,2.58%,,,,,
29-May-13,24.47%,2.65%,25.34%,,26.49%,14.39%,,,,2.54%,,,,,
30-May-13,24.47%,2.65%,25.34%,,26.49%,14.38%,,,,2.53%,,,,,
31-May-13,24.48%,2.66%,25.34%,,26.49%,14.37%,,,,2.52%,,,,,
01-Jun-13,24.48%,2.67%,25.34%,,26.49%,14.36%,,,,2.51%,,,,,
02-Jun-13,24.48%,2.68%,25.34%,,26.49%,14.35%,,,,2.51%,,,,,
03-Jun-13,24.48%,2.69%,25.33%,,26.49%,14.35%,,,,2.50%,,,,,
04-Jun-13,24.48%,2.69%,25.33%,,26.48%,14.34%,,,,2.50%,,,,,
05-Jun-13,24.48%,2.70%,25.33%,,26.48%,14.34%,,,,2.49%,,,,,
06-Jun-13,24.48%,2.71%,25.33%,,26.48%,14.34%,,,,2.48%,,,,,
07-Jun-13,24.48%,2.72%,25.33%,,26.48%,14.33%,,,,2.48%,,,,,
08-Jun-13,24.47%,2.72%,25.33%,,26.47%,14.33%,,,,2.47%,,,,,
09-Jun-13,24.47%,2.73%,25.33%,,26.47%,14.33%,,,,2.47%,,,,,
10-Jun-13,24.47%,2.74%,25.33%,,26.47%,14.33%,,,,2.47%,,,,,
11-Jun-13,24.46%,2.75%,25.33%,,26.46%,14.33%,,,,2.46%,,,,,
12-Jun-13,24.46%,2.76%,25.33%,,26.46%,14.33%,,,,2.46%,,,,,
13-Jun-13,24.45%,2.77%,25.33%,,26.45%,14.33%,,,,2.45%,,,,,
14-Jun-13,24.45%,2.78%,25.33%,,26.45%,14.33%,,,,2.45%,,,,,
15-Jun-13,24.43%,2.79%,25.41%,,26.43%,14.32%,,,,2.43%,,,,,
16-Jun-13,24.41%,2.80%,25.49%,,26.41%,14.31%,,,,2.41%,,,,,
17-Jun-13,24.40%,2.82%,25.58%,,26.40%,14.30%,,,,2.40%,,,,,
18-Jun-13,24.38%,2.83%,25.66%,,26.38%,14.29%,,,,2.38%,,,,,
19-Jun-13,24.36%,2.85%,25.75%,,26.36%,14.28%,,,,2.36%,,,,,
20-Jun-13,24.34%,2.86%,25.83%,,26.34%,14.27%,,,,2.34%,,,,,
21-Jun-13,24.32%,2.88%,25.92%,,26.32%,14.26%,,,,2.32%,,,,,
22-Jun-13,24.31%,2.89%,26.01%,,26.31%,14.24%,,,,2.31%,,,,,
23-Jun-13,24.29%,2.90%,26.10%,,26.29%,14.23%,,,,2.29%,,,,,
24-Jun-13,24.27%,2.92%,26.19%,,26.27%,14.22%,,,,2.27%,,,,,
25-Jun-13,24.25%,2.93%,26.28%,,26.25%,14.21%,,,,2.25%,,,,,
26-Jun-13,24.23%,2.94%,26.37%,,26.23%,14.20%,,,,2.23%,,,,,
27-Jun-13,24.21%,2.96%,26.46%,,26.21%,14.19%,,,,2.21%,,,,,
28-Jun-13,24.20%,2.97%,26.55%,,26.20%,14.18%,,,,2.20%,,,,,
29-Jun-13,24.18%,2.98%,26.65%,,26.18%,14.17%,,,,2.18%,,,,,
30-Jun-13,24.18%,2.98%,26.66%,,26.18%,14.17%,,,,2.18%,,,,,
01-Jul-13,24.17%,2.99%,26.67%,,26.17%,14.17%,,,,2.17%,,,,,
02-Jul-13,24.17%,2.99%,26.69%,,26.17%,14.17%,,,,2.17%,,,,,
03-Jul-13,24.16%,2.99%,26.70%,,26.16%,14.18%,,,,2.16%,,,,,
04-Jul-13,24.16%,3.00%,26.71%,,26.16%,14.18%,,,,2.16%,,,,,
05-Jul-13,24.15%,3.00%,26.73%,,26.15%,14.18%,,,,2.15%,,,,,
06-Jul-13,24.15%,3.00%,26.74%,,26.15%,14.18%,,,,2.15%,,,,,
07-Jul-13,24.15%,3.00%,26.75%,,26.15%,14.19%,,,,2.15%,,,,,
08-Jul-13,24.14%,3.00%,26.77%,,26.14%,14.19%,,,,2.14%,,,,,
09-Jul-13,24.14%,3.00%,26.78%,,26.14%,14.19%,,,,2.14%,,,,,
10-Jul-13,24.13%,3.00%,26.80%,,26.13%,14.20%,,,,2.13%,,,,,
11-Jul-13,24.13%,3.00%,26.81%,,26.13%,14.20%,,,,2.13%,,,,,
12-Jul-13,24.13%,3.00%,26.83%,,26.13%,14.20%,,,,2.13%,,,,,
13-Jul-13,24.12%,3.00%,26.85%,,26.12%,14.21%,,,,2.12%,,,,,
14-Jul-13,24.12%,3.00%,26.87%,,26.12%,14.21%,,,,2.12%,,,,,
15-Jul-13,24.11%,2.97%,26.91%,,26.11%,14.21%,,,,2.14%,,,,,
16-Jul-13,24.10%,2.94%,26.96%,,26.10%,14.21%,,,,2.17%,,,,,
17-Jul-13,24.10%,2.91%,27.01%,,26.10%,14.20%,,,,2.19%,,,,,
18-Jul-13,24.09%,2.88%,27.06%,,26.09%,14.20%,,,,2.21%,,,,,
19-Jul-13,24.08%,2.84%,27.11%,,26.08%,14.20%,,,,2.24%,,,,,
20-Jul-13,24.08%,2.81%,27.16%,,26.08%,14.19%,,,,2.26%,,,,,
21-Jul-13,24.07%,2.78%,27.21%,,26.07%,14.19%,,,,2.29%,,,,,
22-Jul-13,24.06%,2.75%,27.26%,,26.06%,14.19%,,,,2.31%,,,,,
23-Jul-13,24.05%,2.71%,27.31%,,26.05%,14.18%,,,,2.34%,,,,,
24-Jul-13,24.05%,2.68%,27.37%,,26.05%,14.18%,,,,2.36%,,,,,
25-Jul-13,24.04%,2.65%,27.42%,,26.04%,14.17%,,,,2.39%,,,,,
26-Jul-13,24.03%,2.61%,27.47%,,26.03%,14.17%,,,,2.42%,,,,,
27-Jul-13,24.03%,2.58%,27.51%,,26.03%,14.16%,,,,2.45%,,,,,
28-Jul-13,24.02%,2.55%,27.56%,,26.02%,14.16%,,,,2.47%,,,,,
29-Jul-13,24.01%,2.51%,27.61%,,26.01%,14.15%,,,,2.50%,,,,,
30-Jul-13,24.01%,2.51%,27.62%,,26.01%,14.15%,,,,2.50%,,,,,
31-Jul-13,24.01%,2.50%,27.64%,,26.01%,14.15%,,,,2.51%,,,,,
01-Aug-13,24.01%,2.50%,27.65%,,26.01%,14.15%,,,,2.51%,,,,,
02-Aug-13,24.01%,2.50%,27.67%,,26.01%,14.15%,,,,2.51%,,,,,
03-Aug-13,24.00%,2.49%,27.68%,,26.00%,14.15%,,,,2.51%,,,,,
04-Aug-13,24.00%,2.49%,27.69%,,26.00%,14.15%,,,,2.51%,,,,,
05-Aug-13,24.00%,2.48%,27.70%,,26.00%,14.15%,,,,2.52%,,,,,
06-Aug-13,24.00%,2.48%,27.71%,,26.00%,14.14%,,,,2.52%,,,,,
07-Aug-13,24.00%,2.48%,27.72%,,26.00%,14.14%,,,,2.52%,,,,,
08-Aug-13,24.00%,2.47%,27.72%,,26.00%,14.14%,,,,2.53%,,,,,
09-Aug-13,24.00%,2.47%,27.73%,,26.00%,14.13%,,,,2.53%,,,,,
10-Aug-13,24.00%,2.47%,27.74%,,26.00%,14.13%,,,,2.53%,,,,,
11-Aug-13,24.00%,2.46%,27.75%,,26.00%,14.13%,,,,2.54%,,,,,
12-Aug-13,24.00%,2.46%,27.76%,,26.00%,14.12%,,,,2.54%,,,,,
13-Aug-13,24.00%,2.45%,27.77%,,26.00%,14.12%,,,,2.55%,,,,,
14-Aug-13,24.00%,2.45%,27.78%,,26.00%,14.11%,,,,2.55%,,,,,
15-Aug-13,23.88%,2.49%,27.73%,,25.97%,14.11%,,,,2.63%,,,,,
16-Aug-13,23.75%,2.54%,27.68%,,25.94%,14.10%,,,,2.71%,,,,,
17-Aug-13,23.63%,2.58%,27.63%,,25.91%,14.09%,,,,2.79%,,,,,
18-Aug-13,23.50%,2.63%,27.58%,,25.87%,14.08%,,,,2.87%,,,,,
19-Aug-13,23.37%,2.67%,27.53%,,25.84%,14.08%,,,,2.95%,,,,,
20-Aug-13,23.24%,2.72%,27.48%,,25.81%,14.07%,,,,3.04%,,,,,
21-Aug-13,23.11%,2.77%,27.43%,,25.78%,14.06%,,,,3.12%,,,,,
22-Aug-13,22.98%,2.82%,27.38%,,25.74%,14.06%,,,,3.20%,,,,,
23-Aug-13,22.85%,2.86%,27.33%,,25.71%,14.05%,,,,3.29%,,,,,
24-Aug-13,22.71%,2.91%,27.27%,,25.68%,14.04%,,,,3.37%,,,,,
25-Aug-13,22.58%,2.96%,27.22%,,25.64%,14.03%,,,,3.46%,,,,,
26-Aug-13,22.44%,3.01%,27.16%,,25.61%,14.03%,,,,3.55%,,,,,
27-Aug-13,22.31%,3.06%,27.11%,,25.58%,14.02%,,,,3.63%,,,,,
28-Aug-13,22.17%,3.11%,27.05%,,25.54%,14.02%,,,,3.72%,,,,,
29-Aug-13,22.03%,3.16%,26.99%,,25.51%,14.01%,,,,3.81%,,,,,
30-Aug-13,22.01%,3.17%,26.99%,,25.50%,14.01%,,,,3.82%,,,,,
31-Aug-13,22.00%,3.17%,26.99%,,25.50%,14.01%,,,,3.83%,,,,,
01-Sep-13,21.98%,3.17%,26.98%,,25.50%,14.01%,,,,3.84%,,,,,
02-Sep-13,21.97%,3.18%,26.98%,,25.49%,14.00%,,,,3.85%,,,,,
03-Sep-13,21.95%,3.18%,26.97%,,25.49%,14.00%,,,,3.87%,,,,,
04-Sep-13,21.94%,3.18%,26.97%,,25.48%,14.00%,,,,3.88%,,,,,
05-Sep-13,21.92%,3.19%,26.96%,,25.48%,14.00%,,,,3.89%,,,,,
06-Sep-13,21.91%,3.19%,26.95%,,25.48%,14.00%,,,,3.90%,,,,,
07-Sep-13,21.89%,3.20%,26.95%,,25.47%,14.00%,,,,3.91%,,,,,
08-Sep-13,21.88%,3.20%,26.94%,,25.47%,14.00%,,,,3.92%,,,,,
09-Sep-13,21.86%,3.20%,26.93%,,25.47%,14.00%,,,,3.93%,,,,,
10-Sep-13,21.85%,3.21%,26.92%,,25.46%,14.00%,,,,3.94%,,,,,
11-Sep-13,21.83%,3.21%,26.92%,,25.46%,14.00%,,,,3.96%,,,,,
12-Sep-13,21.81%,3.22%,26.91%,,25.45%,14.00%,,,,3.97%,,,,,
13-Sep-13,21.80%,3.22%,26.90%,,25.45%,14.00%,,,,3.98%,,,,,
14-Sep-13,21.78%,3.22%,26.89%,,25.44%,14.00%,,,,4.00%,,,,,
15-Sep-13,21.74%,3.22%,26.95%,,25.36%,14.12%,,,,4.01%,,,,,
16-Sep-13,21.70%,3.22%,27.01%,,25.28%,14.25%,,,,4.02%,,,,,
17-Sep-13,21.66%,3.21%,27.06%,,25.20%,14.38%,,,,4.03%,,,,,
18-Sep-13,21.62%,3.21%,27.12%,,25.12%,14.50%,,,,4.04%,,,,,
19-Sep-13,21.58%,3.21%,27.19%,,25.04%,14.63%,,,,4.05%,,,,,
20-Sep-13,21.54%,3.20%,27.25%,,24.96%,14.76%,,,,4.06%,,,,,
21-Sep-13,21.50%,3.20%,27.31%,,24.87%,14.89%,,,,4.07%,,,,,
22-Sep-13,21.46%,3.20%,27.37%,,24.79%,15.03%,,,,4.09%,,,,,
23-Sep-13,21.42%,3.19%,27.44%,,24.70%,15.16%,,,,4.10%,,,,,
24-Sep-13,21.38%,3.19%,27.50%,,24.62%,15.29%,,,,4.11%,,,,,
25-Sep-13,21.34%,3.18%,27.56%,,24.53%,15.43%,,,,4.12%,,,,,
26-Sep-13,21.30%,3.18%,27.63%,,24.45%,15.57%,,,,4.12%,,,,,
27-Sep-13,21.27%,3.18%,27.70%,,24.36%,15.70%,,,,4.13%,,,,,
28-Sep-13,21.23%,3.17%,27.77%,,24.27%,15.84%,,,,4.14%,,,,,
29-Sep-13,21.20%,3.17%,27.84%,,24.19%,15.98%,,,,4.14%,,,,,
30-Sep-13,21.18%,3.17%,27.84%,,24.17%,16.00%,,,,4.15%,,,,,
01-Oct-13,21.17%,3.17%,27.84%,,24.16%,16.01%,,,,4.16%,,,,,
02-Oct-13,21.15%,3.18%,27.84%,,24.15%,16.03%,,,,4.17%,,,,,
03-Oct-13,21.14%,3.18%,27.85%,,24.14%,16.04%,,,,4.17%,,,,,
04-Oct-13,21.13%,3.18%,27.85%,,24.12%,16.06%,,,,4.18%,,,,,
05-Oct-13,21.11%,3.19%,27.85%,,24.11%,16.07%,,,,4.18%,,,,,
06-Oct-13,21.10%,3.19%,27.86%,,24.10%,16.09%,,,,4.19%,,,,,
07-Oct-13,21.09%,3.19%,27.86%,,24.09%,16.10%,,,,4.19%,,,,,
08-Oct-13,21.08%,3.20%,27.86%,,24.08%,16.12%,,,,4.20%,,,,,
09-Oct-13,21.07%,3.20%,27.87%,,24.07%,16.13%,,,,4.20%,,,,,
10-Oct-13,21.05%,3.20%,27.87%,,24.05%,16.15%,,,,4.20%,,,,,
11-Oct-13,21.04%,3.21%,27.87%,,24.04%,16.17%,,,,4.21%,,,,,
12-Oct-13,21.03%,3.21%,27.88%,,24.03%,16.18%,,,,4.21%,,,,,
13-Oct-13,21.02%,3.22%,27.88%,,24.02%,16.20%,,,,4.22%,,,,,
14-Oct-13,21.00%,3.22%,27.89%,,24.00%,16.22%,,,,4.22%,,,,,
15-Oct-13,21.02%,3.25%,27.93%,,23.87%,16.35%,,,,4.13%,,,,,
16-Oct-13,21.04%,3.28%,27.96%,,23.73%,16.48%,,,,4.03%,,,,,
17-Oct-13,21.06%,3.30%,28.00%,,23.60%,16.61%,,,,3.93%,,,,,
18-Oct-13,21.08%,3.33%,28.04%,,23.46%,16.75%,,,,3.83%,,,,,
19-Oct-13,21.10%,3.36%,28.08%,,23.32%,16.88%,,,,3.74%,,,,,
20-Oct-13,21.13%,3.39%,28.12%,,23.18%,17.02%,,,,3.64%,,,,,
21-Oct-13,21.15%,3.42%,28.16%,,23.04%,17.16%,,,,3.53%,,,,,
22-Oct-13,21.17%,3.45%,28.20%,,22.90%,17.29%,,,,3.43%,,,,,
23-Oct-13,21.19%,3.48%,28.24%,,22.76%,17.43%,,,,3.33%,,,,,
24-Oct-13,21.22%,3.51%,28.28%,,22.61%,17.57%,,,,3.23%,,,,,
25-Oct-13,21.24%,3.53%,28.32%,,22.47%,17.71%,,,,3.12%,,,,,
26-Oct-13,21.27%,3.56%,28.36%,,22.33%,17.85%,,,,3.01%,,,,,
27-Oct-13,21.30%,3.59%,28.40%,,22.18%,17.99%,,,,2.91%,,,,,
28-Oct-13,21.33%,3.62%,28.44%,,22.04%,18.13%,,,,2.80%,,,,,
29-Oct-13,21.36%,3.65%,28.49%,,21.90%,18.26%,,,,2.69%,,,,,
30-Oct-13,21.36%,3.65%,28.50%,,21.88%,18.29%,,,,2.67%,,,,,
31-Oct-13,21.36%,3.65%,28.50%,,21.85%,18.32%,,,,2.66%,,,,,
01-Nov-13,21.36%,3.66%,28.51%,,21.83%,18.34%,,,,2.65%,,,,,
02-Nov-13,21.36%,3.66%,28.52%,,21.81%,18.37%,,,,2.64%,,,,,
03-Nov-13,21.36%,3.66%,28.53%,,21.79%,18.39%,,,,2.63%,,,,,
04-Nov-13,21.36%,3.66%,28.54%,,21.77%,18.41%,,,,2.61%,,,,,
05-Nov-13,21.37%,3.66%,28.55%,,21.75%,18.44%,,,,2.60%,,,,,
06-Nov-13,21.37%,3.66%,28.56%,,21.73%,18.46%,,,,2.59%,,,,,
07-Nov-13,21.38%,3.66%,28.58%,,21.71%,18.48%,,,,2.57%,,,,,
08-Nov-13,21.39%,3.66%,28.59%,,21.70%,18.50%,,,,2.56%,,,,,
09-Nov-13,21.40%,3.66%,28.60%,,21.68%,18.52%,,,,2.54%,,,,,
10-Nov-13,21.40%,3.66%,28.61%,,21.66%,18.55%,,,,2.53%,,,,,
11-Nov-13,21.41%,3.66%,28.62%,,21.64%,18.57%,,,,2.51%,,,,,
12-Nov-13,21.42%,3.66%,28.64%,,21.61%,18.60%,,,,2.49%,,,,,
13-Nov-13,21.43%,3.66%,28.65%,,21.59%,18.63%,,,,2.48%,,,,,
14-Nov-13,21.44%,3.66%,28.66%,,21.57%,18.65%,,,,2.46%,,,,,
15-Nov-13,21.34%,3.64%,28.68%,,21.60%,18.78%,,,,2.43%,,,,,
16-Nov-13,21.24%,3.62%,28.71%,,21.62%,18.90%,,,,2.40%,,,,,
17-Nov-13,21.14%,3.60%,28.73%,,21.65%,19.03%,,,,2.37%,,,,,
18-Nov-13,21.04%,3.58%,28.75%,,21.68%,19.16%,,,,2.34%,,,,,
19-Nov-13,20.93%,3.56%,28.77%,,21.71%,19.29%,,,,2.31%,,,,,
20-Nov-13,20.83%,3.54%,28.79%,,21.73%,19.42%,,,,2.29%,,,,,
21-Nov-13,20.73%,3.52%,28.81%,,21.76%,19.55%,,,,2.26%,,,,,
22-Nov-13,20.62%,3.49%,28.83%,,21.79%,19.68%,,,,2.23%,,,,,
23-Nov-13,20.51%,3.47%,28.86%,,21.82%,19.81%,,,,2.20%,,,,,
24-Nov-13,20.40%,3.45%,28.88%,,21.85%,19.94%,,,,2.17%,,,,,
25-Nov-13,20.29%,3.43%,28.90%,,21.89%,20.07%,,,,2.14%,,,,,
26-Nov-13,20.18%,3.41%,28.92%,,21.92%,20.20%,,,,2.12%,,,,,
27-Nov-13,20.07%,3.38%,28.93%,,21.96%,20.33%,,,,2.09%,,,,,
28-Nov-13,19.95%,3.36%,28.95%,,22.00%,20.45%,,,,2.07%,,,,,
29-Nov-13,19.84%,3.34%,28.97%,,22.04%,20.58%,,,,2.04%,,,,,
30-Nov-13,19.83%,3.34%,28.97%,,22.03%,20.61%,,,,2.03%,,,,,
01-Dec-13,19.82%,3.34%,28.98%,,22.03%,20.63%,,,,2.02%,,,,,
02-Dec-13,19.81%,3.33%,28.98%,,22.02%,20.66%,,,,2.01%,,,,,
03-Dec-13,19.80%,3.33%,28.99%,,22.02%,20.68%,,,,2.00%,,,,,
04-Dec-13,19.79%,3.33%,28.99%,,22.01%,20.70%,,,,1.99%,,,,,
05-Dec-13,19.78%,3.33%,29.00%,,22.01%,20.72%,,,,1.98%,,,,,
06-Dec-13,19.77%,3.33%,29.00%,,22.01%,20.74%,,,,1.97%,,,,,
07-Dec-13,19.76%,3.33%,29.00%,,22.01%,20.75%,,,,1.96%,,,,,
08-Dec-13,19.75%,3.33%,29.00%,,22.01%,20.77%,,,,1.95%,,,,,
09-Dec-13,19.74%,3.33%,29.00%,,22.01%,20.78%,,,,1.95%,,,,,
10-Dec-13,19.73%,3.33%,29.00%,,22.01%,20.80%,,,,1.94%,,,,,
11-Dec-13,19.72%,3.33%,29.00%,,22.01%,20.81%,,,,1.93%,,,,,
12-Dec-13,19.70%,3.33%,29.00%,,22.01%,20.83%,,,,1.92%,,,,,
13-Dec-13,19.69%,3.33%,29.00%,,22.01%,20.85%,,,,1.91%,,,,,
14-Dec-13,19.68%,3.33%,29.00%,,22.01%,20.87%,,,,1.90%,,,,,
15-Dec-13,19.65%,3.29%,29.09%,,22.04%,20.85%,,,,1.93%,,,,,
16-Dec-13,19.61%,3.25%,29.18%,,22.07%,20.84%,,,,1.96%,,,,,
17-Dec-13,19.58%,3.21%,29.28%,,22.10%,20.83%,,,,1.99%,,,,,
18-Dec-13,19.55%,3.17%,29.37%,,22.13%,20.81%,,,,2.01%,,,,,
19-Dec-13,19.52%,3.12%,29.47%,,22.16%,20.80%,,,,2.04%,,,,,
20-Dec-13,19.49%,3.08%,29.56%,,22.19%,20.79%,,,,2.07%,,,,,
21-Dec-13,19.46%,3.04%,29.66%,,22.23%,20.77%,,,,2.10%,,,,,
22-Dec-13,19.42%,2.99%,29.76%,,22.26%,20.76%,,,,2.13%,,,,,
23-Dec-13,19.39%,2.95%,29.86%,,22.29%,20.74%,,,,2.16%,,,,,
24-Dec-13,19.36%,2.91%,29.96%,,22.32%,20.73%,,,,2.19%,,,,,
25-Dec-13,19.32%,2.86%,30.06%,,22.36%,20.71%,,,,2.22%,,,,,
26-Dec-13,19.29%,2.82%,30.16%,,22.39%,20.69%,,,,2.25%,,,,,
27-Dec-13,19.26%,2.77%,30.26%,,22.43%,20.67%,,,,2.28%,,,,,
28-Dec-13,19.23%,2.72%,30.36%,,22.46%,20.65%,,,,2.32%,,,,,
29-Dec-13,19.20%,2.68%,30.47%,,22.50%,20.63%,,,,2.35%,,,,,
30-Dec-13,19.19%,2.67%,30.48%,,22.51%,20.64%,,,,2.35%,,,,,
31-Dec-13,19.17%,2.67%,30.49%,,22.51%,20.65%,,,,2.35%,,,,,
01-Jan-14,19.16%,2.66%,30.50%,,22.52%,20.65%,,,,2.35%,,,,,
02-Jan-14,19.15%,2.65%,30.51%,,22.53%,20.66%,,,,2.36%,,,,,
03-Jan-14,19.14%,2.65%,30.52%,,22.54%,20.66%,,,,2.36%,,,,,
04-Jan-14,19.12%,2.64%,30.54%,,22.55%,20.67%,,,,2.36%,,,,,
05-Jan-14,19.11%,2.63%,30.55%,,22.55%,20.67%,,,,2.37%,,,,,
06-Jan-14,19.10%,2.63%,30.56%,,22.56%,20.67%,,,,2.37%,,,,,
07-Jan-14,19.09%,2.62%,30.57%,,22.58%,20.67%,,,,2.38%,,,,,
08-Jan-14,19.08%,2.61%,30.58%,,22.59%,20.67%,,,,2.39%,,,,,
09-Jan-14,19.07%,2.60%,30.59%,,22.60%,20.67%,,,,2.40%,,,,,
10-Jan-14,19.05%,2.60%,30.60%,,22.61%,20.67%,,,,2.40%,,,,,
11-Jan-14,19.04%,2.59%,30.62%,,22.62%,20.67%,,,,2.41%,,,,,
12-Jan-14,19.03%,2.58%,30.63%,,22.64%,20.67%,,,,2.42%,,,,,
13-Jan-14,19.02%,2.57%,30.64%,,22.65%,20.67%,,,,2.43%,,,,,
14-Jan-14,19.00%,2.56%,30.66%,,22.66%,20.67%,,,,2.44%,,,,,
15-Jan-14,19.14%,2.54%,30.49%,,22.68%,20.71%,,,,2.43%,,,,,
16-Jan-14,19.29%,2.51%,30.33%,,22.71%,20.75%,,,,2.43%,,,,,
17-Jan-14,19.44%,2.49%,30.16%,,22.73%,20.80%,,,,2.42%,,,,,
18-Jan-14,19.58%,2.46%,29.99%,,22.75%,20.84%,,,,2.41%,,,,,
19-Jan-14,19.73%,2.44%,29.82%,,22.77%,20.88%,,,,2.41%,,,,,
20-Jan-14,19.88%,2.41%,29.65%,,22.79%,20.92%,,,,2.40%,,,,,
21-Jan-14,20.04%,2.39%,29.47%,,22.81%,20.97%,,,,2.39%,,,,,
22-Jan-14,20.19%,2.36%,29.30%,,22.83%,21.01%,,,,2.38%,,,,,
23-Jan-14,20.35%,2.33%,29.12%,,22.86%,21.06%,,,,2.38%,,,,,
24-Jan-14,20.50%,2.31%,28.94%,,22.88%,21.10%,,,,2.37%,,,,,
25-Jan-14,20.66%,2.28%,28.76%,,22.90%,21.14%,,,,2.36%,,,,,
26-Jan-14,20.83%,2.26%,28.58%,,22.92%,21.19%,,,,2.35%,,,,,
27-Jan-14,20.99%,2.24%,28.39%,,22.93%,21.23%,,,,2.34%,,,,,
28-Jan-14,21.16%,2.21%,28.20%,,22.95%,21.28%,,,,2.33%,,,,,
29-Jan-14,21.33%,2.19%,28.01%,,22.97%,21.32%,,,,2.32%,,,,,
30-Jan-14,21.34%,2.18%,28.00%,,22.97%,21.32%,,,,2.32%,,,,,
31-Jan-14,21.36%,2.18%,27.99%,,22.98%,21.33%,,,,2.32%,,,,,
01-Feb-14,21.37%,2.17%,27.97%,,22.98%,21.33%,,,,2.32%,,,,,
02-Feb-14,21.39%,2.17%,27.96%,,22.99%,21.33%,,,,2.33%,,,,,
03-Feb-14,21.41%,2.16%,27.95%,,22.99%,21.33%,,,,2.33%,,,,,
04-Feb-14,21.43%,2.15%,27.93%,,23.00%,21.34%,,,,2.33%,,,,,
05-Feb-14,21.45%,2.15%,27.92%,,23.00%,21.34%,,,,2.33%,,,,,
06-Feb-14,21.47%,2.15%,27.90%,,23.00%,21.34%,,,,2.33%,,,,,
07-Feb-14,21.49%,2.14%,27.89%,,23.00%,21.34%,,,,2.33%,,,,,
08-Feb-14,21.51%,2.14%,27.87%,,23.00%,21.34%,,,,2.33%,,,,,
09-Feb-14,21.53%,2.13%,27.86%,,23.00%,21.34%,,,,2.33%,,,,,
10-Feb-14,21.56%,2.13%,27.84%,,23.00%,21.34%,,,,2.33%,,,,,
11-Feb-14,21.58%,2.13%,27.82%,,23.00%,21.34%,,,,2.33%,,,,,
12-Feb-14,21.61%,2.12%,27.81%,,23.00%,21.34%,,,,2.33%,,,,,
13-Feb-14,21.64%,2.12%,27.79%,,23.00%,21.34%,,,,2.33%,,,,,
14-Feb-14,21.67%,2.11%,27.77%,,23.00%,21.34%,,,,2.33%,,,,,
15-Feb-14,21.67%,2.11%,27.73%,,23.09%,21.27%,,,,2.32%,,,,,
16-Feb-14,21.67%,2.10%,27.69%,,23.19%,21.19%,,,,2.31%,,,,,
17-Feb-14,21.67%,2.09%,27.65%,,23.28%,21.12%,,,,2.30%,,,,,
18-Feb-14,21.67%,2.08%,27.61%,,23.38%,21.04%,,,,2.29%,,,,,
19-Feb-14,21.67%,2.08%,27.57%,,23.47%,20.97%,,,,2.28%,,,,,
20-Feb-14,21.67%,2.07%,27.54%,,23.57%,20.89%,,,,2.27%,,,,,
21-Feb-14,21.67%,2.06%,27.50%,,23.67%,20.82%,,,,2.26%,,,,,
22-Feb-14,21.67%,2.06%,27.46%,,23.77%,20.74%,,,,2.25%,,,,,
23-Feb-14,21.67%,2.05%,27.41%,,23.87%,20.66%,,,,2.23%,,,,,
24-Feb-14,21.67%,2.04%,27.38%,,23.97%,20.58%,,,,2.22%,,,,,
25-Feb-14,21.66%,2.03%,27.34%,,24.07%,20.50%,,,,2.21%,,,,,
26-Feb-14,21.66%,2.03%,27.30%,,24.17%,20.43%,,,,2.20%,,,,,
27-Feb-14,21.65%,2.02%,27.26%,,24.28%,20.35%,,,,2.19%,,,,,
28-Feb-14,21.64%,2.02%,27.22%,,24.38%,20.27%,,,,2.18%,,,,,
01-Mar-14,21.63%,2.01%,27.18%,,24.49%,20.19%,,,,2.16%,,,,,
02-Mar-14,21.64%,2.01%,27.17%,,24.50%,20.18%,,,,2.16%,,,,,
03-Mar-14,21.65%,2.01%,27.15%,,24.51%,20.17%,,,,2.16%,,,,,
04-Mar-14,21.67%,2.01%,27.13%,,24.52%,20.17%,,,,2.16%,,,,,
05-Mar-14,21.68%,2.00%,27.11%,,24.53%,20.16%,,,,2.15%,,,,,
06-Mar-14,21.69%,2.00%,27.09%,,24.54%,20.15%,,,,2.15%,,,,,
07-Mar-14,21.70%,2.00%,27.07%,,24.56%,20.15%,,,,2.15%,,,,,
08-Mar-14,21.71%,2.00%,27.06%,,24.57%,20.14%,,,,2.14%,,,,,
09-Mar-14,21.72%,2.00%,27.04%,,24.58%,20.14%,,,,2.14%,,,,,
10-Mar-14,21.73%,2.00%,27.02%,,24.59%,20.14%,,,,2.14%,,,,,
11-Mar-14,21.73%,2.00%,27.00%,,24.60%,20.13%,,,,2.13%,,,,,
12-Mar-14,21.74%,2.00%,26.98%,,24.61%,20.13%,,,,2.13%,,,,,
13-Mar-14,21.75%,2.00%,26.96%,,24.62%,20.13%,,,,2.13%,,,,,
14-Mar-14,21.76%,2.00%,26.94%,,24.64%,20.12%,,,,2.12%,,,,,
15-Mar-14,21.83%,2.00%,26.92%,,24.69%,19.99%,,,,2.11%,,,,,
16-Mar-14,21.91%,2.00%,26.91%,,24.74%,19.87%,,,,2.11%,,,,,
17-Mar-14,21.98%,2.00%,26.89%,,24.79%,19.74%,,,,2.10%,,,,,
18-Mar-14,22.06%,2.00%,26.88%,,24.84%,19.61%,,,,2.09%,,,,,
19-Mar-14,22.13%,2.00%,26.86%,,24.89%,19.48%,,,,2.09%,,,,,
20-Mar-14,22.21%,2.00%,26.85%,,24.95%,19.35%,,,,2.08%,,,,,
21-Mar-14,22.29%,2.00%,26.83%,,25.00%,19.21%,,,,2.07%,,,,,
22-Mar-14,22.36%,2.00%,26.82%,,25.05%,19.08%,,,,2.06%,,,,,
23-Mar-14,22.44%,2.00%,26.81%,,25.11%,18.94%,,,,2.06%,,,,,
24-Mar-14,22.52%,2.00%,26.79%,,25.16%,18.81%,,,,2.05%,,,,,
25-Mar-14,22.60%,2.00%,26.78%,,25.22%,18.67%,,,,2.04%,,,,,
26-Mar-14,22.68%,2.00%,26.76%,,25.27%,18.53%,,,,2.04%,,,,,
27-Mar-14,22.76%,2.00%,26.75%,,25.32%,18.39%,,,,2.03%,,,,,
28-Mar-14,22.84%,2.00%,26.75%,,25.38%,18.25%,,,,2.02%,,,,,
29-Mar-14,22.91%,2.00%,26.74%,,25.43%,18.11%,,,,2.02%,,,,,
30-Mar-14,22.93%,2.00%,26.73%,,25.44%,18.09%,,,,2.01%,,,,,
31-Mar-14,22.94%,2.00%,26.72%,,25.46%,18.07%,,,,2.01%,,,,,
01-Apr-14,22.95%,2.00%,26.71%,,25.47%,18.05%,,,,2.01%,,,,,
02-Apr-14,22.96%,2.00%,26.71%,,25.49%,18.02%,,,,2.01%,,,,,
03-Apr-14,22.96%,2.00%,26.70%,,25.50%,18.00%,,,,2.01%,,,,,
04-Apr-14,22.97%,2.00%,26.70%,,25.51%,17.98%,,,,2.00%,,,,,
05-Apr-14,22.97%,2.00%,26.70%,,25.52%,17.96%,,,,2.00%,,,,,
06-Apr-14,22.98%,2.00%,26.70%,,25.54%,17.94%,,,,2.00%,,,,,
07-Apr-14,22.98%,2.00%,26.70%,,25.55%,17.92%,,,,2.00%,,,,,
08-Apr-14,22.98%,2.00%,26.71%,,25.56%,17.90%,,,,2.00%,,,,,
09-Apr-14,22.98%,2.00%,26.71%,,25.57%,17.88%,,,,2.00%,,,,,
10-Apr-14,22.98%,2.00%,26.72%,,25.58%,17.86%,,,,2.00%,,,,,
11-Apr-14,22.98%,2.00%,26.73%,,25.59%,17.83%,,,,2.00%,,,,,
12-Apr-14,22.98%,2.00%,26.74%,,25.60%,17.81%,,,,2.00%,,,,,
13-Apr-14,22.98%,2.00%,26.74%,,25.62%,17.79%,,,,2.00%,,,,,
14-Apr-14,22.98%,2.00%,26.75%,,25.63%,17.76%,,,,2.00%,,,,,
15-Apr-14,23.04%,2.03%,26.62%,,25.71%,17.78%,,,,1.97%,,,,,
16-Apr-14,23.10%,2.06%,26.48%,,25.79%,17.80%,,,,1.94%,,,,,
17-Apr-14,23.16%,2.09%,26.34%,,25.88%,17.82%,,,,1.91%,,,,,
18-Apr-14,23.23%,2.12%,26.20%,,25.96%,17.83%,,,,1.88%,,,,,
19-Apr-14,23.29%,2.15%,26.05%,,26.05%,17.85%,,,,1.85%,,,,,
20-Apr-14,23.35%,2.19%,25.91%,,26.13%,17.87%,,,,1.81%,,,,,
21-Apr-14,23.42%,2.22%,25.76%,,26.22%,17.89%,,,,1.78%,,,,,
22-Apr-14,23.48%,2.25%,25.62%,,26.30%,17.91%,,,,1.75%,,,,,
23-Apr-14,23.55%,2.28%,25.47%,,26.39%,17.93%,,,,1.72%,,,,,
24-Apr-14,23.61%,2.32%,25.32%,,26.48%,17.96%,,,,1.68%,,,,,
25-Apr-14,23.68%,2.35%,25.17%,,26.57%,17.98%,,,,1.65%,,,,,
26-Apr-14,23.75%,2.38%,25.01%,,26.65%,18.00%,,,,1.62%,,,,,
27-Apr-14,23.82%,2.42%,24.86%,,26.74%,18.03%,,,,1.58%,,,,,
28-Apr-14,23.89%,2.45%,24.70%,,26.83%,18.06%,,,,1.55%,,,,,
29-Apr-14,23.96%,2.48%,24.54%,,26.92%,18.09%,,,,1.52%,,,,,
30-Apr-14,23.97%,2.49%,24.53%,,26.93%,18.07%,,,,1.51%,,,,,
01-May-14,23.98%,2.49%,24.51%,,26.95%,18.06%,,,,1.51%,,,,,
02-May-14,23.99%,2.50%,24.50%,,26.96%,18.05%,,,,1.50%,,,,,
03-May-14,24.00%,2.50%,24.48%,,26.98%,18.05%,,,,1.50%,,,,,
04-May-14,24.01%,2.50%,24.47%,,26.99%,18.04%,,,,1.50%,,,,,
05-May-14,24.02%,2.51%,24.45%,,27.01%,18.03%,,,,1.49%,,,,,
06-May-14,24.03%,2.51%,24.44%,,27.02%,18.03%,,,,1.49%,,,,,
07-May-14,24.05%,2.52%,24.42%,,27.03%,18.02%,,,,1.48%,,,,,
08-May-14,24.06%,2.52%,24.40%,,27.04%,18.02%,,,,1.48%,,,,,
09-May-14,24.07%,2.52%,24.38%,,27.05%,18.02%,,,,1.48%,,,,,
10-May-14,24.09%,2.53%,24.37%,,27.05%,18.02%,,,,1.47%,,,,,
11-May-14,24.10%,2.53%,24.35%,,27.06%,18.02%,,,,1.47%,,,,,
12-May-14,24.12%,2.53%,24.33%,,27.07%,18.02%,,,,1.47%,,,,,
13-May-14,24.14%,2.54%,24.30%,,27.08%,18.02%,,,,1.46%,,,,,
14-May-14,24.15%,2.54%,24.28%,,27.09%,18.02%,,,,1.46%,,,,,
15-May-14,24.31%,2.53%,24.26%,,27.09%,17.93%,,,,1.50%,,,,,
16-May-14,24.47%,2.52%,24.23%,,27.09%,17.84%,,,,1.54%,,,,,
17-May-14,24.64%,2.50%,24.21%,,27.10%,17.75%,,,,1.59%,,,,,
18-May-14,24.80%,2.49%,24.18%,,27.10%,17.65%,,,,1.63%,,,,,
19-May-14,24.96%,2.48%,24.16%,,27.11%,17.56%,,,,1.68%,,,,,
20-May-14,25.13%,2.46%,24.13%,,27.11%,17.46%,,,,1.72%,,,,,
21-May-14,25.30%,2.45%,24.11%,,27.11%,17.37%,,,,1.77%,,,,,
22-May-14,25.47%,2.43%,24.08%,,27.12%,17.27%,,,,1.82%,,,,,
23-May-14,25.64%,2.42%,24.05%,,27.12%,17.17%,,,,1.86%,,,,,
24-May-14,25.81%,2.41%,24.03%,,27.13%,17.07%,,,,1.91%,,,,,
25-May-14,25.99%,2.39%,24.00%,,27.13%,16.97%,,,,1.96%,,,,,
26-May-14,26.16%,2.38%,23.98%,,27.13%,16.87%,,,,2.01%,,,,,
27-May-14,26.34%,2.36%,23.95%,,27.14%,16.77%,,,,2.06%,,,,,
28-May-14,26.51%,2.34%,23.93%,,27.14%,16.67%,,,,2.11%,,,,,
29-May-14,26.69%,2.33%,23.90%,,27.14%,16.56%,,,,2.16%,,,,,
30-May-14,26.72%,2.33%,23.89%,,27.15%,16.55%,,,,2.16%,,,,,
31-May-14,26.75%,2.33%,23.87%,,27.15%,16.54%,,,,2.16%,,,,,
01-Jun-14,26.78%,2.33%,23.85%,,27.16%,16.53%,,,,2.17%,,,,,
02-Jun-14,26.81%,2.33%,23.83%,,27.17%,16.52%,,,,2.17%,,,,,
03-Jun-14,26.84%,2.33%,23.82%,,27.17%,16.51%,,,,2.17%,,,,,
04-Jun-14,26.87%,2.33%,23.80%,,27.18%,16.51%,,,,2.18%,,,,,
05-Jun-14,26.90%,2.33%,23.79%,,27.18%,16.50%,,,,2.18%,,,,,
06-Jun-14,26.92%,2.33%,23.77%,,27.19%,16.49%,,,,2.18%,,,,,
07-Jun-14,26.94%,2.34%,23.76%,,27.19%,16.49%,,,,2.19%,,,,,
08-Jun-14,26.97%,2.34%,23.74%,,27.20%,16.48%,,,,2.19%,,,,,
09-Jun-14,26.99%,2.34%,23.73%,,27.20%,16.48%,,,,2.19%,,,,,
10-Jun-14,27.01%,2.34%,23.72%,,27.21%,16.47%,,,,2.20%,,,,,
11-Jun-14,27.03%,2.34%,23.71%,,27.21%,16.47%,,,,2.20%,,,,,
12-Jun-14,27.05%,2.34%,23.69%,,27.21%,16.46%,,,,2.21%,,,,,
13-Jun-14,27.07%,2.34%,23.68%,,27.22%,16.46%,,,,2.21%,,,,,
14-Jun-14,27.10%,2.34%,23.67%,,27.22%,16.46%,,,,2.22%,,,,,
15-Jun-14,27.23%,2.33%,23.67%,,27.16%,16.38%,,,,2.21%,,,,,
16-Jun-14,27.37%,2.31%,23.66%,,27.09%,16.30%,,,,2.21%,,,,,
17-Jun-14,27.51%,2.30%,23.66%,,27.03%,16.22%,,,,2.21%,,,,,
18-Jun-14,27.65%,2.29%,23.66%,,26.96%,16.13%,,,,2.20%,,,,,
19-Jun-14,27.80%,2.28%,23.66%,,26.89%,16.05%,,,,2.20%,,,,,
20-Jun-14,27.94%,2.27%,23.66%,,26.82%,15.97%,,,,2.20%,,,,,
21-Jun-14,28.09%,2.26%,23.66%,,26.75%,15.89%,,,,2.19%,,,,,
22-Jun-14,28.23%,2.25%,23.66%,,26.69%,15.80%,,,,2.19%,,,,,
23-Jun-14,28.38%,2.24%,23.66%,,26.61%,15.72%,,,,2.19%,,,,,
24-Jun-14,28.53%,2.23%,23.67%,,26.54%,15.63%,,,,2.18%,,,,,
25-Jun-14,28.67%,2.22%,23.67%,,26.47%,15.54%,,,,2.18%,,,,,
26-Jun-14,28.82%,2.20%,23.67%,,26.40%,15.46%,,,,2.17%,,,,,
27-Jun-14,28.97%,2.19%,23.68%,,26.32%,15.37%,,,,2.17%,,,,,
28-Jun-14,29.11%,2.18%,23.69%,,26.25%,15.28%,,,,2.16%,,,,,
29-Jun-14,29.25%,2.17%,23.70%,,26.17%,15.19%,,,,2.16%,,,,,
30-Jun-14,29.28%,2.17%,23.70%,,26.16%,15.18%,,,,2.16%,,,,,
01-Jul-14,29.31%,2.16%,23.69%,,26.16%,15.16%,,,,2.17%,,,,,
02-Jul-14,29.34%,2.16%,23.69%,,26.15%,15.15%,,,,2.17%,,,,,
03-Jul-14,29.36%,2.16%,23.69%,,26.14%,15.13%,,,,2.17%,,,,,
04-Jul-14,29.39%,2.16%,23.70%,,26.13%,15.11%,,,,2.18%,,,,,
05-Jul-14,29.42%,2.15%,23.70%,,26.12%,15.10%,,,,2.18%,,,,,
06-Jul-14,29.44%,2.15%,23.70%,,26.11%,15.08%,,,,2.18%,,,,,
07-Jul-14,29.46%,2.15%,23.71%,,26.10%,15.06%,,,,2.19%,,,,,
08-Jul-14,29.48%,2.14%,23.72%,,26.09%,15.04%,,,,2.19%,,,,,
09-Jul-14,29.50%,2.14%,23.72%,,26.08%,15.03%,,,,2.19%,,,,,
10-Jul-14,29.53%,2.13%,23.73%,,26.07%,15.01%,,,,2.20%,,,,,
11-Jul-14,29.55%,2.13%,23.74%,,26.06%,14.99%,,,,2.20%,,,,,
12-Jul-14,29.58%,2.13%,23.75%,,26.04%,14.96%,,,,2.20%,,,,,
13-Jul-14,29.60%,2.12%,23.76%,,26.03%,14.94%,,,,2.21%,,,,,
14-Jul-14,29.63%,2.12%,23.76%,,26.02%,14.92%,,,,2.21%,,,,,
15-Jul-14,29.69%,2.14%,23.78%,,25.94%,14.94%,,,,2.18%,,,,,
16-Jul-14,29.76%,2.17%,23.79%,,25.87%,14.95%,,,,2.15%,,,,,
17-Jul-14,29.82%,2.19%,23.81%,,25.80%,14.97%,,,,2.11%,,,,,
18-Jul-14,29.88%,2.21%,23.82%,,25.72%,14.99%,,,,2.08%,,,,,
19-Jul-14,29.95%,2.24%,23.84%,,25.65%,15.00%,,,,2.04%,,,,,
20-Jul-14,30.01%,2.26%,23.85%,,25.57%,15.02%,,,,2.01%,,,,,
21-Jul-14,30.08%,2.29%,23.86%,,25.50%,15.04%,,,,1.97%,,,,,
22-Jul-14,30.14%,2.31%,23.88%,,25.42%,15.06%,,,,1.93%,,,,,
23-Jul-14,30.21%,2.34%,23.89%,,25.35%,15.07%,,,,1.90%,,,,,
24-Jul-14,30.27%,2.36%,23.91%,,25.27%,15.09%,,,,1.86%,,,,,
25-Jul-14,30.34%,2.39%,23.92%,,25.19%,15.11%,,,,1.82%,,,,,
26-Jul-14,30.40%,2.42%,23.94%,,25.12%,15.14%,,,,1.78%,,,,,
27-Jul-14,30.46%,2.45%,23.95%,,25.04%,15.16%,,,,1.74%,,,,,
28-Jul-14,30.52%,2.47%,23.96%,,24.96%,15.19%,,,,1.70%,,,,,
29-Jul-14,30.58%,2.50%,23.97%,,24.89%,15.22%,,,,1.66%,,,,,
30-Jul-14,30.60%,2.50%,23.98%,,24.87%,15.21%,,,,1.66%,,,,,
31-Jul-14,30.62%,2.51%,23.98%,,24.86%,15.20%,,,,1.66%,,,,,
01-Aug-14,30.64%,2.51%,23.99%,,24.84%,15.20%,,,,1.65%,,,,,
02-Aug-14,30.65%,2.51%,23.99%,,24.83%,15.19%,,,,1.65%,,,,,
03-Aug-14,30.67%,2.51%,23.99%,,24.81%,15.19%,,,,1.64%,,,,,
04-Aug-14,30.68%,2.51%,24.00%,,24.80%,15.19%,,,,1.64%,,,,,
05-Aug-14,30.70%,2.52%,24.00%,,24.78%,15.18%,,,,1.63%,,,,,
06-Aug-14,30.71%,2.52%,24.00%,,24.77%,15.19%,,,,1.63%,,,,,
07-Aug-14,30.72%,2.52%,24.00%,,24.76%,15.19%,,,,1.62%,,,,,
08-Aug-14,30.72%,2.53%,24.00%,,24.75%,15.19%,,,,1.61%,,,,,
09-Aug-14,30.73%,2.53%,24.00%,,24.74%,15.19%,,,,1.60%,,,,,
10-Aug-14,30.74%,2.53%,24.00%,,24.73%,15.20%,,,,1.60%,,,,,
11-Aug-14,30.75%,2.54%,24.00%,,24.71%,15.20%,,,,1.59%,,,,,
12-Aug-14,30.76%,2.54%,24.00%,,24.70%,15.21%,,,,1.58%,,,,,
13-Aug-14,30.77%,2.55%,24.00%,,24.69%,15.21%,,,,1.57%,,,,,
14-Aug-14,30.78%,2.55%,24.00%,,24.67%,15.22%,,,,1.56%,,,,,
15-Aug-14,30.73%,2.60%,24.03%,,24.70%,15.21%,,,,1.54%,,,,,
16-Aug-14,30.68%,2.65%,24.06%,,24.73%,15.21%,,,,1.51%,,,,,
17-Aug-14,30.63%,2.70%,24.09%,,24.76%,15.21%,,,,1.49%,,,,,
18-Aug-14,30.58%,2.75%,24.13%,,24.80%,15.20%,,,,1.46%,,,,,
19-Aug-14,30.53%,2.80%,24.16%,,24.83%,15.20%,,,,1.44%,,,,,
20-Aug-14,30.48%,2.85%,24.19%,,24.86%,15.20%,,,,1.41%,,,,,
21-Aug-14,30.43%,2.90%,24.22%,,24.89%,15.19%,,,,1.39%,,,,,
22-Aug-14,30.38%,2.95%,24.26%,,24.93%,15.19%,,,,1.36%,,,,,
23-Aug-14,30.33%,3.00%,24.29%,,24.96%,15.19%,,,,1.33%,,,,,
24-Aug-14,30.27%,3.05%,24.32%,,24.99%,15.18%,,,,1.31%,,,,,
25-Aug-14,30.22%,3.10%,24.36%,,25.03%,15.18%,,,,1.28%,,,,,
26-Aug-14,30.16%,3.16%,24.39%,,25.07%,15.17%,,,,1.26%,,,,,
27-Aug-14,30.11%,3.21%,24.42%,,25.11%,15.17%,,,,1.24%,,,,,
28-Aug-14,30.05%,3.26%,24.46%,,25.15%,15.16%,,,,1.21%,,,,,
29-Aug-14,29.99%,3.31%,24.49%,,25.19%,15.16%,,,,1.19%,,,,,
30-Aug-14,29.99%,3.32%,24.50%,,25.19%,15.16%,,,,1.18%,,,,,
31-Aug-14,29.99%,3.33%,24.50%,,25.18%,15.17%,,,,1.18%,,,,,
01-Sep-14,29.98%,3.34%,24.50%,,25.18%,15.17%,,,,1.17%,,,,,
02-Sep-14,29.98%,3.35%,24.51%,,25.18%,15.17%,,,,1.17%,,,,,
03-Sep-14,29.97%,3.35%,24.51%,,25.19%,15.18%,,,,1.16%,,,,,
04-Sep-14,29.97%,3.36%,24.52%,,25.19%,15.18%,,,,1.15%,,,,,
05-Sep-14,29.96%,3.37%,24.52%,,25.19%,15.18%,,,,1.15%,,,,,
06-Sep-14,29.95%,3.38%,24.52%,,25.19%,15.19%,,,,1.15%,,,,,
07-Sep-14,29.95%,3.38%,24.53%,,25.20%,15.19%,,,,1.14%,,,,,
08-Sep-14,29.94%,3.39%,24.53%,,25.20%,15.19%,,,,1.14%,,,,,
09-Sep-14,29.93%,3.40%,24.53%,,25.20%,15.20%,,,,1.13%,,,,,
10-Sep-14,29.92%,3.41%,24.54%,,25.21%,15.20%,,,,1.13%,,,,,
11-Sep-14,29.92%,3.42%,24.54%,,25.21%,15.20%,,,,1.13%,,,,,
12-Sep-14,29.91%,3.42%,24.55%,,25.22%,15.21%,,,,1.12%,,,,,
13-Sep-14,29.90%,3.43%,24.55%,,25.22%,15.21%,,,,1.12%,,,,,
14-Sep-14,29.89%,3.44%,24.56%,,25.22%,15.22%,,,,1.11%,,,,,
15-Sep-14,29.79%,3.41%,24.60%,,25.16%,15.31%,,,,1.17%,,,,,
16-Sep-14,29.69%,3.37%,24.65%,,25.09%,15.40%,,,,1.22%,,,,,
17-Sep-14,29.60%,3.33%,24.70%,,25.03%,15.49%,,,,1.28%,,,,,
18-Sep-14,29.50%,3.29%,24.75%,,24.96%,15.58%,,,,1.34%,,,,,
19-Sep-14,29.40%,3.25%,24.80%,,24.89%,15.67%,,,,1.39%,,,,,
20-Sep-14,29.29%,3.21%,24.85%,,24.82%,15.77%,,,,1.45%,,,,,
21-Sep-14,29.19%,3.17%,24.90%,,24.75%,15.86%,,,,1.51%,,,,,
22-Sep-14,29.09%,3.13%,24.95%,,24.68%,15.96%,,,,1.57%,,,,,
23-Sep-14,28.99%,3.09%,25.01%,,24.61%,16.06%,,,,1.63%,,,,,
24-Sep-14,28.88%,3.05%,25.06%,,24.54%,16.15%,,,,1.69%,,,,,
25-Sep-14,28.78%,3.00%,25.11%,,24.47%,16.25%,,,,1.75%,,,,,
26-Sep-14,28.67%,2.96%,25.16%,,24.40%,16.35%,,,,1.81%,,,,,
27-Sep-14,28.57%,2.92%,25.22%,,24.32%,16.44%,,,,1.87%,,,,,
28-Sep-14,28.47%,2.87%,25.27%,,24.25%,16.54%,,,,1.94%,,,,,
29-Sep-14,28.36%,2.82%,25.32%,,24.18%,16.64%,,,,2.00%,,,,,
30-Sep-14,28.34%,2.82%,25.33%,,24.17%,16.65%,,,,2.01%,,,,,
01-Oct-14,28.33%,2.82%,25.34%,,24.17%,16.66%,,,,2.01%,,,,,
02-Oct-14,28.31%,2.82%,25.35%,,24.16%,16.67%,,,,2.02%,,,,,
03-Oct-14,28.29%,2.82%,25.35%,,24.16%,16.68%,,,,2.03%,,,,,
04-Oct-14,28.28%,2.82%,25.36%,,24.15%,16.69%,,,,2.03%,,,,,
05-Oct-14,28.26%,2.81%,25.37%,,24.15%,16.70%,,,,2.04%,,,,,
06-Oct-14,28.24%,2.81%,25.38%,,24.14%,16.71%,,,,2.04%,,,,,
07-Oct-14,28.23%,2.81%,25.39%,,24.14%,16.72%,,,,2.05%,,,,,
08-Oct-14,28.21%,2.80%,25.39%,,24.14%,16.73%,,,,2.06%,,,,,
09-Oct-14,28.20%,2.80%,25.40%,,24.13%,16.73%,,,,2.07%,,,,,
10-Oct-14,28.18%,2.80%,25.41%,,24.13%,16.74%,,,,2.07%,,,,,
11-Oct-14,28.17%,2.79%,25.42%,,24.13%,16.75%,,,,2.08%,,,,,
12-Oct-14,28.15%,2.79%,25.43%,,24.12%,16.76%,,,,2.09%,,,,,
13-Oct-14,28.13%,2.78%,25.43%,,24.12%,16.77%,,,,2.10%,,,,,
14-Oct-14,28.11%,2.78%,25.44%,,24.11%,16.78%,,,,2.11%,,,,,
15-Oct-14,28.06%,2.78%,25.50%,,23.95%,16.76%,,,,2.14%,,0.06%,,,
16-Oct-14,28.02%,2.78%,25.55%,,23.79%,16.74%,,,,2.18%,,0.12%,,,
17-Oct-14,27.97%,2.79%,25.61%,,23.63%,16.73%,,,,2.21%,,0.19%,,,
18-Oct-14,27.92%,2.79%,25.67%,,23.46%,16.71%,,,,2.25%,,0.25%,,,
19-Oct-14,27.87%,2.80%,25.72%,,23.29%,16.69%,,,,2.29%,,0.31%,,,
20-Oct-14,27.82%,2.80%,25.78%,,23.13%,16.67%,,,,2.32%,,0.38%,,,
21-Oct-14,27.77%,2.80%,25.84%,,22.96%,16.66%,,,,2.36%,,0.44%,,,
22-Oct-14,27.72%,2.81%,25.90%,,22.79%,16.64%,,,,2.39%,,0.51%,,,
23-Oct-14,27.67%,2.81%,25.95%,,22.61%,16.62%,,,,2.43%,,0.57%,,,
24-Oct-14,27.62%,2.81%,26.01%,,22.44%,16.60%,,,,2.47%,,0.64%,,,
25-Oct-14,27.57%,2.82%,26.07%,,22.26%,16.58%,,,,2.50%,,0.71%,,,
26-Oct-14,27.52%,2.82%,26.13%,,22.09%,16.56%,,,,2.54%,,0.77%,,,
27-Oct-14,27.47%,2.83%,26.19%,,21.91%,16.54%,,,,2.57%,,0.84%,,,
28-Oct-14,27.43%,2.83%,26.24%,,21.73%,16.52%,,,,2.61%,,0.91%,,,
29-Oct-14,27.38%,2.84%,26.30%,,21.55%,16.50%,,,,2.64%,,0.98%,,,
30-Oct-14,27.37%,2.83%,26.31%,,21.53%,16.50%,,,,2.65%,,0.99%,,,
31-Oct-14,27.35%,2.83%,26.32%,,21.51%,16.50%,,,,2.66%,,0.99%,,,
01-Nov-14,27.34%,2.83%,26.33%,,21.48%,16.51%,,,,2.67%,,1.00%,,,
02-Nov-14,27.33%,2.82%,26.34%,,21.46%,16.51%,,,,2.68%,,1.01%,,,
03-Nov-14,27.32%,2.82%,26.35%,,21.43%,16.51%,,,,2.69%,,1.02%,,,
04-Nov-14,27.31%,2.82%,26.36%,,21.41%,16.52%,,,,2.69%,,1.02%,,,
05-Nov-14,27.30%,2.81%,26.37%,,21.38%,16.52%,,,,2.70%,,1.03%,,,
06-Nov-14,27.29%,2.81%,26.37%,,21.36%,16.53%,,,,2.71%,,1.04%,,,
07-Nov-14,27.28%,2.81%,26.38%,,21.33%,16.53%,,,,2.72%,,1.05%,,,
08-Nov-14,27.28%,2.80%,26.39%,,21.31%,16.53%,,,,2.72%,,1.05%,,,
09-Nov-14,27.27%,2.80%,26.40%,,21.28%,16.54%,,,,2.73%,,1.06%,,,
10-Nov-14,27.26%,2.79%,26.40%,,21.25%,16.54%,,,,2.74%,,1.07%,,,
11-Nov-14,27.25%,2.79%,26.41%,,21.22%,16.55%,,,,2.75%,,1.08%,,,
12-Nov-14,27.24%,2.79%,26.42%,,21.19%,16.55%,,,,2.76%,,1.09%,,,
13-Nov-14,27.23%,2.78%,26.43%,,21.16%,16.55%,,,,2.77%,,1.09%,,,
14-Nov-14,27.22%,2.78%,26.44%,,21.13%,16.56%,,,,2.78%,,1.10%,,,
15-Nov-14,27.27%,2.75%,26.31%,,21.13%,16.61%,,,,2.82%,,1.14%,,,
16-Nov-14,27.32%,2.72%,26.18%,,21.13%,16.66%,,,,2.87%,,1.17%,,,
17-Nov-14,27.37%,2.69%,26.05%,,21.14%,16.70%,,,,2.91%,,1.21%,,,
18-Nov-14,27.42%,2.67%,25.91%,,21.14%,16.75%,,,,2.96%,,1.24%,,,
19-Nov-14,27.47%,2.64%,25.78%,,21.14%,16.80%,,,,3.00%,,1.28%,,,
20-Nov-14,27.52%,2.61%,25.64%,,21.15%,16.85%,,,,3.05%,,1.32%,,,
21-Nov-14,27.57%,2.58%,25.50%,,21.15%,16.90%,,,,3.10%,,1.35%,,,
22-Nov-14,27.62%,2.55%,25.36%,,21.15%,16.96%,,,,3.14%,,1.39%,,,
23-Nov-14,27.67%,2.52%,25.22%,,21.16%,17.01%,,,,3.19%,,1.43%,,,
24-Nov-14,27.73%,2.49%,25.08%,,21.16%,17.06%,,,,3.24%,,1.46%,,,
25-Nov-14,27.78%,2.46%,24.94%,,21.17%,17.11%,,,,3.29%,,1.50%,,,
26-Nov-14,27.84%,2.43%,24.79%,,21.18%,17.16%,,,,3.33%,,1.53%,,,
27-Nov-14,27.89%,2.41%,24.64%,,21.20%,17.21%,,,,3.38%,,1.57%,,,
28-Nov-14,27.95%,2.38%,24.50%,,21.21%,17.26%,,,,3.42%,,1.61%,,,
29-Nov-14,28.01%,2.35%,24.35%,,21.23%,17.31%,,,,3.47%,,1.64%,,,
30-Nov-14,28.01%,2.35%,24.33%,,21.22%,17.32%,,,,3.48%,,1.65%,,,
01-Dec-14,28.01%,2.34%,24.32%,,21.20%,17.32%,,,,3.49%,,1.66%,,,
02-Dec-14,28.02%,2.34%,24.31%,,21.19%,17.33%,,,,3.49%,,1.67%,,,
03-Dec-14,28.02%,2.34%,24.30%,,21.18%,17.33%,,,,3.50%,,1.68%,,,
04-Dec-14,28.03%,2.33%,24.28%,,21.17%,17.33%,,,,3.51%,,1.68%,,,
05-Dec-14,28.03%,2.33%,24.27%,,21.16%,17.33%,,,,3.51%,,1.69%,,,
06-Dec-14,28.04%,2.33%,24.25%,,21.16%,17.34%,,,,3.52%,,1.70%,,,
07-Dec-14,28.05%,2.33%,24.24%,,21.15%,17.34%,,,,3.52%,,1.71%,,,
08-Dec-14,28.05%,2.33%,24.23%,,21.15%,17.34%,,,,3.53%,,1.72%,,,
09-Dec-14,28.06%,2.33%,24.21%,,21.15%,17.34%,,,,3.53%,,1.72%,,,
10-Dec-14,28.07%,2.33%,24.20%,,21.14%,17.34%,,,,3.53%,,1.73%,,,
11-Dec-14,28.08%,2.33%,24.18%,,21.14%,17.34%,,,,3.54%,,1.74%,,,
12-Dec-14,28.08%,2.33%,24.16%,,21.13%,17.34%,,,,3.54%,,1.75%,,,
13-Dec-14,28.09%,2.33%,24.14%,,21.13%,17.34%,,,,3.55%,,1.76%,,,
14-Dec-14,28.10%,2.33%,24.13%,,21.13%,17.34%,,,,3.55%,,1.76%,,,
15-Dec-14,28.23%,2.32%,24.08%,,21.12%,17.30%,,,,3.51%,,1.75%,,,
16-Dec-14,28.29%,2.34%,24.09%,,21.08%,17.23%,,,,3.47%,,1.72%,,,
17-Dec-14,28.35%,2.36%,24.10%,,21.04%,17.16%,,,,3.42%,,1.70%,,,
18-Dec-14,28.42%,2.38%,24.11%,,21.00%,17.09%,,,,3.38%,,1.67%,,,
19-Dec-14,28.48%,2.40%,24.12%,,20.95%,17.02%,,,,3.34%,,1.65%,,,
20-Dec-14,28.54%,2.42%,24.13%,,20.91%,16.95%,,,,3.29%,,1.62%,,,
21-Dec-14,28.60%,2.44%,24.14%,,20.87%,16.87%,,,,3.25%,,1.60%,,,
22-Dec-14,28.67%,2.46%,24.15%,,20.83%,16.80%,,,,3.20%,,1.57%,,,
23-Dec-14,28.73%,2.48%,24.16%,,20.79%,16.73%,,,,3.16%,,1.54%,,,
24-Dec-14,28.80%,2.50%,24.17%,,20.74%,16.65%,,,,3.11%,,1.52%,,,
25-Dec-14,28.86%,2.52%,24.19%,,20.70%,16.58%,,,,3.07%,,1.49%,,,
26-Dec-14,28.92%,2.55%,24.20%,,20.66%,16.51%,,,,3.02%,,1.46%,,,
27-Dec-14,28.99%,2.57%,24.22%,,20.62%,16.43%,,,,2.98%,,1.43%,,,
28-Dec-14,29.05%,2.59%,24.24%,,20.58%,16.36%,,,,2.93%,,1.40%,,,
29-Dec-14,29.11%,2.61%,24.25%,,20.54%,16.28%,,,,2.88%,,1.37%,,,
30-Dec-14,29.06%,2.64%,24.30%,,20.50%,16.25%,,,,2.88%,,1.36%,,,
31-Dec-14,29.07%,2.64%,24.30%,,20.50%,16.25%,,,,2.88%,,1.36%,,,
01-Jan-15,29.08%,2.64%,24.29%,,20.50%,16.24%,,,,2.88%,,1.36%,,,
02-Jan-15,29.09%,2.64%,24.28%,,20.50%,16.24%,,,,2.87%,,1.36%,,,
03-Jan-15,29.09%,2.64%,24.27%,,20.49%,16.23%,,,,2.87%,,1.36%,,,
04-Jan-15,29.10%,2.64%,24.27%,,20.49%,16.23%,,,,2.87%,,1.36%,,,
05-Jan-15,29.11%,2.64%,24.26%,,20.49%,16.22%,,,,2.87%,,1.35%,,,
06-Jan-15,29.12%,2.64%,24.26%,,20.50%,16.22%,,,,2.87%,,1.35%,,,
07-Jan-15,29.13%,2.64%,24.25%,,20.50%,16.22%,,,,2.86%,,1.35%,,,
08-Jan-15,29.13%,2.64%,24.24%,,20.50%,16.22%,,,,2.86%,,1.34%,,,
09-Jan-15,29.14%,2.64%,24.24%,,20.50%,16.21%,,,,2.86%,,1.34%,,,
10-Jan-15,29.15%,2.64%,24.23%,,20.51%,16.21%,,,,2.86%,,1.34%,,,
11-Jan-15,29.16%,2.64%,24.23%,,20.51%,16.21%,,,,2.85%,,1.33%,,,
12-Jan-15,29.17%,2.64%,24.22%,,20.51%,16.21%,,,,2.85%,,1.33%,,,
13-Jan-15,29.18%,2.64%,24.21%,,20.51%,16.20%,,,,2.85%,,1.33%,,,
14-Jan-15,29.18%,2.64%,24.21%,,20.52%,16.20%,,,,2.84%,,1.32%,,,
15-Jan-15,29.09%,2.70%,24.15%,,20.46%,16.17%,,,,2.82%,,1.49%,,,
16-Jan-15,28.91%,2.80%,24.12%,,20.34%,16.13%,,,,2.76%,,1.68%,,,
17-Jan-15,28.73%,2.89%,24.10%,,20.23%,16.08%,,,,2.70%,,1.88%,,,
18-Jan-15,28.55%,2.99%,24.07%,,20.12%,16.04%,,,,2.64%,,2.08%,,,
19-Jan-15,28.36%,3.08%,24.05%,,20.00%,16.00%,,,,2.58%,,2.28%,,,
20-Jan-15,28.18%,3.18%,24.03%,,19.89%,15.95%,,,,2.52%,,2.48%,,,
21-Jan-15,28.00%,3.28%,24.00%,,19.77%,15.91%,,,,2.46%,,2.69%,,,
22-Jan-15,27.81%,3.38%,23.98%,,19.66%,15.86%,,,,2.40%,,2.89%,,,
23-Jan-15,27.62%,3.48%,23.95%,,19.54%,15.82%,,,,2.34%,,3.10%,,,
24-Jan-15,27.43%,3.58%,23.93%,,19.42%,15.77%,,,,2.28%,,3.31%,,,
25-Jan-15,27.24%,3.68%,23.91%,,19.30%,15.73%,,,,2.21%,,3.52%,,,
26-Jan-15,27.05%,3.78%,23.89%,,19.18%,15.68%,,,,2.15%,,3.73%,,,
27-Jan-15,26.85%,3.88%,23.87%,,19.06%,15.64%,,,,2.09%,,3.94%,,,
28-Jan-15,26.65%,3.98%,23.84%,,18.94%,15.59%,,,,2.03%,,4.15%,,,
29-Jan-15,26.46%,4.08%,23.82%,,18.81%,15.54%,,,,1.96%,,4.36%,,,
30-Jan-15,26.36%,4.13%,23.86%,,18.75%,15.53%,,,,1.92%,,4.41%,,,
31-Jan-15,26.35%,4.14%,23.86%,,18.74%,15.52%,,,,1.91%,,4.43%,,,
01-Feb-15,26.34%,4.14%,23.86%,,18.73%,15.51%,,,,1.91%,,4.44%,,,
02-Feb-15,26.32%,4.15%,23.86%,,18.72%,15.51%,,,,1.90%,,4.46%,,,
03-Feb-15,26.31%,4.16%,23.86%,,18.71%,15.50%,,,,1.89%,,4.47%,,,
04-Feb-15,26.29%,4.17%,23.86%,,18.69%,15.49%,,,,1.88%,,4.49%,,,
05-Feb-15,26.28%,4.18%,23.86%,,18.68%,15.49%,,,,1.88%,,4.50%,,,
06-Feb-15,26.26%,4.19%,23.86%,,18.67%,15.48%,,,,1.87%,,4.52%,,,
07-Feb-15,26.25%,4.20%,23.87%,,18.66%,15.47%,,,,1.86%,,4.54%,,,
08-Feb-15,26.23%,4.21%,23.87%,,18.64%,15.46%,,,,1.85%,,4.55%,,,
09-Feb-15,26.21%,4.22%,23.87%,,18.63%,15.46%,,,,1.85%,,4.57%,,,
10-Feb-15,26.20%,4.23%,23.88%,,18.61%,15.45%,,,,1.84%,,4.59%,,,
11-Feb-15,26.18%,4.24%,23.88%,,18.60%,15.44%,,,,1.83%,,4.60%,,,
12-Feb-15,26.16%,4.25%,23.89%,,18.58%,15.43%,,,,1.82%,,4.62%,,,
13-Feb-15,26.14%,4.27%,23.89%,,18.57%,15.42%,,,,1.81%,,4.64%,,,
14-Feb-15,26.12%,4.28%,23.90%,,18.55%,15.41%,,,,1.80%,,4.66%,,,
15-Feb-15,26.10%,4.29%,23.90%,,18.53%,15.40%,,,,1.79%,,4.68%,,,
16-Feb-15,26.08%,4.31%,23.90%,,18.51%,15.39%,,,,1.78%,,4.71%,,,
17-Feb-15,26.05%,4.32%,23.91%,,18.49%,15.38%,,,,1.77%,,4.73%,,,
18-Feb-15,25.96%,4.44%,23.87%,,18.51%,15.34%,,,,1.77%,,4.85%,,,
19-Feb-15,25.83%,4.57%,23.88%,,18.52%,15.31%,,,,1.74%,,4.97%,,,
20-Feb-15,25.70%,4.69%,23.89%,,18.53%,15.29%,,,,1.71%,,5.08%,,,
21-Feb-15,25.56%,4.82%,23.90%,,18.54%,15.26%,,,,1.68%,,5.20%,,,
22-Feb-15,25.43%,4.94%,23.91%,,18.55%,15.23%,,,,1.66%,,5.32%,,,
23-Feb-15,25.30%,5.07%,23.91%,,18.56%,15.21%,,,,1.63%,,5.44%,,,
24-Feb-15,25.16%,5.20%,23.92%,,18.57%,15.18%,,,,1.60%,,5.56%,,,
25-Feb-15,25.03%,5.32%,23.93%,,18.58%,15.15%,,,,1.57%,,5.68%,,,
26-Feb-15,24.93%,5.45%,23.91%,,18.60%,15.15%,,,,1.52%,,5.85%,,,
27-Feb-15,24.83%,5.57%,23.88%,,18.61%,15.14%,,,,1.47%,,6.03%,,,
28-Feb-15,24.73%,5.69%,23.85%,,18.64%,15.13%,,,,1.43%,,6.21%,,,
01-Mar-15,24.72%,5.87%,23.86%,,18.55%,15.08%,,,,1.37%,,6.42%,,,
02-Mar-15,24.72%,6.05%,23.87%,,18.47%,15.03%,,,,1.32%,,6.63%,,,
03-Mar-15,24.72%,6.22%,23.88%,,18.39%,14.98%,,,,1.27%,,6.84%,,,
04-Mar-15,24.72%,6.40%,23.89%,,18.32%,14.93%,,,,1.23%,,7.05%,,,
05-Mar-15,24.79%,6.46%,23.94%,,18.20%,14.91%,,,,1.17%,,7.16%,,,
06-Mar-15,24.90%,6.53%,23.95%,,18.09%,14.88%,,,,1.14%,,7.27%,,,
07-Mar-15,25.01%,6.60%,23.95%,,17.99%,14.85%,,,,1.11%,,7.39%,,,
08-Mar-15,25.12%,6.66%,23.95%,,17.89%,14.82%,,,,1.08%,,7.50%,,,
09-Mar-15,25.24%,6.73%,23.96%,,17.78%,14.79%,,,,1.05%,,7.61%,,,
10-Mar-15,25.35%,6.79%,23.96%,,17.68%,14.75%,,,,1.02%,,7.72%,,,
11-Mar-15,25.47%,6.85%,23.96%,,17.58%,14.72%,,,,0.99%,,7.84%,,,
12-Mar-15,25.59%,6.92%,23.97%,,17.47%,14.69%,,,,0.96%,,7.95%,,,
13-Mar-15,25.68%,6.98%,24.00%,,17.36%,14.64%,,,,0.95%,,8.00%,,,
14-Mar-15,25.77%,7.05%,24.04%,,17.25%,14.60%,,,,0.94%,,8.06%,,,
15-Mar-15,25.88%,7.13%,24.07%,,17.13%,14.50%,,,,0.94%,,8.15%,,,
16-Mar-15,25.90%,7.16%,24.07%,,17.11%,14.45%,,,,0.94%,,8.20%,,,
17-Mar-15,25.92%,7.19%,24.07%,,17.09%,14.40%,,,,0.93%,,8.26%,,,
18-Mar-15,25.93%,7.22%,24.07%,,17.07%,14.35%,,,,0.93%,,8.32%,,,
19-Mar-15,25.95%,7.26%,24.07%,,17.05%,14.30%,,,,0.93%,,8.37%,,,
20-Mar-15,25.97%,7.29%,24.07%,,17.03%,14.25%,,,,0.92%,,8.43%,,,
21-Mar-15,25.99%,7.32%,24.07%,,17.01%,14.20%,,,,0.92%,,8.49%,,,
22-Mar-15,26.00%,7.35%,24.07%,,16.99%,14.15%,,,,0.92%,,8.55%,,,
23-Mar-15,26.02%,7.38%,24.06%,,16.97%,14.10%,,,,0.91%,,8.61%,,,
24-Mar-15,26.04%,7.42%,24.06%,,16.95%,14.05%,,,,0.91%,,8.67%,,,
25-Mar-15,26.06%,7.45%,24.06%,,16.93%,13.99%,,,,0.91%,,8.73%,,,
26-Mar-15,26.08%,7.48%,24.06%,,16.91%,13.94%,,,,0.90%,,8.79%,,,
27-Mar-15,26.10%,7.52%,24.06%,,16.89%,13.89%,,,,0.90%,,8.85%,,,
28-Mar-15,26.12%,7.55%,24.06%,,16.87%,13.84%,,,,0.90%,,8.91%,,,
29-Mar-15,26.14%,7.58%,24.06%,,16.85%,13.78%,,,,0.90%,,8.97%,,,
30-Mar-15,26.14%,7.59%,24.06%,,16.84%,13.78%,,,,0.89%,,8.99%,,,
31-Mar-15,26.14%,7.61%,24.06%,,16.84%,13.77%,,,,0.89%,,9.01%,,,
01-Apr-15,26.14%,7.62%,24.06%,,16.83%,13.76%,,,,0.89%,,9.02%,,,
02-Apr-15,26.14%,7.63%,24.06%,,16.82%,13.76%,,,,0.88%,,9.04%,,,
03-Apr-15,26.15%,7.64%,24.06%,,16.82%,13.75%,,,,0.88%,,9.05%,,,
04-Apr-15,26.15%,7.65%,24.06%,,16.81%,13.74%,,,,0.88%,,9.07%,,,
05-Apr-15,26.15%,7.66%,24.06%,,16.81%,13.74%,,,,0.88%,,9.08%,,,
06-Apr-15,26.16%,7.67%,24.06%,,16.80%,13.73%,,,,0.87%,,9.09%,,,
07-Apr-15,26.17%,7.67%,24.06%,,16.80%,13.73%,,,,0.87%,,9.10%,,,
08-Apr-15,26.17%,7.68%,24.06%,,16.79%,13.72%,,,,0.87%,,9.11%,,,
09-Apr-15,26.18%,7.69%,24.06%,,16.79%,13.72%,,,,0.87%,,9.11%,,,
10-Apr-15,26.19%,7.69%,24.06%,,16.79%,13.71%,,,,0.87%,,9.12%,,,
11-Apr-15,26.20%,7.70%,24.06%,,16.79%,13.70%,,,,0.87%,,9.13%,,,
12-Apr-15,26.21%,7.70%,24.06%,,16.78%,13.70%,,,,0.87%,,9.13%,,,
13-Apr-15,26.22%,7.71%,24.06%,,16.78%,13.69%,,,,0.87%,,9.14%,,,
14-Apr-15,26.23%,7.72%,24.07%,,16.78%,13.69%,,,,0.87%,,9.15%,,,
15-Apr-15,26.19%,7.72%,24.09%,,16.78%,13.64%,,,,0.86%,,9.19%,,,
16-Apr-15,26.16%,7.72%,24.11%,,16.77%,13.60%,,,,0.85%,,9.22%,,,
17-Apr-15,26.12%,7.72%,24.13%,,16.77%,13.55%,,,,0.84%,,9.26%,,,
18-Apr-15,26.09%,7.72%,24.15%,,16.77%,13.51%,,,,0.83%,,9.30%,,,
19-Apr-15,26.05%,7.71%,24.18%,,16.77%,13.46%,,,,0.82%,,9.34%,,,
20-Apr-15,26.02%,7.71%,24.20%,,16.77%,13.41%,,,,0.81%,,9.38%,,,
21-Apr-15,25.98%,7.71%,24.22%,,16.77%,13.36%,,,,0.79%,,9.42%,,,
22-Apr-15,25.94%,7.71%,24.25%,,16.77%,13.31%,,,,0.78%,,9.46%,,,
23-Apr-15,25.91%,7.71%,24.27%,,16.77%,13.26%,,,,0.77%,,9.50%,,,
24-Apr-15,25.87%,7.72%,24.29%,,16.76%,13.21%,,,,0.76%,,9.54%,,,
25-Apr-15,25.83%,7.72%,24.32%,,16.76%,13.16%,,,,0.75%,,9.58%,,,
26-Apr-15,25.80%,7.72%,24.34%,,16.76%,13.11%,,,,0.74%,,9.63%,,,
27-Apr-15,25.76%,7.72%,24.37%,,16.76%,13.06%,,,,0.73%,,9.67%,,,
28-Apr-15,25.72%,7.71%,24.39%,,16.76%,13.01%,,,,0.72%,,9.71%,,,
29-Apr-15,25.68%,7.71%,24.42%,,16.76%,12.95%,,,,0.71%,,9.76%,,,
30-Apr-15,25.68%,7.72%,24.42%,,16.75%,12.94%,,,,0.70%,,9.77%,,,
01-May-15,25.69%,7.72%,24.43%,,16.75%,12.92%,,,,0.70%,,9.79%,,,
02-May-15,25.69%,7.73%,24.43%,,16.75%,12.91%,,,,0.70%,,9.80%,,,
03-May-15,25.69%,7.73%,24.44%,,16.74%,12.89%,,,,0.70%,,9.82%,,,
04-May-15,25.69%,7.74%,24.44%,,16.74%,12.88%,,,,0.69%,,9.83%,,,
05-May-15,25.69%,7.74%,24.45%,,16.73%,12.86%,,,,0.69%,,9.84%,,,
06-May-15,25.69%,7.74%,24.45%,,16.73%,12.85%,,,,0.69%,,9.86%,,,
07-May-15,25.69%,7.75%,24.46%,,16.72%,12.83%,,,,0.69%,,9.87%,,,
08-May-15,25.69%,7.75%,24.46%,,16.72%,12.81%,,,,0.68%,,9.88%,,,
09-May-15,25.69%,7.75%,24.47%,,16.71%,12.80%,,,,0.68%,,9.90%,,,
10-May-15,25.69%,7.75%,24.47%,,16.71%,12.78%,,,,0.68%,,9.91%,,,
11-May-15,25.69%,7.75%,24.48%,,16.70%,12.77%,,,,0.68%,,9.92%,,,
12-May-15,25.68%,7.75%,24.48%,,16.70%,12.75%,,,,0.67%,,9.93%,,,
13-May-15,25.68%,7.75%,24.49%,,16.69%,12.73%,,,,0.67%,,9.95%,,,
14-May-15,25.68%,7.75%,24.50%,,16.69%,12.71%,,,,0.67%,,9.96%,,,
15-May-15,25.53%,7.75%,24.54%,,16.69%,12.59%,,,,0.72%,,10.15%,,,
16-May-15,25.31%,7.75%,24.65%,,16.64%,12.45%,,,,0.75%,,10.35%,,,
17-May-15,25.09%,7.74%,24.76%,,16.60%,12.30%,,,,0.78%,,10.56%,,,
18-May-15,24.87%,7.74%,24.88%,,16.55%,12.15%,,,,0.81%,,10.77%,,,
19-May-15,24.64%,7.73%,25.00%,,16.50%,12.00%,,,,0.84%,,10.99%,,,
20-May-15,24.41%,7.73%,25.12%,,16.45%,11.84%,,,,0.88%,,11.21%,,,
21-May-15,24.17%,7.72%,25.24%,,16.41%,11.68%,,,,0.91%,,11.43%,,,
22-May-15,23.93%,7.71%,25.37%,,16.36%,11.52%,,,,0.94%,,11.66%,,,
23-May-15,23.69%,7.71%,25.50%,,16.30%,11.36%,,,,0.98%,,11.89%,,,
24-May-15,23.44%,7.70%,25.63%,,16.25%,11.19%,,,,1.01%,,12.12%,,,
25-May-15,23.18%,7.70%,25.76%,,16.20%,11.02%,,,,1.05%,,12.36%,,,
26-May-15,22.92%,7.69%,25.90%,,16.14%,10.85%,,,,1.09%,,12.61%,,,
27-May-15,22.66%,7.69%,26.03%,,16.09%,10.67%,,,,1.12%,,12.86%,,,
28-May-15,22.39%,7.68%,26.18%,,16.03%,10.49%,,,,1.16%,,13.11%,,,
29-May-15,22.11%,7.67%,26.32%,,15.97%,10.31%,,,,1.20%,,13.37%,,,
30-May-15,21.97%,7.66%,26.44%,,15.91%,10.21%,,,,1.19%,,13.47%,,,
31-May-15,21.89%,7.66%,26.48%,,15.89%,10.15%,,,,1.20%,,13.55%,,,
01-Jun-15,21.81%,7.66%,26.53%,,15.87%,10.08%,,,,1.21%,,13.64%,,,
02-Jun-15,21.72%,7.66%,26.57%,,15.85%,10.00%,,,,1.22%,,13.73%,,,
03-Jun-15,21.63%,7.65%,26.62%,,15.83%,9.93%,,,,1.22%,,13.82%,,,
04-Jun-15,21.53%,7.65%,26.67%,,15.81%,9.85%,,,,1.23%,,13.91%,,,
05-Jun-15,21.43%,7.65%,26.73%,,15.80%,9.77%,,,,1.24%,,14.00%,,,
06-Jun-15,21.32%,7.65%,26.78%,,15.78%,9.69%,,,,1.25%,,14.10%,,,
07-Jun-15,21.21%,7.64%,26.84%,,15.76%,9.61%,,,,1.27%,,14.21%,,,
08-Jun-15,21.09%,7.64%,26.89%,,15.75%,9.52%,,,,1.28%,,14.31%,,,
09-Jun-15,20.96%,7.64%,26.95%,,15.74%,9.44%,,,,1.29%,,14.42%,,,
10-Jun-15,20.84%,7.63%,27.01%,,15.73%,9.36%,,,,1.30%,,14.52%,,,
11-Jun-15,20.72%,7.63%,27.06%,,15.72%,9.28%,,,,1.31%,,14.62%,,,
12-Jun-15,20.60%,7.62%,27.11%,,15.71%,9.21%,,,,1.32%,,14.71%,,,
13-Jun-15,20.49%,7.62%,27.16%,,15.70%,9.15%,,,,1.33%,,14.79%,,,
14-Jun-15,20.38%,7.61%,27.21%,,15.70%,9.09%,,,,1.34%,,14.87%,,,
15-Jun-15,20.27%,7.61%,27.25%,,15.69%,9.03%,,,,1.35%,,14.95%,,,
16-Jun-15,20.17%,7.60%,27.29%,,15.69%,8.98%,,,,1.36%,,15.02%,,,
17-Jun-15,20.07%,7.59%,27.33%,,15.68%,8.93%,,,,1.37%,,15.09%,,,
18-Jun-15,19.98%,7.58%,27.37%,,15.68%,8.89%,,,,1.38%,,15.15%,,,
19-Jun-15,19.90%,7.58%,27.41%,,15.68%,8.86%,,,,1.38%,,15.21%,,,
20-Jun-15,19.81%,7.57%,27.44%,,15.67%,8.83%,,,,1.39%,,15.26%,,,
21-Jun-15,19.74%,7.56%,27.47%,,15.67%,8.80%,,,,1.40%,,15.30%,,,
22-Jun-15,19.67%,7.55%,27.50%,,15.67%,8.78%,,,,1.40%,,15.34%,,,
23-Jun-15,19.61%,7.54%,27.53%,,15.66%,8.77%,,,,1.41%,,15.38%,,,
24-Jun-15,19.55%,7.54%,27.55%,,15.66%,8.76%,,,,1.42%,,15.40%,,,
25-Jun-15,19.50%,7.53%,27.57%,,15.65%,8.75%,,,,1.42%,,15.43%,,,
26-Jun-15,19.45%,7.52%,27.60%,,15.65%,8.74%,,,,1.43%,,15.46%,,,
27-Jun-15,19.41%,7.52%,27.62%,,15.64%,8.73%,,,,1.43%,,15.48%,,,
28-Jun-15,19.36%,7.51%,27.64%,,15.64%,8.72%,,,,1.44%,,15.50%,,,
29-Jun-15,19.32%,7.51%,27.66%,,15.63%,8.71%,,,,1.44%,,15.53%,,,
30-Jun-15,19.28%,7.50%,27.67%,,15.63%,8.70%,,,,1.45%,,15.55%,,,
01-Jul-15,19.25%,7.50%,27.69%,,15.62%,8.70%,,,,1.45%,,15.57%,,,
02-Jul-15,19.22%,7.50%,27.71%,,15.62%,8.69%,,,,1.46%,,15.59%,,,
03-Jul-15,19.19%,7.50%,27.72%,,15.61%,8.68%,,,,1.46%,,15.61%,,,
04-Jul-15,19.16%,7.49%,27.73%,,15.61%,8.68%,,,,1.47%,,15.63%,,,
05-Jul-15,19.14%,7.49%,27.75%,,15.60%,8.67%,,,,1.47%,,15.64%,,,
06-Jul-15,19.12%,7.49%,27.76%,,15.59%,8.66%,,,,1.48%,,15.66%,,,
07-Jul-15,19.10%,7.49%,27.76%,,15.59%,8.66%,,,,1.48%,,15.67%,,,
08-Jul-15,19.09%,7.50%,27.77%,,15.58%,8.65%,,,,1.49%,,15.69%,,,
09-Jul-15,19.08%,7.50%,27.78%,,15.58%,8.65%,,,,1.50%,,15.70%,,,
10-Jul-15,19.07%,7.50%,27.79%,,15.57%,8.64%,,,,1.50%,,15.72%,,,
11-Jul-15,19.06%,7.50%,27.79%,,15.56%,8.64%,,,,1.51%,,15.73%,,,
12-Jul-15,19.04%,7.50%,27.80%,,15.56%,8.63%,,,,1.51%,,15.75%,,,
13-Jul-15,19.03%,7.51%,27.81%,,15.55%,8.62%,,,,1.52%,,15.77%,,,
14-Jul-15,19.02%,7.51%,27.82%,,15.54%,8.62%,,,,1.53%,,15.78%,,,
15-Jul-15,18.97%,7.57%,27.76%,,15.56%,8.59%,,,,1.59%,,15.92%,,,
16-Jul-15,18.87%,7.58%,27.72%,,15.61%,8.58%,,,,1.60%,,16.00%,,,
17-Jul-15,18.78%,7.59%,27.67%,,15.67%,8.56%,,,,1.62%,,16.09%,,,
18-Jul-15,18.68%,7.61%,27.63%,,15.73%,8.55%,,,,1.63%,,16.17%,,,
19-Jul-15,18.58%,7.62%,27.59%,,15.78%,8.54%,,,,1.65%,,16.26%,,,
20-Jul-15,18.49%,7.63%,27.55%,,15.84%,8.52%,,,,1.66%,,16.34%,,,
21-Jul-15,18.39%,7.65%,27.50%,,15.90%,8.51%,,,,1.68%,,16.43%,,,
22-Jul-15,18.29%,7.66%,27.46%,,15.96%,8.50%,,,,1.69%,,16.51%,,,
23-Jul-15,18.19%,7.67%,27.41%,,16.02%,8.48%,,,,1.71%,,16.60%,,,
24-Jul-15,18.10%,7.69%,27.37%,,16.08%,8.47%,,,,1.72%,,16.68%,,,
25-Jul-15,18.00%,7.70%,27.32%,,16.14%,8.46%,,,,1.74%,,16.76%,,,
26-Jul-15,17.90%,7.71%,27.27%,,16.21%,8.45%,,,,1.75%,,16.85%,,,
27-Jul-15,17.81%,7.73%,27.22%,,16.27%,8.44%,,,,1.76%,,16.93%,,,
28-Jul-15,17.71%,7.74%,27.17%,,16.34%,8.43%,,,,1.77%,,17.01%,,,
29-Jul-15,17.62%,7.75%,27.12%,,16.40%,8.42%,,,,1.78%,,17.09%,,,
30-Jul-15,17.56%,7.71%,27.14%,,16.45%,8.43%,,,,1.74%,,17.05%,,,
31-Jul-15,17.55%,7.71%,27.14%,,16.46%,8.42%,,,,1.74%,,17.06%,,,
01-Aug-15,17.53%,7.71%,27.13%,,16.46%,8.42%,,,,1.74%,,17.07%,,,
02-Aug-15,17.52%,7.71%,27.13%,,16.47%,8.42%,,,,1.75%,,17.08%,,,
03-Aug-15,17.51%,7.71%,27.13%,,16.47%,8.42%,,,,1.75%,,17.09%,,,
04-Aug-15,17.50%,7.71%,27.12%,,16.48%,8.42%,,,,1.75%,,17.10%,,,
05-Aug-15,17.49%,7.72%,27.12%,,16.49%,8.42%,,,,1.75%,,17.11%,,,
06-Aug-15,17.48%,7.72%,27.11%,,16.49%,8.42%,,,,1.75%,,17.11%,,,
07-Aug-15,17.47%,7.72%,27.11%,,16.50%,8.42%,,,,1.75%,,17.12%,,,
08-Aug-15,17.47%,7.72%,27.10%,,16.51%,8.42%,,,,1.75%,,17.12%,,,
09-Aug-15,17.46%,7.72%,27.09%,,16.52%,8.42%,,,,1.75%,,17.13%,,,
10-Aug-15,17.45%,7.72%,27.09%,,16.53%,8.42%,,,,1.75%,,17.14%,,,
11-Aug-15,17.44%,7.72%,27.08%,,16.54%,8.42%,,,,1.75%,,17.14%,,,
12-Aug-15,17.43%,7.72%,27.07%,,16.55%,8.42%,,,,1.75%,,17.15%,,,
13-Aug-15,17.42%,7.72%,27.06%,,16.56%,8.42%,,,,1.75%,,17.15%,,,
14-Aug-15,17.41%,7.72%,27.05%,,16.57%,8.42%,,,,1.75%,,17.16%,,,
15-Aug-15,17.48%,7.76%,26.99%,,16.56%,8.43%,,,,1.78%,,17.16%,,,
16-Aug-15,17.55%,7.80%,26.92%,,16.55%,8.45%,,,,1.82%,,17.16%,,,
17-Aug-15,17.61%,7.84%,26.86%,,16.54%,8.47%,,,,1.86%,,17.16%,,,
18-Aug-15,17.68%,7.88%,26.79%,,16.53%,8.49%,,,,1.89%,,17.16%,,,
19-Aug-15,17.75%,7.91%,26.72%,,16.52%,8.50%,,,,1.93%,,17.16%,,,
20-Aug-15,17.82%,7.95%,26.65%,,16.51%,8.52%,,,,1.97%,,17.16%,,,
21-Aug-15,17.89%,7.99%,26.58%,,16.50%,8.54%,,,,2.01%,,17.16%,,,
22-Aug-15,17.96%,8.03%,26.51%,,16.49%,8.56%,,,,2.04%,,17.16%,,,
23-Aug-15,18.04%,8.07%,26.44%,,16.49%,8.57%,,,,2.08%,,17.16%,,,
24-Aug-15,18.11%,8.11%,26.37%,,16.48%,8.59%,,,,2.12%,,17.16%,,,
25-Aug-15,18.18%,8.16%,26.30%,,16.47%,8.61%,,,,2.16%,,17.16%,,,
26-Aug-15,18.26%,8.20%,26.23%,,16.45%,8.63%,,,,2.20%,,17.16%,,,
27-Aug-15,18.34%,8.24%,26.16%,,16.44%,8.65%,,,,2.24%,,17.16%,,,
28-Aug-15,18.41%,8.28%,26.09%,,16.43%,8.67%,,,,2.28%,,17.16%,,,
29-Aug-15,18.49%,8.32%,26.02%,,16.42%,8.68%,,,,2.32%,,17.16%,,,
30-Aug-15,18.50%,8.32%,26.01%,,16.42%,8.69%,,,,2.33%,,17.16%,,,
31-Aug-15,18.50%,8.33%,26.00%,,16.42%,8.69%,,,,2.33%,,17.16%,,,
01-Sep-15,18.50%,8.33%,25.99%,,16.43%,8.69%,,,,2.33%,,17.17%,,,
02-Sep-15,18.51%,8.34%,25.98%,,16.43%,8.69%,,,,2.34%,,17.17%,,,
03-Sep-15,18.51%,8.34%,25.97%,,16.43%,8.69%,,,,2.34%,,17.17%,,,
04-Sep-15,18.52%,8.34%,25.97%,,16.43%,8.69%,,,,2.34%,,17.17%,,,
05-Sep-15,18.52%,8.35%,25.96%,,16.43%,8.70%,,,,2.35%,,17.17%,,,
06-Sep-15,18.53%,8.35%,25.96%,,16.43%,8.70%,,,,2.35%,,17.17%,,,
07-Sep-15,18.53%,8.35%,25.95%,,16.43%,8.70%,,,,2.35%,,17.17%,,,
08-Sep-15,18.53%,8.35%,25.95%,,16.43%,8.70%,,,,2.35%,,17.17%,,,
09-Sep-15,18.54%,8.36%,25.94%,,16.43%,8.70%,,,,2.36%,,17.17%,,,
10-Sep-15,18.55%,8.36%,25.94%,,16.43%,8.70%,,,,2.36%,,17.17%,,,
11-Sep-15,18.55%,8.36%,25.94%,,16.43%,8.70%,,,,2.36%,,17.17%,,,
12-Sep-15,18.56%,8.36%,25.93%,,16.42%,8.70%,,,,2.36%,,17.17%,,,
13-Sep-15,18.56%,8.37%,25.93%,,16.42%,8.70%,,,,2.37%,,17.17%,,,
14-Sep-15,18.57%,8.37%,25.93%,,16.42%,8.71%,,,,2.37%,,17.17%,,,
15-Sep-15,18.63%,8.32%,25.99%,,16.39%,8.71%,,,,2.32%,,17.03%,,,
16-Sep-15,18.79%,8.25%,26.00%,,16.40%,8.68%,,,,2.30%,,16.93%,,,
17-Sep-15,18.95%,8.19%,26.00%,,16.41%,8.65%,,,,2.27%,,16.83%,,,
18-Sep-15,19.12%,8.12%,26.00%,,16.42%,8.62%,,,,2.25%,,16.73%,,,
19-Sep-15,19.28%,8.05%,26.00%,,16.44%,8.58%,,,,2.23%,,16.63%,,,
20-Sep-15,19.44%,7.99%,26.00%,,16.45%,8.55%,,,,2.21%,,16.53%,,,
21-Sep-15,19.61%,7.92%,26.01%,,16.46%,8.52%,,,,2.19%,,16.42%,,,
22-Sep-15,19.77%,7.85%,26.01%,,16.47%,8.48%,,,,2.17%,,16.32%,,,
23-Sep-15,19.94%,7.79%,26.01%,,16.49%,8.45%,,,,2.15%,,16.22%,,,
24-Sep-15,20.11%,7.72%,26.01%,,16.50%,8.42%,,,,2.12%,,16.12%,,,
25-Sep-15,20.28%,7.65%,26.02%,,16.51%,8.38%,,,,2.10%,,16.01%,,,
26-Sep-15,20.45%,7.58%,26.02%,,16.53%,8.35%,,,,2.08%,,15.91%,,,
27-Sep-15,20.62%,7.51%,26.02%,,16.54%,8.31%,,,,2.06%,,15.81%,,,
28-Sep-15,20.79%,7.44%,26.03%,,16.55%,8.28%,,,,2.04%,,15.70%,,,
29-Sep-15,20.96%,7.37%,26.03%,,16.57%,8.24%,,,,2.01%,,15.59%,,,
30-Sep-15,21.08%,7.35%,25.96%,,16.61%,8.20%,,,,2.04%,,15.63%,,,
01-Oct-15,21.10%,7.35%,25.96%,,16.61%,8.20%,,,,2.04%,,15.62%,,,
02-Oct-15,21.12%,7.35%,25.96%,,16.61%,8.20%,,,,2.04%,,15.61%,,,
03-Oct-15,21.13%,7.34%,25.95%,,16.61%,8.19%,,,,2.04%,,15.60%,,,
04-Oct-15,21.16%,7.34%,25.95%,,16.61%,8.19%,,,,2.04%,,15.59%,,,
05-Oct-15,21.18%,7.33%,25.95%,,16.61%,8.19%,,,,2.04%,,15.58%,,,
06-Oct-15,21.20%,7.33%,25.94%,,16.61%,8.19%,,,,2.04%,,15.57%,,,
07-Oct-15,21.22%,7.32%,25.94%,,16.61%,8.18%,,,,2.04%,,15.56%,,,
08-Oct-15,21.24%,7.32%,25.94%,,16.61%,8.18%,,,,2.04%,,15.54%,,,
09-Oct-15,21.27%,7.31%,25.93%,,16.61%,8.18%,,,,2.04%,,15.53%,,,
10-Oct-15,21.29%,7.31%,25.93%,,16.61%,8.18%,,,,2.04%,,15.52%,,,
11-Oct-15,21.32%,7.30%,25.93%,,16.61%,8.17%,,,,2.04%,,15.51%,,,
12-Oct-15,21.35%,7.30%,25.92%,,16.61%,8.17%,,,,2.04%,,15.49%,,,
13-Oct-15,21.38%,7.29%,25.92%,,16.61%,8.17%,,,,2.04%,,15.48%,,,
14-Oct-15,21.41%,7.28%,25.91%,,16.61%,8.16%,,,,2.04%,,15.46%,,,
15-Oct-15,21.39%,7.33%,25.93%,,16.56%,8.16%,,,,2.00%,,15.42%,,,
16-Oct-15,21.37%,7.38%,25.95%,,16.51%,8.15%,,,,1.96%,,15.38%,,,
17-Oct-15,21.35%,7.42%,25.97%,,16.46%,8.15%,,,,1.92%,,15.34%,,,
18-Oct-15,21.33%,7.47%,25.98%,,16.41%,8.14%,,,,1.88%,,15.29%,,,
19-Oct-15,21.31%,7.52%,26.00%,,16.35%,8.13%,,,,1.84%,,15.25%,,,
20-Oct-15,21.29%,7.57%,26.02%,,16.30%,8.13%,,,,1.80%,,15.21%,,,
21-Oct-15,21.27%,7.62%,26.04%,,16.25%,8.12%,,,,1.76%,,15.16%,,,
22-Oct-15,21.25%,7.67%,26.06%,,16.19%,8.11%,,,,1.72%,,15.12%,,,
23-Oct-15,21.23%,7.72%,26.08%,,16.14%,8.11%,,,,1.67%,,15.07%,,,
24-Oct-15,21.21%,7.77%,26.09%,,16.08%,8.10%,,,,1.63%,,15.02%,,,
25-Oct-15,21.18%,7.82%,26.11%,,16.02%,8.09%,,,,1.59%,,14.98%,,,
26-Oct-15,21.16%,7.88%,26.13%,,15.97%,8.09%,,,,1.54%,,14.93%,,,
27-Oct-15,21.13%,7.93%,26.16%,,15.91%,8.08%,,,,1.50%,,14.89%,,,
28-Oct-15,21.10%,7.99%,26.18%,,15.85%,8.07%,,,,1.45%,,14.84%,,,
29-Oct-15,21.07%,8.04%,26.20%,,15.80%,8.07%,,,,1.40%,,14.80%,,,
30-Oct-15,21.08%,8.04%,26.20%,,15.79%,8.06%,,,,1.40%,,14.79%,,,
31-Oct-15,21.09%,8.04%,26.20%,,15.78%,8.06%,,,,1.39%,,14.77%,,,
01-Nov-15,21.11%,8.05%,26.20%,,15.77%,8.05%,,,,1.38%,,14.76%,,,
02-Nov-15,21.12%,8.05%,26.21%,,15.77%,8.05%,,,,1.38%,,14.74%,,,
03-Nov-15,21.13%,8.05%,26.21%,,15.76%,8.05%,,,,1.37%,,14.73%,,,
04-Nov-15,21.13%,8.05%,26.21%,,15.75%,8.04%,,,,1.36%,,14.72%,,,
05-Nov-15,21.14%,8.05%,26.22%,,15.75%,8.04%,,,,1.35%,,14.71%,,,
06-Nov-15,21.14%,8.06%,26.22%,,15.74%,8.04%,,,,1.35%,,14.70%,,,
07-Nov-15,21.14%,8.06%,26.23%,,15.74%,8.03%,,,,1.34%,,14.69%,,,
08-Nov-15,21.14%,8.06%,26.23%,,15.73%,8.03%,,,,1.33%,,14.68%,,,
09-Nov-15,21.14%,8.06%,26.24%,,15.73%,8.02%,,,,1.32%,,14.67%,,,
10-Nov-15,21.14%,8.06%,26.24%,,15.72%,8.02%,,,,1.31%,,14.66%,,,
11-Nov-15,21.14%,8.06%,26.25%,,15.72%,8.02%,,,,1.30%,,14.65%,,,
12-Nov-15,21.14%,8.06%,26.26%,,15.71%,8.01%,,,,1.29%,,14.64%,,,
13-Nov-15,21.13%,8.07%,26.26%,,15.71%,8.01%,,,,1.28%,,14.63%,,,
14-Nov-15,21.13%,8.07%,26.27%,,15.70%,8.00%,,,,1.27%,,14.61%,,,
15-Nov-15,21.10%,8.19%,26.18%,,15.71%,7.97%,,,,1.31%,,14.65%,,,
16-Nov-15,21.01%,8.29%,26.22%,,15.66%,7.94%,,,,1.32%,,14.61%,,,
17-Nov-15,20.91%,8.40%,26.26%,,15.62%,7.92%,,,,1.33%,,14.58%,,,
18-Nov-15,20.82%,8.51%,26.30%,,15.58%,7.89%,,,,1.35%,,14.54%,,,
19-Nov-15,20.72%,8.61%,26.34%,,15.54%,7.87%,,,,1.36%,,14.51%,,,
20-Nov-15,20.63%,8.72%,26.38%,,15.50%,7.84%,,,,1.37%,,14.47%,,,
21-Nov-15,20.53%,8.83%,26.42%,,15.46%,7.81%,,,,1.38%,,14.44%,,,
22-Nov-15,20.43%,8.94%,26.46%,,15.41%,7.79%,,,,1.40%,,14.40%,,,
23-Nov-15,20.33%,9.06%,26.50%,,15.37%,7.76%,,,,1.41%,,14.37%,,,
24-Nov-15,20.23%,9.17%,26.54%,,15.33%,7.73%,,,,1.43%,,14.33%,,,
25-Nov-15,20.13%,9.28%,26.58%,,15.29%,7.71%,,,,1.44%,,14.30%,,,
26-Nov-15,20.03%,9.40%,26.62%,,15.24%,7.68%,,,,1.46%,,14.26%,,,
27-Nov-15,19.93%,9.51%,26.66%,,15.20%,7.65%,,,,1.48%,,14.23%,,,
28-Nov-15,19.83%,9.63%,26.69%,,15.16%,7.63%,,,,1.49%,,14.20%,,,
29-Nov-15,19.72%,9.75%,26.73%,,15.12%,7.60%,,,,1.51%,,14.17%,,,
30-Nov-15,19.65%,9.75%,26.87%,,15.06%,7.61%,,,,1.48%,,14.10%,,,
01-Dec-15,19.64%,9.76%,26.88%,,15.06%,7.60%,,,,1.48%,,14.09%,,,
02-Dec-15,19.62%,9.78%,26.88%,,15.05%,7.60%,,,,1.47%,,14.08%,,,
03-Dec-15,19.61%,9.79%,26.89%,,15.04%,7.60%,,,,1.47%,,14.08%,,,
04-Dec-15,19.59%,9.81%,26.90%,,15.03%,7.59%,,,,1.47%,,14.07%,,,
05-Dec-15,19.58%,9.83%,26.90%,,15.02%,7.59%,,,,1.47%,,14.07%,,,
06-Dec-15,19.56%,9.84%,26.91%,,15.01%,7.59%,,,,1.47%,,14.06%,,,
07-Dec-15,19.54%,9.86%,26.91%,,15.01%,7.58%,,,,1.47%,,14.06%,,,
08-Dec-15,19.52%,9.88%,26.92%,,15.00%,7.58%,,,,1.47%,,14.06%,,,
09-Dec-15,19.51%,9.90%,26.92%,,14.99%,7.58%,,,,1.47%,,14.06%,,,
10-Dec-15,19.49%,9.92%,26.93%,,14.98%,7.58%,,,,1.47%,,14.05%,,,
11-Dec-15,19.47%,9.94%,26.93%,,14.97%,7.58%,,,,1.47%,,14.05%,,,
12-Dec-15,19.45%,9.96%,26.94%,,14.96%,7.57%,,,,1.47%,,14.05%,,,
13-Dec-15,19.43%,9.98%,26.94%,,14.95%,7.57%,,,,1.47%,,14.04%,,,
14-Dec-15,19.41%,10.00%,26.95%,,14.94%,7.57%,,,,1.47%,,14.04%,,,
15-Dec-15,19.43%,10.05%,26.90%,,14.96%,7.58%,,,,1.51%,,14.06%,,,
16-Dec-15,19.45%,10.08%,26.84%,,14.96%,7.58%,,,,1.52%,,14.07%,,,
17-Dec-15,19.48%,10.12%,26.78%,,14.96%,7.58%,,,,1.53%,,14.07%,,,
18-Dec-15,19.50%,10.16%,26.72%,,14.96%,7.58%,,,,1.54%,,14.07%,,,
19-Dec-15,19.53%,10.19%,26.65%,,14.96%,7.57%,,,,1.55%,,14.07%,,,
20-Dec-15,19.56%,10.23%,26.59%,,14.96%,7.57%,,,,1.56%,,14.07%,,,
21-Dec-15,19.58%,10.27%,26.52%,,14.96%,7.57%,,,,1.57%,,14.08%,,,
22-Dec-15,19.61%,10.30%,26.45%,,14.96%,7.57%,,,,1.58%,,14.08%,,,
23-Dec-15,19.64%,10.34%,26.39%,,14.96%,7.57%,,,,1.59%,,14.08%,,,
24-Dec-15,19.67%,10.38%,26.32%,,14.96%,7.57%,,,,1.60%,,14.08%,,,
25-Dec-15,19.70%,10.41%,26.25%,,14.96%,7.57%,,,,1.61%,,14.09%,,,
26-Dec-15,19.73%,10.45%,26.18%,,14.97%,7.57%,,,,1.62%,,14.09%,,,
27-Dec-15,19.76%,10.48%,26.11%,,14.97%,7.57%,,,,1.63%,,14.09%,,,
28-Dec-15,19.80%,10.51%,26.04%,,14.97%,7.57%,,,,1.64%,,14.10%,,,
29-Dec-15,19.84%,10.54%,25.97%,,14.98%,7.57%,,,,1.65%,,14.10%,,,
30-Dec-15,19.83%,10.54%,25.95%,,14.96%,7.56%,,,,1.63%,,14.08%,,,
31-Dec-15,19.82%,10.56%,25.95%,,14.95%,7.56%,,,,1.63%,,14.08%,,,
01-Jan-16,19.82%,10.57%,25.94%,,14.95%,7.55%,,,,1.63%,,14.07%,,,
02-Jan-16,19.82%,10.58%,25.94%,,14.95%,7.55%,,,,1.63%,,14.07%,,,
03-Jan-16,19.81%,10.59%,25.94%,,14.94%,7.55%,,,,1.63%,,14.07%,,,
04-Jan-16,19.81%,10.59%,25.93%,,14.94%,7.55%,,,,1.64%,,14.07%,,,
05-Jan-16,19.81%,10.60%,25.93%,,14.94%,7.55%,,,,1.64%,,14.07%,,,
06-Jan-16,19.81%,10.61%,25.92%,,14.94%,7.55%,,,,1.64%,,14.07%,,,
07-Jan-16,19.81%,10.61%,25.92%,,14.94%,7.55%,,,,1.64%,,14.07%,,,
08-Jan-16,19.82%,10.61%,25.91%,,14.95%,7.55%,,,,1.65%,,14.07%,,,
09-Jan-16,19.82%,10.61%,25.91%,,14.95%,7.55%,,,,1.65%,,14.07%,,,
10-Jan-16,19.83%,10.61%,25.90%,,14.95%,7.55%,,,,1.65%,,14.07%,,,
11-Jan-16,19.83%,10.61%,25.90%,,14.95%,7.55%,,,,1.66%,,14.07%,,,
12-Jan-16,19.83%,10.61%,25.89%,,14.96%,7.55%,,,,1.66%,,14.07%,,,
13-Jan-16,19.84%,10.61%,25.89%,,14.96%,7.55%,,,,1.66%,,14.07%,,,
14-Jan-16,19.85%,10.62%,25.88%,,14.96%,7.54%,,,,1.67%,,14.07%,,,
15-Jan-16,19.80%,10.64%,25.88%,,14.93%,7.53%,,,,1.64%,,14.05%,,,
16-Jan-16,19.75%,10.67%,25.87%,,14.90%,7.52%,,,,1.61%,,14.03%,,,
17-Jan-16,19.70%,10.69%,25.87%,,14.86%,7.51%,,,,1.59%,,14.01%,,,
18-Jan-16,19.66%,10.72%,25.87%,,14.83%,7.50%,,,,1.56%,,13.99%,,,
19-Jan-16,19.61%,10.75%,25.86%,,14.79%,7.49%,,,,1.53%,,13.97%,,,
20-Jan-16,19.56%,10.77%,25.86%,,14.76%,7.48%,,,,1.50%,,13.95%,,,
21-Jan-16,19.51%,10.80%,25.86%,,14.73%,7.47%,,,,1.48%,,13.93%,,,
22-Jan-16,19.46%,10.83%,25.85%,,14.69%,7.46%,,,,1.45%,,13.91%,,,
23-Jan-16,19.41%,10.86%,25.85%,,14.66%,7.45%,,,,1.42%,,13.89%,,,
24-Jan-16,19.36%,10.88%,25.84%,,14.62%,7.44%,,,,1.39%,,13.87%,,,
25-Jan-16,19.31%,10.91%,25.84%,,14.59%,7.43%,,,,1.36%,,13.85%,,,
26-Jan-16,19.26%,10.94%,25.84%,,14.55%,7.41%,,,,1.33%,,13.83%,,,
27-Jan-16,19.21%,10.97%,25.83%,,14.51%,7.40%,,,,1.30%,,13.81%,,,
28-Jan-16,19.16%,11.00%,25.83%,,14.47%,7.39%,,,,1.27%,,13.79%,,,
29-Jan-16,19.10%,11.02%,25.83%,,14.44%,7.38%,,,,1.24%,,13.77%,,,
30-Jan-16,19.10%,11.03%,25.82%,,14.43%,7.38%,,,,1.23%,,13.77%,,,
31-Jan-16,19.10%,11.03%,25.82%,,14.43%,7.38%,,,,1.23%,,13.76%,,,
01-Feb-16,19.10%,11.04%,25.81%,,14.43%,7.38%,,,,1.23%,,13.76%,,,
02-Feb-16,19.09%,11.04%,25.80%,,14.42%,7.37%,,,,1.22%,,13.76%,,,
03-Feb-16,19.09%,11.04%,25.80%,,14.42%,7.37%,,,,1.22%,,13.76%,,,
04-Feb-16,19.09%,11.05%,25.79%,,14.42%,7.37%,,,,1.22%,,13.75%,,,
05-Feb-16,19.09%,11.05%,25.79%,,14.41%,7.37%,,,,1.21%,,13.75%,,,
06-Feb-16,19.08%,11.05%,25.78%,,14.41%,7.37%,,,,1.21%,,13.75%,,,
07-Feb-16,19.08%,11.06%,25.77%,,14.40%,7.37%,,,,1.20%,,13.75%,,,
08-Feb-16,19.08%,11.06%,25.77%,,14.40%,7.37%,,,,1.20%,,13.74%,,,
09-Feb-16,19.07%,11.06%,25.76%,,14.39%,7.37%,,,,1.19%,,13.74%,,,
10-Feb-16,19.07%,11.07%,25.76%,,14.38%,7.36%,,,,1.18%,,13.74%,,,
11-Feb-16,19.07%,11.07%,25.75%,,14.38%,7.36%,,,,1.18%,,13.73%,,,
12-Feb-16,19.06%,11.08%,25.74%,,14.37%,7.36%,,,,1.17%,,13.73%,,,
13-Feb-16,19.06%,11.08%,25.73%,,14.37%,7.36%,,,,1.16%,,13.73%,,,
14-Feb-16,19.06%,11.08%,25.72%,,14.36%,7.36%,,,,1.15%,,13.72%,,,
15-Feb-16,19.14%,11.14%,25.61%,,14.40%,7.32%,,,,1.20%,,13.78%,,,
16-Feb-16,19.27%,11.19%,25.57%,,14.40%,7.27%,,,,1.22%,,13.81%,,,
17-Feb-16,19.39%,11.23%,25.53%,,14.39%,7.21%,,,,1.24%,,13.83%,,,
18-Feb-16,19.52%,11.28%,25.50%,,14.39%,7.16%,,,,1.26%,,13.85%,,,
19-Feb-16,19.65%,11.33%,25.46%,,14.38%,7.10%,,,,1.27%,,13.87%,,,
20-Feb-16,19.78%,11.37%,25.42%,,14.37%,7.05%,,,,1.29%,,13.89%,,,
21-Feb-16,19.92%,11.42%,25.38%,,14.37%,6.99%,,,,1.31%,,13.92%,,,
22-Feb-16,20.05%,11.47%,25.34%,,14.36%,6.93%,,,,1.33%,,13.94%,,,
23-Feb-16,20.19%,11.52%,25.30%,,14.36%,6.88%,,,,1.35%,,13.96%,,,
24-Feb-16,20.33%,11.56%,25.26%,,14.35%,6.82%,,,,1.37%,,13.99%,,,
25-Feb-16,20.47%,11.61%,25.22%,,14.35%,6.76%,,,,1.40%,,14.01%,,,
26-Feb-16,20.61%,11.66%,25.18%,,14.35%,6.70%,,,,1.42%,,14.04%,,,
27-Feb-16,20.75%,11.71%,25.15%,,14.34%,6.64%,,,,1.44%,,14.06%,,,
28-Feb-16,20.89%,11.76%,25.11%,,14.34%,6.58%,,,,1.46%,,14.09%,,,
29-Feb-16,21.03%,11.81%,25.07%,,14.34%,6.53%,,,,1.49%,,14.11%,,,
01-Mar-16,21.09%,11.80%,25.14%,,14.29%,6.51%,,,,1.46%,,14.07%,,,
02-Mar-16,21.10%,11.81%,25.13%,,14.28%,6.50%,,,,1.46%,,14.07%,,,
03-Mar-16,21.11%,11.82%,25.13%,,14.28%,6.49%,,,,1.46%,,14.07%,,,
04-Mar-16,21.13%,11.83%,25.12%,,14.27%,6.48%,,,,1.45%,,14.08%,,,
05-Mar-16,21.14%,11.84%,25.12%,,14.27%,6.47%,,,,1.45%,,14.08%,,,
06-Mar-16,21.15%,11.84%,25.11%,,14.27%,6.46%,,,,1.45%,,14.08%,,,
07-Mar-16,21.16%,11.85%,25.11%,,14.26%,6.46%,,,,1.45%,,14.08%,,,
08-Mar-16,21.17%,11.86%,25.11%,,14.26%,6.45%,,,,1.45%,,14.08%,,,
09-Mar-16,21.18%,11.87%,25.11%,,14.25%,6.44%,,,,1.45%,,14.08%,,,
10-Mar-16,21.19%,11.87%,25.11%,,14.25%,6.43%,,,,1.45%,,14.08%,,,
11-Mar-16,21.20%,11.88%,25.10%,,14.25%,6.43%,,,,1.45%,,14.08%,,,
12-Mar-16,21.21%,11.89%,25.10%,,14.24%,6.42%,,,,1.45%,,14.08%,,,
13-Mar-16,21.22%,11.90%,25.10%,,14.24%,6.41%,,,,1.45%,,14.08%,,,
14-Mar-16,21.23%,11.91%,25.10%,,14.23%,6.40%,,,,1.45%,,14.09%,,,
15-Mar-16,21.28%,11.97%,25.10%,,14.22%,6.38%,,,,1.47%,,14.11%,,,
16-Mar-16,21.35%,12.03%,25.10%,,14.20%,6.36%,,,,1.46%,,14.10%,,,
17-Mar-16,21.42%,12.09%,25.09%,,14.17%,6.34%,,,,1.45%,,14.09%,,,
18-Mar-16,21.48%,12.16%,25.09%,,14.15%,6.32%,,,,1.44%,,14.08%,,,
19-Mar-16,21.55%,12.22%,25.09%,,14.12%,6.30%,,,,1.43%,,14.07%,,,
20-Mar-16,21.62%,12.29%,25.08%,,14.09%,6.28%,,,,1.42%,,14.05%,,,
21-Mar-16,21.69%,12.35%,25.08%,,14.07%,6.26%,,,,1.41%,,14.04%,,,
22-Mar-16,21.76%,12.42%,25.07%,,14.04%,6.24%,,,,1.40%,,14.03%,,,
23-Mar-16,21.83%,12.49%,25.07%,,14.01%,6.22%,,,,1.39%,,14.02%,,,
24-Mar-16,21.91%,12.55%,25.07%,,13.99%,6.20%,,,,1.38%,,14.01%,,,
25-Mar-16,21.98%,12.62%,25.06%,,13.96%,6.18%,,,,1.37%,,14.00%,,,
26-Mar-16,22.05%,12.69%,25.06%,,13.94%,6.16%,,,,1.36%,,13.99%,,,
27-Mar-16,22.12%,12.75%,25.05%,,13.91%,6.14%,,,,1.35%,,13.98%,,,
28-Mar-16,22.19%,12.82%,25.05%,,13.88%,6.12%,,,,1.34%,,13.96%,,,
29-Mar-16,22.26%,12.88%,25.04%,,13.86%,6.11%,,,,1.33%,,13.95%,,,
30-Mar-16,22.29%,12.90%,25.04%,,13.84%,6.10%,,,,1.30%,,13.92%,,,
31-Mar-16,22.30%,12.91%,25.04%,,13.84%,6.09%,,,,1.30%,,13.92%,,,
01-Apr-16,22.32%,12.92%,25.04%,,13.83%,6.09%,,,,1.30%,,13.92%,,,
02-Apr-16,22.33%,12.92%,25.04%,,13.83%,6.08%,,,,1.30%,,13.92%,,,
03-Apr-16,22.34%,12.93%,25.04%,,13.83%,6.08%,,,,1.30%,,13.92%,,,
04-Apr-16,22.35%,12.94%,25.04%,,13.83%,6.07%,,,,1.30%,,13.92%,,,
05-Apr-16,22.37%,12.95%,25.04%,,13.83%,6.07%,,,,1.31%,,13.92%,,,
06-Apr-16,22.38%,12.95%,25.03%,,13.82%,6.07%,,,,1.31%,,13.92%,,,
07-Apr-16,22.39%,12.96%,25.03%,,13.82%,6.07%,,,,1.31%,,13.92%,,,
08-Apr-16,22.40%,12.96%,25.03%,,13.82%,6.06%,,,,1.31%,,13.92%,,,
09-Apr-16,22.41%,12.96%,25.03%,,13.83%,6.06%,,,,1.31%,,13.92%,,,
10-Apr-16,22.42%,12.97%,25.03%,,13.83%,6.06%,,,,1.31%,,13.92%,,,
11-Apr-16,22.44%,12.97%,25.03%,,13.83%,6.06%,,,,1.32%,,13.92%,,,
12-Apr-16,22.45%,12.98%,25.03%,,13.83%,6.06%,,,,1.32%,,13.92%,,,
13-Apr-16,22.46%,12.98%,25.02%,,13.83%,6.05%,,,,1.32%,,13.93%,,,
14-Apr-16,22.48%,12.99%,25.02%,,13.83%,6.05%,,,,1.32%,,13.93%,,,
15-Apr-16,22.46%,13.01%,25.02%,,13.81%,6.07%,,,,1.30%,,13.89%,,,
16-Apr-16,22.46%,13.02%,24.96%,,13.84%,6.10%,,,,1.30%,,13.89%,,,
17-Apr-16,22.46%,13.04%,24.90%,,13.87%,6.12%,,,,1.29%,,13.88%,,,
18-Apr-16,22.46%,13.06%,24.85%,,13.90%,6.15%,,,,1.29%,,13.88%,,,
19-Apr-16,22.46%,13.08%,24.79%,,13.93%,6.18%,,,,1.29%,,13.88%,,,
20-Apr-16,22.46%,13.09%,24.73%,,13.96%,6.21%,,,,1.28%,,13.87%,,,
21-Apr-16,22.46%,13.11%,24.67%,,14.00%,6.24%,,,,1.28%,,13.87%,,,
22-Apr-16,22.46%,13.13%,24.61%,,14.03%,6.27%,,,,1.28%,,13.86%,,,
23-Apr-16,22.46%,13.14%,24.55%,,14.06%,6.30%,,,,1.27%,,13.86%,,,
24-Apr-16,22.46%,13.16%,24.49%,,14.09%,6.33%,,,,1.27%,,13.85%,,,
25-Apr-16,22.46%,13.18%,24.42%,,14.12%,6.36%,,,,1.27%,,13.85%,,,
26-Apr-16,22.46%,13.20%,24.36%,,14.15%,6.39%,,,,1.26%,,13.84%,,,
27-Apr-16,22.46%,13.21%,24.30%,,14.19%,6.42%,,,,1.26%,,13.84%,,,
28-Apr-16,22.45%,13.23%,24.24%,,14.22%,6.45%,,,,1.25%,,13.83%,,,
29-Apr-16,22.44%,13.25%,24.18%,,14.25%,6.48%,,,,1.25%,,13.83%,,,
30-Apr-16,22.47%,13.24%,24.12%,,14.30%,6.50%,,,,1.27%,,13.86%,,,
01-May-16,22.47%,13.25%,24.11%,,14.30%,6.50%,,,,1.27%,,13.86%,,,
02-May-16,22.48%,13.25%,24.10%,,14.30%,6.50%,,,,1.27%,,13.86%,,,
03-May-16,22.48%,13.26%,24.10%,,14.30%,6.51%,,,,1.27%,,13.85%,,,
04-May-16,22.48%,13.26%,24.09%,,14.31%,6.51%,,,,1.27%,,13.85%,,,
05-May-16,22.48%,13.27%,24.09%,,14.31%,6.51%,,,,1.26%,,13.85%,,,
06-May-16,22.49%,13.27%,24.08%,,14.31%,6.52%,,,,1.26%,,13.85%,,,
07-May-16,22.49%,13.28%,24.07%,,14.31%,6.52%,,,,1.26%,,13.85%,,,
08-May-16,22.49%,13.28%,24.07%,,14.31%,6.52%,,,,1.26%,,13.85%,,,
09-May-16,22.49%,13.28%,24.06%,,14.31%,6.53%,,,,1.26%,,13.84%,,,
10-May-16,22.49%,13.29%,24.06%,,14.32%,6.53%,,,,1.26%,,13.84%,,,
11-May-16,22.48%,13.29%,24.05%,,14.32%,6.53%,,,,1.25%,,13.84%,,,
12-May-16,22.48%,13.30%,24.04%,,14.32%,6.54%,,,,1.25%,,13.84%,,,
13-May-16,22.48%,13.30%,24.04%,,14.32%,6.54%,,,,1.25%,,13.83%,,,
14-May-16,22.48%,13.31%,24.03%,,14.32%,6.55%,,,,1.25%,,13.83%,,,
15-May-16,22.46%,13.32%,24.00%,,14.29%,6.51%,,,,1.22%,,13.78%,,,
16-May-16,22.43%,13.34%,23.98%,,14.25%,6.47%,,,,1.20%,,13.73%,,,
17-May-16,22.40%,13.36%,23.96%,,14.21%,6.43%,,,,1.17%,,13.68%,,,
18-May-16,22.38%,13.37%,23.93%,,14.17%,6.39%,,,,1.15%,,13.63%,,,
19-May-16,22.35%,13.39%,23.91%,,14.13%,6.34%,,,,1.12%,,13.57%,,,
20-May-16,22.32%,13.41%,23.88%,,14.09%,6.30%,,,,1.10%,,13.52%,,,
21-May-16,22.29%,13.43%,23.85%,,14.05%,6.26%,,,,1.07%,,13.47%,,,
22-May-16,22.26%,13.45%,23.83%,,14.01%,6.22%,,,,1.05%,,13.41%,,,
23-May-16,22.23%,13.46%,23.80%,,13.97%,6.18%,,,,1.02%,,13.35%,,,
24-May-16,22.21%,13.48%,23.77%,,13.92%,6.13%,,,,1.00%,,13.30%,,,
25-May-16,22.18%,13.50%,23.75%,,13.88%,6.09%,,,,0.97%,,13.24%,,,
26-May-16,22.15%,13.52%,23.72%,,13.84%,6.04%,,,,0.94%,,13.18%,,,
27-May-16,22.11%,13.54%,23.69%,,13.79%,6.00%,,,,0.91%,,13.12%,,,
28-May-16,22.08%,13.56%,23.66%,,13.75%,5.95%,,,,0.89%,,13.06%,,,
29-May-16,22.05%,13.58%,23.63%,,13.71%,5.90%,,,,0.86%,,13.01%,,,
30-May-16,22.05%,13.59%,23.62%,,13.70%,5.90%,,,,0.85%,,12.99%,,,
31-May-16,22.04%,13.59%,23.60%,,13.70%,5.90%,,,,0.85%,,12.98%,,,
01-Jun-16,22.03%,13.60%,23.59%,,13.69%,5.89%,,,,0.84%,,12.97%,,,
02-Jun-16,22.03%,13.60%,23.58%,,13.69%,5.89%,,,,0.84%,,12.96%,,,
03-Jun-16,22.02%,13.61%,23.57%,,13.69%,5.89%,,,,0.83%,,12.95%,,,
04-Jun-16,22.01%,13.61%,23.56%,,13.68%,5.88%,,,,0.83%,,12.94%,,,
05-Jun-16,22.00%,13.62%,23.55%,,13.68%,5.88%,,,,0.82%,,12.93%,,,
06-Jun-16,22.00%,13.62%,23.53%,,13.68%,5.87%,,,,0.82%,,12.92%,,,
07-Jun-16,21.99%,13.62%,23.52%,,13.67%,5.87%,,,,0.81%,,12.91%,,,
08-Jun-16,21.98%,13.63%,23.51%,,13.67%,5.86%,,,,0.81%,,12.90%,,,
09-Jun-16,21.97%,13.63%,23.50%,,13.67%,5.86%,,,,0.81%,,12.89%,,,
10-Jun-16,21.96%,13.63%,23.49%,,13.66%,5.85%,,,,0.80%,,12.89%,,,
11-Jun-16,21.96%,13.63%,23.48%,,13.66%,5.85%,,,,0.80%,,12.88%,,,
12-Jun-16,21.95%,13.63%,23.47%,,13.66%,5.84%,,,,0.79%,,12.87%,,,
13-Jun-16,21.94%,13.63%,23.46%,,13.65%,5.84%,,,,0.79%,,12.85%,,,
14-Jun-16,21.93%,13.63%,23.45%,,13.65%,5.83%,,,,0.78%,,12.84%,,,
15-Jun-16,21.88%,13.62%,23.54%,,13.56%,5.85%,,,,0.81%,,12.81%,,,
16-Jun-16,21.95%,13.62%,23.55%,,13.58%,5.87%,,,,0.87%,,12.75%,,,
17-Jun-16,22.03%,13.62%,23.56%,,13.59%,5.89%,,,,0.94%,,12.69%,,,
18-Jun-16,22.11%,13.62%,23.57%,,13.61%,5.91%,,,,1.01%,,12.62%,,,
19-Jun-16,22.19%,13.62%,23.58%,,13.63%,5.93%,,,,1.08%,,12.56%,,,
20-Jun-16,22.27%,13.61%,23.58%,,13.64%,5.95%,,,,1.15%,,12.50%,,,
21-Jun-16,22.36%,13.61%,23.59%,,13.66%,5.97%,,,,1.21%,,12.43%,,,
22-Jun-16,22.44%,13.61%,23.60%,,13.68%,5.99%,,,,1.29%,,12.37%,,,
23-Jun-16,22.52%,13.61%,23.61%,,13.70%,6.01%,,,,1.36%,,12.30%,,,
24-Jun-16,22.61%,13.61%,23.62%,,13.71%,6.03%,,,,1.43%,,12.23%,,,
25-Jun-16,22.70%,13.61%,23.63%,,13.73%,6.05%,,,,1.50%,,12.17%,,,
26-Jun-16,22.79%,13.61%,23.65%,,13.75%,6.07%,,,,1.58%,,12.10%,,,
27-Jun-16,22.88%,13.61%,23.66%,,13.77%,6.09%,,,,1.65%,,12.04%,,,
28-Jun-16,22.97%,13.61%,23.67%,,13.79%,6.11%,,,,1.73%,,11.97%,,,
29-Jun-16,23.06%,13.61%,23.69%,,13.81%,6.13%,,,,1.80%,,11.91%,,,
30-Jun-16,23.20%,13.62%,23.60%,,13.91%,6.13%,,,,1.85%,,11.86%,,,
01-Jul-16,23.20%,13.62%,23.60%,,13.91%,6.13%,,,,1.86%,,11.85%,,,
02-Jul-16,23.21%,13.62%,23.60%,,13.91%,6.12%,,,,1.86%,,11.84%,,,
03-Jul-16,23.22%,13.62%,23.59%,,13.91%,6.12%,,,,1.87%,,11.82%,,,
04-Jul-16,23.23%,13.62%,23.59%,,13.90%,6.12%,,,,1.88%,,11.81%,,,
05-Jul-16,23.24%,13.62%,23.59%,,13.90%,6.12%,,,,1.89%,,11.80%,,,
06-Jul-16,23.24%,13.62%,23.60%,,13.90%,6.12%,,,,1.89%,,11.79%,,,
07-Jul-16,23.25%,13.62%,23.60%,,13.90%,6.11%,,,,1.90%,,11.78%,,,
08-Jul-16,23.26%,13.63%,23.60%,,13.90%,6.11%,,,,1.91%,,11.77%,,,
09-Jul-16,23.27%,13.63%,23.60%,,13.89%,6.11%,,,,1.91%,,11.76%,,,
10-Jul-16,23.28%,13.63%,23.60%,,13.89%,6.11%,,,,1.92%,,11.75%,,,
11-Jul-16,23.29%,13.63%,23.61%,,13.89%,6.10%,,,,1.93%,,11.74%,,,
12-Jul-16,23.30%,13.63%,23.61%,,13.89%,6.10%,,,,1.93%,,11.73%,,,
13-Jul-16,23.31%,13.63%,23.61%,,13.88%,6.10%,,,,1.94%,,11.71%,,,
14-Jul-16,23.32%,13.63%,23.62%,,13.88%,6.09%,,,,1.95%,,11.70%,,,
15-Jul-16,23.33%,13.63%,23.62%,,13.88%,6.09%,,,,1.96%,,11.69%,,,
16-Jul-16,23.35%,13.63%,23.62%,,13.87%,6.09%,,,,1.97%,,11.67%,,,
17-Jul-16,23.36%,13.63%,23.63%,,13.87%,6.08%,,,,1.98%,,11.66%,,,
18-Jul-16,23.37%,13.63%,23.63%,,13.87%,6.08%,,,,1.99%,,11.64%,,,
19-Jul-16,23.39%,13.64%,23.63%,,13.86%,6.08%,,,,2.00%,,11.63%,,,
20-Jul-16,23.40%,13.64%,23.64%,,13.86%,6.07%,,,,2.01%,,11.61%,,,
21-Jul-16,23.42%,13.64%,23.64%,,13.86%,6.07%,,,,2.02%,,11.59%,,,
22-Jul-16,23.43%,13.64%,23.65%,,13.85%,6.06%,,,,2.03%,,11.57%,,,
23-Jul-16,23.45%,13.64%,23.65%,,13.85%,6.06%,,,,2.04%,,11.55%,,,
24-Jul-16,23.47%,13.64%,23.66%,,13.84%,6.05%,,,,2.05%,,11.53%,,,
25-Jul-16,23.49%,13.64%,23.66%,,13.84%,6.05%,,,,2.07%,,11.51%,,,
26-Jul-16,23.51%,13.65%,23.67%,,13.83%,6.04%,,,,2.08%,,11.49%,,,
27-Jul-16,23.52%,13.65%,23.67%,,13.83%,6.04%,,,,2.09%,,11.47%,,,
28-Jul-16,23.54%,13.65%,23.68%,,13.82%,6.04%,,,,2.10%,,11.45%,,,
29-Jul-16,23.56%,13.65%,23.69%,,13.82%,6.04%,,,,2.12%,,11.44%,,,
30-Jul-16,23.57%,13.65%,23.69%,,13.82%,6.03%,,,,2.13%,,11.42%,,,
31-Jul-16,23.59%,13.65%,23.70%,,13.82%,6.03%,,,,2.14%,,11.41%,,,
01-Aug-16,23.61%,13.65%,23.70%,,13.82%,6.03%,,,,2.15%,,11.39%,,,
02-Aug-16,23.62%,13.65%,23.71%,,13.82%,6.03%,,,,2.16%,,11.38%,,,
03-Aug-16,23.64%,13.65%,23.71%,,13.82%,6.04%,,,,2.17%,,11.37%,,,
04-Aug-16,23.65%,13.65%,23.71%,,13.82%,6.04%,,,,2.18%,,11.36%,,,
05-Aug-16,23.66%,13.65%,23.72%,,13.83%,6.04%,,,,2.19%,,11.36%,,,
06-Aug-16,23.68%,13.65%,23.72%,,13.83%,6.05%,,,,2.20%,,11.35%,,,
07-Aug-16,23.69%,13.65%,23.73%,,13.84%,6.06%,,,,2.21%,,11.35%,,,
08-Aug-16,23.70%,13.65%,23.73%,,13.84%,6.06%,,,,2.22%,,11.35%,,,
09-Aug-16,23.71%,13.65%,23.73%,,13.85%,6.07%,,,,2.23%,,11.35%,,,
10-Aug-16,23.72%,13.65%,23.73%,,13.86%,6.08%,,,,2.24%,,11.35%,,,
11-Aug-16,23.73%,13.65%,23.74%,,13.87%,6.09%,,,,2.25%,,11.35%,,,
12-Aug-16,23.75%,13.65%,23.74%,,13.88%,6.10%,,,,2.26%,,11.35%,,,
13-Aug-16,23.76%,13.64%,23.74%,,13.89%,6.11%,,,,2.27%,,11.36%,,,
14-Aug-16,23.78%,13.64%,23.75%,,13.90%,6.12%,,,,2.28%,,11.36%,,,
15-Aug-16,23.76%,13.62%,23.76%,,13.94%,6.09%,,,,2.22%,,11.32%,,,
16-Aug-16,23.87%,13.59%,23.74%,,14.00%,6.13%,,,,2.20%,,11.22%,,,
17-Aug-16,23.99%,13.56%,23.73%,,14.06%,6.16%,,,,2.18%,,11.13%,,,
18-Aug-16,24.10%,13.53%,23.71%,,14.11%,6.20%,,,,2.17%,,11.04%,,,
19-Aug-16,24.21%,13.49%,23.70%,,14.17%,6.24%,,,,2.15%,,10.95%,,,
20-Aug-16,24.32%,13.46%,23.68%,,14.23%,6.28%,,,,2.13%,,10.85%,,,
21-Aug-16,24.44%,13.43%,23.67%,,14.29%,6.31%,,,,2.11%,,10.76%,,,
22-Aug-16,24.55%,13.40%,23.65%,,14.35%,6.35%,,,,2.09%,,10.66%,,,
23-Aug-16,24.66%,13.36%,23.64%,,14.41%,6.39%,,,,2.07%,,10.57%,,,
24-Aug-16,24.78%,13.33%,23.62%,,14.47%,6.42%,,,,2.05%,,10.47%,,,
25-Aug-16,24.89%,13.30%,23.61%,,14.53%,6.46%,,,,2.02%,,10.37%,,,
26-Aug-16,25.00%,13.27%,23.59%,,14.58%,6.49%,,,,2.00%,,10.28%,,,
27-Aug-16,25.12%,13.23%,23.57%,,14.64%,6.53%,,,,1.97%,,10.18%,,,
28-Aug-16,25.23%,13.20%,23.56%,,14.70%,6.56%,,,,1.95%,,10.08%,,,
29-Aug-16,25.34%,13.17%,23.54%,,14.75%,6.59%,,,,1.92%,,9.98%,,,
30-Aug-16,25.48%,13.16%,23.51%,,14.77%,6.66%,,,,1.97%,,9.92%,,,
31-Aug-16,25.49%,13.15%,23.51%,,14.78%,6.67%,,,,1.97%,,9.91%,,,
01-Sep-16,25.51%,13.15%,23.51%,,14.79%,6.67%,,,,1.97%,,9.90%,,,
02-Sep-16,25.52%,13.15%,23.51%,,14.80%,6.68%,,,,1.97%,,9.89%,,,
03-Sep-16,25.53%,13.14%,23.51%,,14.80%,6.68%,,,,1.96%,,9.88%,,,
04-Sep-16,25.54%,13.14%,23.50%,,14.81%,6.69%,,,,1.96%,,9.87%,,,
05-Sep-16,25.55%,13.14%,23.50%,,14.81%,6.69%,,,,1.96%,,9.86%,,,
06-Sep-16,25.56%,13.13%,23.50%,,14.82%,6.69%,,,,1.96%,,9.85%,,,
07-Sep-16,25.57%,13.13%,23.50%,,14.82%,6.69%,,,,1.95%,,9.84%,,,
08-Sep-16,25.58%,13.13%,23.49%,,14.83%,6.69%,,,,1.95%,,9.83%,,,
09-Sep-16,25.60%,13.12%,23.49%,,14.84%,6.70%,,,,1.94%,,9.82%,,,
10-Sep-16,25.61%,13.12%,23.49%,,14.84%,6.70%,,,,1.94%,,9.81%,,,
11-Sep-16,25.62%,13.12%,23.48%,,14.85%,6.70%,,,,1.93%,,9.79%,,,
12-Sep-16,25.63%,13.11%,23.48%,,14.85%,6.70%,,,,1.93%,,9.78%,,,
13-Sep-16,25.64%,13.11%,23.48%,,14.86%,6.71%,,,,1.92%,,9.77%,,,
14-Sep-16,25.66%,13.10%,23.47%,,14.87%,6.71%,,,,1.92%,,9.75%,,,
15-Sep-16,25.65%,13.03%,23.53%,,14.80%,6.72%,,,,1.87%,,9.72%,,,
16-Sep-16,25.57%,12.98%,23.49%,,14.86%,6.77%,,,,1.88%,,9.75%,,,
17-Sep-16,25.49%,12.92%,23.45%,,14.91%,6.83%,,,,1.90%,,9.78%,,,
18-Sep-16,25.40%,12.87%,23.40%,,14.96%,6.89%,,,,1.91%,,9.81%,,,
19-Sep-16,25.32%,12.82%,23.36%,,15.02%,6.95%,,,,1.92%,,9.84%,,,
20-Sep-16,25.23%,12.76%,23.32%,,15.07%,7.01%,,,,1.94%,,9.87%,,,
21-Sep-16,25.14%,12.71%,23.28%,,15.12%,7.07%,,,,1.95%,,9.90%,,,
22-Sep-16,25.06%,12.65%,23.24%,,15.18%,7.13%,,,,1.96%,,9.94%,,,
23-Sep-16,24.97%,12.60%,23.19%,,15.23%,7.19%,,,,1.98%,,9.97%,,,
24-Sep-16,24.88%,12.54%,23.15%,,15.29%,7.25%,,,,1.99%,,10.00%,,,
25-Sep-16,24.78%,12.48%,23.11%,,15.34%,7.31%,,,,2.01%,,10.04%,,,
26-Sep-16,24.69%,12.43%,23.07%,,15.39%,7.37%,,,,2.02%,,10.07%,,,
27-Sep-16,24.60%,12.37%,23.03%,,15.45%,7.43%,,,,2.04%,,10.11%,,,
28-Sep-16,24.50%,12.32%,22.98%,,15.50%,7.49%,,,,2.06%,,10.15%,,,
29-Sep-16,24.40%,12.26%,22.94%,,15.55%,7.55%,,,,2.08%,,10.19%,,,
30-Sep-16,24.32%,12.28%,22.84%,,15.67%,7.60%,,,,2.14%,,10.24%,,,
01-Oct-16,24.32%,12.27%,22.84%,,15.67%,7.61%,,,,2.14%,,10.24%,,,
02-Oct-16,24.31%,12.27%,22.84%,,15.68%,7.62%,,,,2.14%,,10.24%,,,
03-Oct-16,24.31%,12.27%,22.83%,,15.68%,7.62%,,,,2.13%,,10.24%,,,
04-Oct-16,24.31%,12.26%,22.83%,,15.69%,7.62%,,,,2.14%,,10.24%,,,
05-Oct-16,24.30%,12.26%,22.83%,,15.69%,7.63%,,,,2.14%,,10.24%,,,
06-Oct-16,24.30%,12.25%,22.83%,,15.69%,7.63%,,,,2.14%,,10.24%,,,
07-Oct-16,24.29%,12.25%,22.82%,,15.70%,7.64%,,,,2.14%,,10.24%,,,
08-Oct-16,24.29%,12.25%,22.82%,,15.70%,7.64%,,,,2.14%,,10.24%,,,
09-Oct-16,24.28%,12.25%,22.82%,,15.70%,7.64%,,,,2.14%,,10.25%,,,
10-Oct-16,24.28%,12.24%,22.82%,,15.70%,7.64%,,,,2.14%,,10.25%,,,
11-Oct-16,24.27%,12.24%,22.82%,,15.70%,7.65%,,,,2.14%,,10.25%,,,
12-Oct-16,24.27%,12.24%,22.82%,,15.71%,7.65%,,,,2.14%,,10.25%,,,
13-Oct-16,24.26%,12.24%,22.81%,,15.71%,7.65%,,,,2.14%,,10.26%,,,
14-Oct-16,24.26%,12.24%,22.81%,,15.71%,7.65%,,,,2.14%,,10.26%,,,
15-Oct-16,24.27%,12.19%,22.87%,,15.65%,7.65%,,,,2.11%,,10.24%,,,
16-Oct-16,24.23%,12.12%,22.95%,,15.62%,7.65%,,,,2.10%,,10.31%,,,
17-Oct-16,24.19%,12.05%,23.03%,,15.60%,7.65%,,,,2.09%,,10.39%,,,
18-Oct-16,24.16%,11.97%,23.11%,,15.58%,7.65%,,,,2.07%,,10.46%,,,
19-Oct-16,24.12%,11.90%,23.20%,,15.55%,7.65%,,,,2.06%,,10.54%,,,
20-Oct-16,24.08%,11.82%,23.28%,,15.53%,7.65%,,,,2.05%,,10.62%,,,
21-Oct-16,24.04%,11.75%,23.36%,,15.51%,7.65%,,,,2.04%,,10.69%,,,
22-Oct-16,24.01%,11.67%,23.45%,,15.49%,7.65%,,,,2.03%,,10.77%,,,
23-Oct-16,23.97%,11.60%,23.53%,,15.46%,7.64%,,,,2.02%,,10.85%,,,
24-Oct-16,23.93%,11.52%,23.62%,,15.44%,7.64%,,,,2.01%,,10.93%,,,
25-Oct-16,23.89%,11.45%,23.70%,,15.41%,7.64%,,,,1.99%,,11.00%,,,
26-Oct-16,23.86%,11.37%,23.79%,,15.39%,7.64%,,,,1.98%,,11.08%,,,
27-Oct-16,23.82%,11.29%,23.87%,,15.37%,7.64%,,,,1.97%,,11.16%,,,
28-Oct-16,23.78%,11.22%,23.96%,,15.34%,7.64%,,,,1.96%,,11.24%,,,
29-Oct-16,23.74%,11.14%,24.05%,,15.32%,7.64%,,,,1.95%,,11.32%,,,
30-Oct-16,23.69%,11.10%,24.08%,,15.36%,7.65%,,,,1.97%,,11.42%,,,
31-Oct-16,23.68%,11.09%,24.08%,,15.36%,7.66%,,,,1.98%,,11.43%,,,
01-Nov-16,23.67%,11.08%,24.09%,,15.36%,7.66%,,,,1.98%,,11.44%,,,
02-Nov-16,23.67%,11.08%,24.10%,,15.36%,7.66%,,,,1.98%,,11.45%,,,
03-Nov-16,23.66%,11.07%,24.10%,,15.36%,7.66%,,,,1.98%,,11.46%,,,
04-Nov-16,23.65%,11.06%,24.11%,,15.36%,7.67%,,,,1.98%,,11.47%,,,
05-Nov-16,23.64%,11.05%,24.11%,,15.36%,7.67%,,,,1.98%,,11.48%,,,
06-Nov-16,23.63%,11.04%,24.12%,,15.36%,7.67%,,,,1.98%,,11.49%,,,
07-Nov-16,23.62%,11.03%,24.13%,,15.36%,7.68%,,,,1.98%,,11.50%,,,
08-Nov-16,23.61%,11.02%,24.13%,,15.36%,7.68%,,,,1.98%,,11.51%,,,
09-Nov-16,23.60%,11.01%,24.14%,,15.36%,7.68%,,,,1.98%,,11.52%,,,
10-Nov-16,23.59%,10.99%,24.15%,,15.36%,7.69%,,,,1.98%,,11.54%,,,
11-Nov-16,23.58%,10.98%,24.16%,,15.36%,7.69%,,,,1.98%,,11.55%,,,
12-Nov-16,23.57%,10.97%,24.16%,,15.36%,7.69%,,,,1.98%,,11.56%,,,
13-Nov-16,23.56%,10.96%,24.17%,,15.36%,7.70%,,,,1.98%,,11.58%,,,
14-Nov-16,23.55%,10.94%,24.18%,,15.36%,7.70%,,,,1.98%,,11.59%,,,
15-Nov-16,23.49%,10.95%,24.27%,,15.32%,7.73%,,,,1.95%,,11.56%,,,
16-Nov-16,23.44%,10.94%,24.34%,,15.36%,7.77%,,,,1.94%,,11.53%,,,
17-Nov-16,23.39%,10.92%,24.40%,,15.40%,7.81%,,,,1.93%,,11.49%,,,
18-Nov-16,23.33%,10.91%,24.47%,,15.43%,7.86%,,,,1.93%,,11.46%,,,
19-Nov-16,23.28%,10.89%,24.53%,,15.47%,7.90%,,,,1.92%,,11.43%,,,
20-Nov-16,23.23%,10.88%,24.60%,,15.51%,7.95%,,,,1.91%,,11.39%,,,
21-Nov-16,23.17%,10.86%,24.67%,,15.55%,7.99%,,,,1.91%,,11.36%,,,
22-Nov-16,23.12%,10.85%,24.73%,,15.59%,8.04%,,,,1.90%,,11.32%,,,
23-Nov-16,23.07%,10.84%,24.80%,,15.63%,8.08%,,,,1.89%,,11.29%,,,
24-Nov-16,23.01%,10.82%,24.87%,,15.67%,8.13%,,,,1.89%,,11.25%,,,
25-Nov-16,22.96%,10.81%,24.94%,,15.71%,8.18%,,,,1.88%,,11.21%,,,
26-Nov-16,22.90%,10.80%,25.01%,,15.75%,8.22%,,,,1.87%,,11.17%,,,
27-Nov-16,22.85%,10.78%,25.08%,,15.79%,8.27%,,,,1.87%,,11.13%,,,
28-Nov-16,22.80%,10.77%,25.15%,,15.83%,8.31%,,,,1.86%,,11.09%,,,
29-Nov-16,22.75%,10.76%,25.22%,,15.87%,8.36%,,,,1.85%,,11.05%,,,
30-Nov-16,22.74%,10.74%,25.20%,,15.95%,8.38%,,,,1.88%,,11.05%,,,
01-Dec-16,22.73%,10.73%,25.22%,,15.95%,8.39%,,,,1.88%,,11.05%,,,
02-Dec-16,22.72%,10.72%,25.23%,,15.95%,8.39%,,,,1.88%,,11.06%,,,
03-Dec-16,22.71%,10.71%,25.24%,,15.96%,8.40%,,,,1.87%,,11.06%,,,
04-Dec-16,22.70%,10.71%,25.26%,,15.96%,8.40%,,,,1.87%,,11.06%,,,
05-Dec-16,22.69%,10.70%,25.27%,,15.96%,8.41%,,,,1.87%,,11.06%,,,
06-Dec-16,22.69%,10.70%,25.28%,,15.97%,8.41%,,,,1.87%,,11.06%,,,
07-Dec-16,22.68%,10.69%,25.29%,,15.97%,8.41%,,,,1.87%,,11.06%,,,
08-Dec-16,22.67%,10.69%,25.31%,,15.97%,8.42%,,,,1.86%,,11.06%,,,
09-Dec-16,22.67%,10.68%,25.32%,,15.97%,8.42%,,,,1.86%,,11.06%,,,
10-Dec-16,22.67%,10.68%,25.33%,,15.98%,8.42%,,,,1.86%,,11.05%,,,
11-Dec-16,22.66%,10.68%,25.35%,,15.98%,8.43%,,,,1.86%,,11.05%,,,
12-Dec-16,22.66%,10.67%,25.36%,,15.98%,8.43%,,,,1.86%,,11.05%,,,
13-Dec-16,22.65%,10.67%,25.38%,,15.98%,8.43%,,,,1.85%,,11.05%,,,
14-Dec-16,22.65%,10.67%,25.39%,,15.98%,8.44%,,,,1.85%,,11.04%,,,
15-Dec-16,22.60%,10.62%,25.52%,,15.97%,8.43%,,,,1.84%,,10.96%,,,
16-Dec-16,22.57%,10.59%,25.62%,,16.01%,8.41%,,,,1.86%,,10.84%,,,
17-Dec-16,22.54%,10.56%,25.73%,,16.06%,8.38%,,,,1.89%,,10.72%,,,
18-Dec-16,22.51%,10.52%,25.84%,,16.10%,8.35%,,,,1.92%,,10.59%,,,
19-Dec-16,22.47%,10.49%,25.95%,,16.15%,8.32%,,,,1.94%,,10.47%,,,
20-Dec-16,22.44%,10.46%,26.06%,,16.19%,8.29%,,,,1.97%,,10.34%,,,
21-Dec-16,22.41%,10.43%,26.17%,,16.24%,8.26%,,,,2.00%,,10.22%,,,
22-Dec-16,22.38%,10.40%,26.28%,,16.29%,8.23%,,,,2.03%,,10.09%,,,
23-Dec-16,22.35%,10.37%,26.39%,,16.33%,8.20%,,,,2.06%,,9.96%,,,
24-Dec-16,22.31%,10.33%,26.50%,,16.38%,8.17%,,,,2.08%,,9.83%,,,
25-Dec-16,22.28%,10.30%,26.62%,,16.43%,8.13%,,,,2.11%,,9.70%,,,
26-Dec-16,22.25%,10.27%,26.73%,,16.48%,8.10%,,,,2.14%,,9.57%,,,
27-Dec-16,22.22%,10.23%,26.84%,,16.53%,8.07%,,,,2.17%,,9.44%,,,
28-Dec-16,22.18%,10.20%,26.95%,,16.57%,8.04%,,,,2.20%,,9.30%,,,
29-Dec-16,22.15%,10.17%,27.07%,,16.62%,8.00%,,,,2.23%,,9.17%,,,
30-Dec-16,22.16%,10.18%,27.07%,,16.69%,7.98%,,,,2.28%,,9.12%,,,
31-Dec-16,22.16%,10.18%,27.09%,,16.70%,7.98%,,,,2.28%,,9.10%,,,
01-Jan-17,22.15%,10.17%,27.11%,,16.70%,7.98%,,,,2.28%,,9.08%,,,
02-Jan-17,22.15%,10.17%,27.12%,,16.71%,7.97%,,,,2.28%,,9.06%,,,
03-Jan-17,22.14%,10.17%,27.14%,,16.72%,7.97%,,,,2.29%,,9.04%,,,
04-Jan-17,22.13%,10.16%,27.16%,,16.73%,7.97%,,,,2.29%,,9.03%,,,
05-Jan-17,22.13%,10.16%,27.17%,,16.74%,7.97%,,,,2.29%,,9.01%,,,
06-Jan-17,22.12%,10.16%,27.19%,,16.74%,7.97%,,,,2.30%,,8.99%,,,
07-Jan-17,22.12%,10.16%,27.20%,,16.75%,7.97%,,,,2.30%,,8.97%,,,
08-Jan-17,22.11%,10.15%,27.21%,,16.76%,7.97%,,,,2.30%,,8.95%,,,
09-Jan-17,22.11%,10.15%,27.23%,,16.77%,7.97%,,,,2.31%,,8.93%,,,
10-Jan-17,22.10%,10.15%,27.24%,,16.78%,7.97%,,,,2.31%,,8.91%,,,
11-Jan-17,22.09%,10.15%,27.25%,,16.79%,7.97%,,,,2.32%,,8.89%,,,
12-Jan-17,22.09%,10.15%,27.26%,,16.80%,7.97%,,,,2.32%,,8.86%,,,
13-Jan-17,22.08%,10.15%,27.27%,,16.81%,7.97%,,,,2.32%,,8.84%,,,
14-Jan-17,22.08%,10.15%,27.29%,,16.82%,7.97%,,,,2.33%,,8.82%,,,
15-Jan-17,22.07%,10.15%,27.30%,,16.84%,7.96%,,,,2.33%,,8.79%,,,
16-Jan-17,22.06%,10.15%,27.32%,,16.85%,7.96%,,,,2.34%,,8.77%,,,
17-Jan-17,22.05%,10.15%,27.33%,,16.86%,7.96%,,,,2.35%,,8.74%,,,
18-Jan-17,22.05%,10.14%,27.35%,,16.88%,7.96%,,,,2.35%,,8.71%,,,
19-Jan-17,22.04%,10.14%,27.37%,,16.89%,7.96%,,,,2.36%,,8.68%,,,
20-Jan-17,22.03%,10.14%,27.38%,,16.91%,7.96%,,,,2.36%,,8.65%,,,
21-Jan-17,22.02%,10.14%,27.40%,,16.92%,7.96%,,,,2.37%,,8.61%,,,
22-Jan-17,22.01%,10.14%,27.42%,,16.94%,7.96%,,,,2.38%,,8.58%,,,
23-Jan-17,22.00%,10.14%,27.44%,,16.96%,7.96%,,,,2.39%,,8.54%,,,
24-Jan-17,21.99%,10.14%,27.46%,,16.97%,7.96%,,,,2.39%,,8.50%,,,
25-Jan-17,21.98%,10.13%,27.48%,,16.99%,7.95%,,,,2.40%,,8.47%,,,
26-Jan-17,21.97%,10.13%,27.51%,,17.01%,7.95%,,,,2.41%,,8.43%,,,
27-Jan-17,21.96%,10.13%,27.53%,,17.02%,7.95%,,,,2.41%,,8.39%,,,
28-Jan-17,21.95%,10.13%,27.54%,,17.04%,7.95%,,,,2.42%,,8.36%,,,
29-Jan-17,21.95%,10.12%,27.56%,,17.05%,7.94%,,,,2.43%,,8.33%,,,
30-Jan-17,21.94%,10.12%,27.58%,,17.06%,7.94%,,,,2.43%,,8.29%,,,
31-Jan-17,22.00%,10.09%,27.68%,,16.91%,7.89%,,,,2.41%,,8.24%,,,
01-Feb-17,22.07%,10.06%,27.77%,,16.75%,7.84%,,,,2.38%,,8.18%,,,
02-Feb-17,22.14%,10.04%,27.86%,,16.60%,7.79%,,,,2.35%,,8.13%,,,
03-Feb-17,22.21%,10.01%,27.96%,,16.43%,7.74%,,,,2.32%,,8.08%,,,
04-Feb-17,22.28%,9.98%,28.05%,,16.27%,7.69%,,,,2.29%,,8.03%,,,
05-Feb-17,22.35%,9.94%,28.15%,,16.10%,7.64%,,,,2.26%,,7.98%,,,
06-Feb-17,22.43%,9.91%,28.24%,,15.93%,7.58%,,,,2.22%,,7.94%,,,
07-Feb-17,22.50%,9.88%,28.33%,,15.75%,7.53%,,,,2.19%,,7.90%,,,
08-Feb-17,22.58%,9.85%,28.43%,,15.58%,7.48%,,,,2.16%,,7.86%,,,
09-Feb-17,22.66%,9.82%,28.52%,,15.40%,7.42%,,,,2.12%,,7.82%,,,
10-Feb-17,22.74%,9.78%,28.62%,,15.21%,7.36%,,,,2.09%,,7.77%,,,
11-Feb-17,22.82%,9.75%,28.71%,,15.03%,7.31%,,,,2.06%,,7.73%,,,
12-Feb-17,22.90%,9.72%,28.81%,,14.84%,7.25%,,,,2.02%,,7.69%,,,
13-Feb-17,22.99%,9.68%,28.91%,,14.65%,7.19%,,,,1.98%,,7.65%,,,
14-Feb-17,23.07%,9.65%,29.02%,,14.45%,7.13%,,,,1.95%,,7.60%,,,
15-Feb-17,23.14%,9.73%,28.98%,,14.47%,7.11%,,,,1.95%,,7.65%,,,
16-Feb-17,23.19%,9.80%,28.96%,,14.42%,7.10%,,,,1.95%,,7.70%,,,
17-Feb-17,23.24%,9.88%,28.93%,,14.36%,7.08%,,,,1.95%,,7.74%,,,
18-Feb-17,23.29%,9.95%,28.90%,,14.30%,7.06%,,,,1.95%,,7.79%,,,
19-Feb-17,23.34%,10.02%,28.88%,,14.25%,7.05%,,,,1.95%,,7.84%,,,
20-Feb-17,23.39%,10.10%,28.85%,,14.19%,7.03%,,,,1.95%,,7.89%,,,
21-Feb-17,23.44%,10.17%,28.82%,,14.13%,7.01%,,,,1.95%,,7.93%,,,
22-Feb-17,23.49%,10.25%,28.79%,,14.08%,7.00%,,,,1.95%,,7.98%,,,
23-Feb-17,23.55%,10.32%,28.76%,,14.02%,6.98%,,,,1.95%,,8.03%,,,
24-Feb-17,23.60%,10.40%,28.73%,,13.96%,6.97%,,,,1.95%,,8.08%,,,
25-Feb-17,23.65%,10.48%,28.70%,,13.90%,6.95%,,,,1.95%,,8.14%,,,
26-Feb-17,23.70%,10.56%,28.66%,,13.85%,6.94%,,,,1.95%,,8.19%,,,
27-Feb-17,23.75%,10.64%,28.62%,,13.80%,6.93%,,,,1.95%,,8.25%,,,
28-Feb-17,23.80%,10.73%,28.58%,,13.75%,6.92%,,,,1.95%,,8.31%,,,
01-Mar-17,23.85%,10.81%,28.54%,,13.70%,6.91%,,,,1.95%,,8.37%,,,
02-Mar-17,23.85%,10.80%,28.56%,,13.60%,6.90%,,,,1.95%,,8.36%,,,
03-Mar-17,23.87%,10.81%,28.57%,,13.57%,6.89%,,,,1.95%,,8.36%,,,
04-Mar-17,23.88%,10.81%,28.57%,,13.55%,6.89%,,,,1.94%,,8.36%,,,
05-Mar-17,23.89%,10.82%,28.58%,,13.53%,6.88%,,,,1.94%,,8.37%,,,
06-Mar-17,23.90%,10.83%,28.58%,,13.50%,6.87%,,,,1.94%,,8.37%,,,
07-Mar-17,23.92%,10.83%,28.59%,,13.48%,6.87%,,,,1.93%,,8.37%,,,
08-Mar-17,23.93%,10.84%,28.59%,,13.46%,6.86%,,,,1.93%,,8.38%,,,
09-Mar-17,23.94%,10.85%,28.59%,,13.44%,6.86%,,,,1.93%,,8.38%,,,
10-Mar-17,23.95%,10.85%,28.59%,,13.42%,6.86%,,,,1.92%,,8.39%,,,
11-Mar-17,23.96%,10.86%,28.59%,,13.40%,6.85%,,,,1.92%,,8.40%,,,
12-Mar-17,23.98%,10.87%,28.59%,,13.38%,6.85%,,,,1.91%,,8.40%,,,
13-Mar-17,24.03%,10.95%,28.55%,,13.40%,6.83%,,,,1.91%,,8.45%,,,
14-Mar-17,24.09%,10.97%,28.53%,,13.38%,6.81%,,,,1.92%,,8.46%,,,
15-Mar-17,24.15%,11.00%,28.50%,,13.36%,6.80%,,,,1.94%,,8.48%,,,
16-Mar-17,24.21%,11.02%,28.48%,,13.35%,6.78%,,,,1.95%,,8.50%,,,
17-Mar-17,24.28%,11.05%,28.45%,,13.33%,6.76%,,,,1.96%,,8.52%,,,
18-Mar-17,24.34%,11.08%,28.43%,,13.31%,6.75%,,,,1.98%,,8.53%,,,
19-Mar-17,24.40%,11.10%,28.40%,,13.30%,6.73%,,,,1.99%,,8.55%,,,
20-Mar-17,24.46%,11.13%,28.37%,,13.28%,6.72%,,,,2.00%,,8.57%,,,
21-Mar-17,24.52%,11.16%,28.35%,,13.27%,6.70%,,,,2.02%,,8.58%,,,
22-Mar-17,24.59%,11.18%,28.32%,,13.25%,6.68%,,,,2.03%,,8.60%,,,
23-Mar-17,24.65%,11.21%,28.30%,,13.24%,6.67%,,,,2.05%,,8.62%,,,
24-Mar-17,24.71%,11.24%,28.27%,,13.22%,6.65%,,,,2.06%,,8.64%,,,
25-Mar-17,24.77%,11.27%,28.24%,,13.21%,6.63%,,,,2.07%,,8.65%,,,
26-Mar-17,24.84%,11.29%,28.22%,,13.19%,6.62%,,,,2.09%,,8.67%,,,
27-Mar-17,24.90%,11.32%,28.19%,,13.18%,6.60%,,,,2.10%,,8.69%,,,
28-Mar-17,24.92%,11.27%,28.20%,,13.13%,6.60%,,,,2.12%,,8.67%,,,
29-Mar-17,24.93%,11.28%,28.20%,,13.11%,6.60%,,,,2.11%,,8.67%,,,
30-Mar-17,24.94%,11.29%,28.19%,,13.10%,6.60%,,,,2.11%,,8.68%,,,
31-Mar-17,24.95%,11.29%,28.19%,,13.09%,6.59%,,,,2.11%,,8.69%,,,
01-Apr-17,24.96%,11.30%,28.19%,,13.08%,6.59%,,,,2.11%,,8.69%,,,
02-Apr-17,24.97%,11.31%,28.19%,,13.07%,6.59%,,,,2.11%,,8.70%,,,
03-Apr-17,24.98%,11.31%,28.18%,,13.06%,6.59%,,,,2.11%,,8.70%,,,
04-Apr-17,24.99%,11.32%,28.18%,,13.05%,6.59%,,,,2.11%,,8.71%,,,
05-Apr-17,25.00%,11.32%,28.18%,,13.05%,6.58%,,,,2.11%,,8.71%,,,
06-Apr-17,25.00%,11.32%,28.18%,,13.04%,6.58%,,,,2.11%,,8.71%,,,
07-Apr-17,25.01%,11.33%,28.17%,,13.04%,6.58%,,,,2.11%,,8.71%,,,
08-Apr-17,25.01%,11.33%,28.17%,,13.04%,6.58%,,,,2.11%,,8.72%,,,
09-Apr-17,25.01%,11.33%,28.17%,,13.04%,6.58%,,,,2.12%,,8.72%,,,
10-Apr-17,24.93%,11.36%,28.19%,,13.01%,6.60%,,,,2.11%,,8.69%,,,
11-Apr-17,24.86%,11.39%,28.22%,,12.98%,6.63%,,,,2.11%,,8.67%,,,
12-Apr-17,24.78%,11.42%,28.25%,,12.95%,6.65%,,,,2.11%,,8.64%,,,
13-Apr-17,24.70%,11.45%,28.27%,,12.92%,6.67%,,,,2.11%,,8.61%,,,
14-Apr-17,24.62%,11.48%,28.30%,,12.89%,6.70%,,,,2.11%,,8.59%,,,
15-Apr-17,24.56%,11.55%,28.26%,,12.91%,6.68%,,,,2.17%,,8.61%,,,
16-Apr-17,24.50%,11.62%,28.23%,,12.92%,6.67%,,,,2.22%,,8.63%,,,
17-Apr-17,24.44%,11.69%,28.19%,,12.93%,6.66%,,,,2.27%,,8.65%,,,
18-Apr-17,24.38%,11.76%,28.15%,,12.95%,6.65%,,,,2.32%,,8.67%,,,
19-Apr-17,24.32%,11.83%,28.11%,,12.96%,6.64%,,,,2.38%,,8.69%,,,
20-Apr-17,24.26%,11.90%,28.07%,,12.97%,6.63%,,,,2.43%,,8.72%,,,
21-Apr-17,24.20%,11.97%,28.03%,,12.99%,6.61%,,,,2.48%,,8.74%,,,
22-Apr-17,24.13%,12.04%,27.99%,,13.00%,6.60%,,,,2.54%,,8.76%,,,
23-Apr-17,24.07%,12.12%,27.96%,,13.01%,6.59%,,,,2.59%,,8.78%,,,
24-Apr-17,24.01%,12.19%,27.92%,,13.03%,6.58%,,,,2.65%,,8.81%,,,
25-Apr-17,24.03%,12.24%,27.85%,,13.07%,6.54%,,,,2.71%,,8.86%,,,
26-Apr-17,24.04%,12.29%,27.78%,,13.12%,6.51%,,,,2.76%,,8.91%,,,
27-Apr-17,24.06%,12.34%,27.71%,,13.17%,6.47%,,,,2.82%,,8.96%,,,
28-Apr-17,24.08%,12.38%,27.64%,,13.21%,6.43%,,,,2.88%,,9.01%,,,
29-Apr-17,24.10%,12.43%,27.56%,,13.26%,6.40%,,,,2.94%,,9.06%,,,
30-Apr-17,24.09%,12.44%,27.56%,,13.27%,6.40%,,,,2.95%,,9.07%,,,
01-May-17,24.09%,12.45%,27.55%,,13.27%,6.40%,,,,2.96%,,9.07%,,,
02-May-17,24.08%,12.46%,27.54%,,13.28%,6.39%,,,,2.96%,,9.08%,,,
03-May-17,24.08%,12.48%,27.53%,,13.28%,6.39%,,,,2.97%,,9.08%,,,
04-May-17,24.07%,12.49%,27.52%,,13.29%,6.39%,,,,2.98%,,9.08%,,,
05-May-17,24.07%,12.50%,27.51%,,13.29%,6.39%,,,,2.99%,,9.09%,,,
06-May-17,24.06%,12.51%,27.50%,,13.30%,6.39%,,,,3.00%,,9.09%,,,
07-May-17,24.06%,12.52%,27.49%,,13.31%,6.38%,,,,3.01%,,9.10%,,,
08-May-17,24.05%,12.54%,27.48%,,13.31%,6.38%,,,,3.02%,,9.10%,,,
09-May-17,24.06%,12.57%,27.45%,,13.30%,6.34%,,,,3.03%,,9.09%,,,
10-May-17,24.07%,12.61%,27.42%,,13.28%,6.30%,,,,3.04%,,9.08%,,,
11-May-17,24.08%,12.64%,27.38%,,13.27%,6.26%,,,,3.05%,,9.07%,,,
12-May-17,24.09%,12.68%,27.35%,,13.25%,6.22%,,,,3.06%,,9.05%,,,
13-May-17,24.10%,12.71%,27.32%,,13.24%,6.18%,,,,3.07%,,9.04%,,,
14-May-17,24.11%,12.75%,27.29%,,13.22%,6.14%,,,,3.08%,,9.03%,,,
15-May-17,24.12%,12.79%,27.25%,,13.20%,6.10%,,,,3.09%,,9.01%,,,
16-May-17,24.13%,12.82%,27.22%,,13.19%,6.06%,,,,3.10%,,9.00%,,,
17-May-17,24.14%,12.86%,27.19%,,13.17%,6.01%,,,,3.10%,,8.98%,,,
18-May-17,24.22%,12.90%,27.05%,,13.24%,5.97%,,,,3.12%,,8.99%,,,
19-May-17,24.29%,12.94%,26.92%,,13.31%,5.92%,,,,3.14%,,8.99%,,,
20-May-17,24.37%,12.98%,26.79%,,13.38%,5.87%,,,,3.16%,,8.99%,,,
21-May-17,24.45%,13.02%,26.65%,,13.46%,5.83%,,,,3.18%,,9.00%,,,
22-May-17,24.51%,13.06%,26.51%,,13.51%,5.79%,,,,3.23%,,8.95%,,,
23-May-17,24.57%,13.09%,26.37%,,13.57%,5.76%,,,,3.27%,,8.89%,,,
24-May-17,24.61%,13.11%,26.24%,,13.64%,5.76%,,,,3.32%,,8.86%,,,
25-May-17,24.66%,13.12%,26.12%,,13.72%,5.77%,,,,3.37%,,8.82%,,,
26-May-17,24.71%,13.13%,26.00%,,13.79%,5.77%,,,,3.41%,,8.78%,,,
27-May-17,24.76%,13.14%,25.87%,,13.87%,5.77%,,,,3.46%,,8.74%,,,
28-May-17,24.80%,13.15%,25.75%,,13.95%,5.78%,,,,3.51%,,8.71%,,,
29-May-17,24.85%,13.17%,25.62%,,14.03%,5.78%,,,,3.56%,,8.67%,,,
30-May-17,24.90%,13.18%,25.50%,,14.10%,5.79%,,,,3.61%,,8.63%,,,
31-May-17,24.95%,13.19%,25.37%,,14.18%,5.79%,,,,3.65%,,8.59%,,,
01-Jun-17,25.00%,13.20%,25.24%,,14.26%,5.80%,,,,3.70%,,8.56%,,,
02-Jun-17,24.99%,13.20%,25.21%,,14.25%,5.81%,,,,3.74%,,8.50%,,,
03-Jun-17,24.97%,13.21%,25.19%,,14.24%,5.82%,,,,3.77%,,8.44%,,,
04-Jun-17,24.96%,13.21%,25.16%,,14.23%,5.83%,,,,3.81%,,8.38%,,,
05-Jun-17,24.95%,13.21%,25.13%,,14.22%,5.84%,,,,3.85%,,8.32%,,,
06-Jun-17,24.96%,13.18%,25.13%,,14.18%,5.84%,,,,3.85%,,8.31%,,,
07-Jun-17,24.98%,13.14%,25.12%,,14.15%,5.83%,,,,3.84%,,8.30%,,,
08-Jun-17,24.99%,13.11%,25.12%,,14.11%,5.83%,,,,3.84%,,8.30%,,,
09-Jun-17,25.01%,13.07%,25.11%,,14.08%,5.83%,,,,3.83%,,8.29%,,,
10-Jun-17,25.03%,13.03%,25.11%,,14.04%,5.83%,,,,3.83%,,8.28%,,,
11-Jun-17,25.04%,13.00%,25.11%,,14.00%,5.83%,,,,3.82%,,8.27%,,,
12-Jun-17,25.06%,12.96%,25.11%,,13.97%,5.83%,,,,3.82%,,8.26%,,,
13-Jun-17,25.07%,12.92%,25.10%,,13.93%,5.83%,,,,3.81%,,8.26%,,,
14-Jun-17,25.09%,12.88%,25.10%,,13.89%,5.83%,,,,3.81%,,8.25%,,,
15-Jun-17,25.11%,12.84%,25.09%,,13.85%,5.83%,,,,3.80%,,8.24%,,,
16-Jun-17,25.13%,12.86%,25.09%,,13.82%,5.84%,,,,3.78%,,8.24%,,,
17-Jun-17,25.15%,12.88%,25.09%,,13.79%,5.85%,,,,3.77%,,8.23%,,,
18-Jun-17,25.17%,12.90%,25.09%,,13.76%,5.87%,,,,3.75%,,8.23%,,,
19-Jun-17,25.19%,12.93%,25.08%,,13.73%,5.88%,,,,3.73%,,8.23%,,,
20-Jun-17,25.21%,12.95%,25.08%,,13.70%,5.89%,,,,3.71%,,8.22%,,,
21-Jun-17,25.22%,13.01%,25.07%,,13.71%,5.90%,,,,3.70%,,8.22%,,,
22-Jun-17,25.22%,13.07%,25.05%,,13.72%,5.91%,,,,3.69%,,8.22%,,,
23-Jun-17,25.23%,13.14%,25.03%,,13.73%,5.92%,,,,3.69%,,8.22%,,,
24-Jun-17,25.24%,13.20%,25.02%,,13.74%,5.93%,,,,3.68%,,8.22%,,,
25-Jun-17,25.25%,13.26%,25.01%,,13.75%,5.95%,,,,3.67%,,8.22%,,,
26-Jun-17,25.26%,13.33%,24.99%,,13.77%,5.96%,,,,3.66%,,8.23%,,,
27-Jun-17,25.27%,13.39%,24.98%,,13.78%,5.97%,,,,3.65%,,8.23%,,,
28-Jun-17,25.28%,13.46%,24.97%,,13.79%,5.98%,,,,3.64%,,8.23%,,,
29-Jun-17,25.29%,13.52%,24.96%,,13.80%,5.99%,,,,3.63%,,8.23%,,,
30-Jun-17,25.30%,13.58%,24.95%,,13.81%,6.01%,,,,3.61%,,8.23%,,,
01-Jul-17,25.30%,13.59%,24.94%,,13.81%,6.01%,,,,3.61%,,8.23%,,,
02-Jul-17,25.31%,13.59%,24.93%,,13.81%,6.01%,,,,3.62%,,8.22%,,,
03-Jul-17,25.32%,13.60%,24.92%,,13.81%,6.01%,,,,3.62%,,8.22%,,,
04-Jul-17,25.33%,13.60%,24.91%,,13.82%,6.01%,,,,3.62%,,8.22%,,,
05-Jul-17,25.33%,13.60%,24.90%,,13.82%,6.01%,,,,3.61%,,8.21%,,,
06-Jul-17,25.34%,13.60%,24.90%,,13.82%,6.01%,,,,3.61%,,8.21%,,,
07-Jul-17,25.35%,13.61%,24.89%,,13.82%,6.01%,,,,3.61%,,8.21%,,,
08-Jul-17,25.36%,13.61%,24.88%,,13.82%,6.01%,,,,3.61%,,8.20%,,,
09-Jul-17,25.37%,13.61%,24.87%,,13.82%,6.01%,,,,3.61%,,8.20%,,,
10-Jul-17,25.38%,13.61%,24.87%,,13.82%,6.01%,,,,3.61%,,8.20%,,,
11-Jul-17,25.39%,13.61%,24.86%,,13.82%,6.01%,,,,3.61%,,8.19%,,,
12-Jul-17,25.40%,13.61%,24.85%,,13.83%,6.01%,,,,3.61%,,8.19%,,,
13-Jul-17,25.42%,13.62%,24.84%,,13.83%,6.01%,,,,3.61%,,8.18%,,,
14-Jul-17,25.43%,13.62%,24.83%,,13.83%,6.01%,,,,3.60%,,8.18%,,,
15-Jul-17,25.46%,13.67%,24.79%,,13.85%,6.02%,,,,3.64%,,8.16%,,,
16-Jul-17,25.49%,13.72%,24.74%,,13.87%,6.03%,,,,3.68%,,8.14%,,,
17-Jul-17,25.52%,13.77%,24.70%,,13.89%,6.03%,,,,3.71%,,8.12%,,,
18-Jul-17,25.55%,13.82%,24.65%,,13.92%,6.04%,,,,3.75%,,8.10%,,,
19-Jul-17,25.58%,13.87%,24.61%,,13.94%,6.05%,,,,3.79%,,8.08%,,,
20-Jul-17,25.62%,13.92%,24.56%,,13.96%,6.06%,,,,3.82%,,8.05%,,,
21-Jul-17,25.65%,13.97%,24.51%,,13.98%,6.06%,,,,3.86%,,8.03%,,,
22-Jul-17,25.68%,14.02%,24.47%,,14.00%,6.07%,,,,3.90%,,8.01%,,,
23-Jul-17,25.71%,14.08%,24.42%,,14.02%,6.08%,,,,3.94%,,7.99%,,,
24-Jul-17,25.74%,14.13%,24.38%,,14.05%,6.09%,,,,3.98%,,7.96%,,,
25-Jul-17,25.77%,14.18%,24.33%,,14.07%,6.10%,,,,4.02%,,7.94%,,,
26-Jul-17,25.80%,14.24%,24.29%,,14.09%,6.11%,,,,4.05%,,7.92%,,,
27-Jul-17,25.82%,14.29%,24.25%,,14.11%,6.12%,,,,4.09%,,7.89%,,,
28-Jul-17,25.85%,14.35%,24.21%,,14.13%,6.13%,,,,4.13%,,7.87%,,,
29-Jul-17,25.88%,14.41%,24.16%,,14.15%,6.14%,,,,4.17%,,7.85%,,,
30-Jul-17,25.88%,14.42%,24.16%,,14.15%,6.14%,,,,4.18%,,7.84%,,,
31-Jul-17,25.89%,14.43%,24.15%,,14.15%,6.15%,,,,4.18%,,7.83%,,,
01-Aug-17,25.89%,14.44%,24.15%,,14.15%,6.16%,,,,4.18%,,7.83%,,,
02-Aug-17,25.90%,14.45%,24.14%,,14.15%,6.16%,,,,4.19%,,7.82%,,,
03-Aug-17,25.90%,14.46%,24.14%,,14.15%,6.17%,,,,4.19%,,7.82%,,,
04-Aug-17,25.90%,14.47%,24.14%,,14.15%,6.17%,,,,4.19%,,7.81%,,,
05-Aug-17,25.91%,14.48%,24.13%,,14.15%,6.18%,,,,4.20%,,7.81%,,,
06-Aug-17,25.91%,14.49%,24.13%,,14.15%,6.18%,,,,4.20%,,7.81%,,,
07-Aug-17,25.91%,14.50%,24.13%,,14.16%,6.19%,,,,4.21%,,7.80%,,,
08-Aug-17,25.91%,14.51%,24.12%,,14.16%,6.19%,,,,4.21%,,7.80%,,,
09-Aug-17,25.92%,14.53%,24.12%,,14.16%,6.20%,,,,4.22%,,7.80%,,,
10-Aug-17,25.92%,14.54%,24.12%,,14.16%,6.21%,,,,4.22%,,7.80%,,,
11-Aug-17,25.92%,14.55%,24.11%,,14.16%,6.21%,,,,4.23%,,7.80%,,,
12-Aug-17,25.93%,14.57%,24.11%,,14.16%,6.22%,,,,4.24%,,7.79%,,,
13-Aug-17,25.93%,14.58%,24.11%,,14.16%,6.23%,,,,4.24%,,7.79%,,,
14-Aug-17,25.93%,14.60%,24.10%,,14.17%,6.23%,,,,4.25%,,7.79%,,,
15-Aug-17,25.94%,14.62%,24.10%,,14.17%,6.24%,,,,4.26%,,7.79%,,,
16-Aug-17,25.94%,14.64%,24.09%,,14.17%,6.25%,,,,4.27%,,7.78%,,,
17-Aug-17,25.99%,14.72%,24.05%,,14.18%,6.19%,,,,4.26%,,7.82%,,,
18-Aug-17,26.04%,14.81%,24.02%,,14.20%,6.13%,,,,4.25%,,7.87%,,,
19-Aug-17,26.09%,14.90%,23.98%,,14.21%,6.07%,,,,4.24%,,7.91%,,,
20-Aug-17,26.14%,14.98%,23.94%,,14.22%,6.00%,,,,4.23%,,7.95%,,,
21-Aug-17,26.19%,15.07%,23.90%,,14.23%,5.94%,,,,4.22%,,8.00%,,,
22-Aug-17,26.19%,15.10%,23.95%,,14.21%,5.87%,,,,4.20%,,8.00%,,,
23-Aug-17,26.20%,15.12%,24.00%,,14.18%,5.79%,,,,4.19%,,8.01%,,,
24-Aug-17,26.21%,15.15%,24.05%,,14.15%,5.72%,,,,4.18%,,8.01%,,,
25-Aug-17,26.21%,15.18%,24.10%,,14.12%,5.65%,,,,4.16%,,8.02%,,,
26-Aug-17,26.22%,15.20%,24.16%,,14.09%,5.57%,,,,4.15%,,8.02%,,,
27-Aug-17,26.23%,15.23%,24.21%,,14.06%,5.49%,,,,4.13%,,8.03%,,,
28-Aug-17,26.23%,15.25%,24.27%,,14.03%,5.41%,,,,4.12%,,8.04%,,,
29-Aug-17,26.24%,15.27%,24.32%,,14.01%,5.33%,,,,4.10%,,8.05%,,,
30-Aug-17,26.25%,15.30%,24.38%,,13.98%,5.25%,,,,4.09%,,8.05%,,,
31-Aug-17,26.25%,15.32%,24.43%,,13.95%,5.16%,,,,4.07%,,8.06%,,,
01-Sep-17,26.22%,15.27%,24.53%,,13.91%,5.15%,,,,4.07%,,8.03%,,,
02-Sep-17,26.18%,15.23%,24.62%,,13.87%,5.13%,,,,4.07%,,7.99%,,,
03-Sep-17,26.14%,15.18%,24.71%,,13.83%,5.12%,,,,4.07%,,7.95%,,,
04-Sep-17,26.10%,15.13%,24.80%,,13.79%,5.10%,,,,4.07%,,7.91%,,,
05-Sep-17,26.06%,15.08%,24.89%,,13.75%,5.09%,,,,4.07%,,7.87%,,,
06-Sep-17,26.06%,15.09%,24.90%,,13.75%,5.07%,,,,4.07%,,7.87%,,,
07-Sep-17,26.06%,15.10%,24.90%,,13.76%,5.06%,,,,4.07%,,7.88%,,,
08-Sep-17,26.07%,15.11%,24.90%,,13.76%,5.05%,,,,4.07%,,7.88%,,,
09-Sep-17,26.07%,15.12%,24.90%,,13.76%,5.04%,,,,4.07%,,7.88%,,,
10-Sep-17,26.07%,15.13%,24.90%,,13.77%,5.03%,,,,4.08%,,7.88%,,,
11-Sep-17,26.08%,15.14%,24.90%,,13.77%,5.02%,,,,4.08%,,7.88%,,,
12-Sep-17,26.08%,15.15%,24.91%,,13.78%,5.00%,,,,4.08%,,7.88%,,,
13-Sep-17,26.08%,15.16%,24.91%,,13.78%,4.99%,,,,4.09%,,7.87%,,,
14-Sep-17,26.07%,15.21%,24.86%,,13.90%,5.00%,,,,4.04%,,7.83%,,,
15-Sep-17,26.07%,15.25%,24.82%,,14.03%,5.01%,,,,3.99%,,7.79%,,,
16-Sep-17,26.06%,15.30%,24.77%,,14.15%,5.02%,,,,3.95%,,7.75%,,,
17-Sep-17,26.05%,15.34%,24.73%,,14.27%,5.03%,,,,3.90%,,7.70%,,,
18-Sep-17,26.03%,15.36%,24.73%,,14.35%,5.09%,,,,3.83%,,7.61%,,,
19-Sep-17,26.01%,15.37%,24.72%,,14.42%,5.14%,,,,3.76%,,7.52%,,,
20-Sep-17,25.98%,15.39%,24.72%,,14.49%,5.19%,,,,3.69%,,7.43%,,,
21-Sep-17,25.96%,15.40%,24.71%,,14.56%,5.24%,,,,3.62%,,7.34%,,,
22-Sep-17,25.94%,15.42%,24.71%,,14.64%,5.30%,,,,3.55%,,7.25%,,,
23-Sep-17,25.92%,15.43%,24.71%,,14.71%,5.35%,,,,3.48%,,7.16%,,,
24-Sep-17,25.89%,15.44%,24.70%,,14.78%,5.41%,,,,3.41%,,7.06%,,,
25-Sep-17,25.87%,15.46%,24.70%,,14.85%,5.46%,,,,3.33%,,6.97%,,,
26-Sep-17,25.85%,15.47%,24.70%,,14.93%,5.52%,,,,3.26%,,6.88%,,,
27-Sep-17,25.82%,15.48%,24.69%,,15.00%,5.58%,,,,3.18%,,6.78%,,,
28-Sep-17,25.80%,15.48%,24.69%,,15.07%,5.64%,,,,3.11%,,6.69%,,,
29-Sep-17,25.78%,15.46%,24.73%,,15.02%,5.68%,,,,3.08%,,6.63%,,,
30-Sep-17,25.77%,15.43%,24.77%,,14.97%,5.72%,,,,3.06%,,6.58%,,,
01-Oct-17,25.75%,15.40%,24.82%,,14.93%,5.76%,,,,3.03%,,6.53%,,,
02-Oct-17,25.74%,15.37%,24.86%,,14.88%,5.80%,,,,3.00%,,6.47%,,,
03-Oct-17,25.73%,15.37%,24.86%,,14.88%,5.80%,,,,3.00%,,6.46%,,,
04-Oct-17,25.73%,15.37%,24.87%,,14.88%,5.80%,,,,2.99%,,6.46%,,,
05-Oct-17,25.73%,15.37%,24.87%,,14.89%,5.80%,,,,2.98%,,6.45%,,,
06-Oct-17,25.73%,15.36%,24.88%,,14.89%,5.80%,,,,2.97%,,6.44%,,,
07-Oct-17,25.72%,15.36%,24.88%,,14.89%,5.80%,,,,2.97%,,6.43%,,,
08-Oct-17,25.72%,15.36%,24.88%,,14.89%,5.81%,,,,2.96%,,6.43%,,,
09-Oct-17,25.72%,15.36%,24.89%,,14.90%,5.81%,,,,2.95%,,6.42%,,,
10-Oct-17,25.70%,15.32%,24.96%,,14.82%,5.83%,,,,2.96%,,6.36%,,,
11-Oct-17,25.69%,15.28%,25.03%,,14.74%,5.85%,,,,2.97%,,6.30%,,,
12-Oct-17,25.67%,15.24%,25.10%,,14.67%,5.87%,,,,2.97%,,6.24%,,,
13-Oct-17,25.66%,15.20%,25.17%,,14.59%,5.89%,,,,2.98%,,6.17%,,,
14-Oct-17,25.65%,15.16%,25.25%,,14.51%,5.91%,,,,2.99%,,6.11%,,,
15-Oct-17,25.66%,15.13%,25.34%,,14.48%,5.95%,,,,3.00%,,6.02%,,,
16-Oct-17,25.67%,15.09%,25.43%,,14.44%,5.99%,,,,3.01%,,5.93%,,,
17-Oct-17,25.68%,15.05%,25.52%,,14.40%,6.03%,,,,3.01%,,5.84%,,,
18-Oct-17,25.69%,15.02%,25.61%,,14.36%,6.07%,,,,3.02%,,5.75%,,,
19-Oct-17,25.71%,14.98%,25.71%,,14.32%,6.10%,,,,3.03%,,5.66%,,,
20-Oct-17,25.72%,14.94%,25.80%,,14.29%,6.14%,,,,3.04%,,5.56%,,,
21-Oct-17,25.73%,14.90%,25.90%,,14.25%,6.18%,,,,3.04%,,5.47%,,,
22-Oct-17,25.75%,14.87%,25.99%,,14.21%,6.22%,,,,3.05%,,5.38%,,,
23-Oct-17,25.76%,14.83%,26.09%,,14.17%,6.26%,,,,3.06%,,5.28%,,,
24-Oct-17,25.77%,14.79%,26.19%,,14.13%,6.30%,,,,3.07%,,5.19%,,,
25-Oct-17,25.80%,14.79%,26.22%,,14.17%,6.32%,,,,3.06%,,5.14%,,,
26-Oct-17,25.82%,14.79%,26.25%,,14.21%,6.34%,,,,3.05%,,5.10%,,,
27-Oct-17,25.85%,14.79%,26.28%,,14.25%,6.37%,,,,3.04%,,5.06%,,,
28-Oct-17,25.87%,14.79%,26.31%,,14.29%,6.39%,,,,3.04%,,5.02%,,,
29-Oct-17,25.90%,14.79%,26.34%,,14.33%,6.41%,,,,3.03%,,4.98%,,,
30-Oct-17,25.90%,14.78%,26.35%,,14.32%,6.42%,,,,3.03%,,4.96%,,,
31-Oct-17,25.90%,14.78%,26.36%,,14.32%,6.42%,,,,3.02%,,4.95%,,,
01-Nov-17,25.90%,14.78%,26.37%,,14.32%,6.43%,,,,3.02%,,4.94%,,,
02-Nov-17,25.90%,14.77%,26.38%,,14.32%,6.44%,,,,3.01%,,4.92%,,,
03-Nov-17,25.90%,14.77%,26.39%,,14.32%,6.45%,,,,3.01%,,4.91%,,,
04-Nov-17,25.90%,14.76%,26.40%,,14.32%,6.45%,,,,3.01%,,4.89%,,,
05-Nov-17,25.90%,14.76%,26.41%,,14.32%,6.46%,,,,3.01%,,4.88%,,,
06-Nov-17,25.90%,14.76%,26.42%,,14.32%,6.47%,,,,3.00%,,4.87%,,,
07-Nov-17,25.90%,14.75%,26.43%,,14.32%,6.48%,,,,3.00%,,4.85%,,,
08-Nov-17,25.90%,14.75%,26.44%,,14.32%,6.49%,,,,3.00%,,4.84%,,,
09-Nov-17,25.96%,14.74%,26.44%,,14.34%,6.51%,,,,3.00%,,4.83%,,,
10-Nov-17,26.02%,14.73%,26.44%,,14.35%,6.52%,,,,3.00%,,4.82%,,,
11-Nov-17,26.08%,14.72%,26.44%,,14.37%,6.54%,,,,3.00%,,4.81%,,,
12-Nov-17,26.15%,14.71%,26.44%,,14.38%,6.56%,,,,3.00%,,4.81%,,,
13-Nov-17,26.21%,14.70%,26.43%,,14.40%,6.58%,,,,3.01%,,4.80%,,,
14-Nov-17,26.22%,14.67%,26.44%,,14.36%,6.62%,,,,3.01%,,4.78%,,,
15-Nov-17,26.22%,14.64%,26.45%,,14.32%,6.65%,,,,3.01%,,4.76%,,,
16-Nov-17,26.22%,14.61%,26.45%,,14.27%,6.69%,,,,3.01%,,4.75%,,,
17-Nov-17,26.23%,14.57%,26.46%,,14.23%,6.72%,,,,3.01%,,4.73%,,,
18-Nov-17,26.23%,14.54%,26.47%,,14.19%,6.76%,,,,3.01%,,4.71%,,,
19-Nov-17,26.24%,14.51%,26.47%,,14.15%,6.79%,,,,3.01%,,4.69%,,,
20-Nov-17,26.24%,14.48%,26.48%,,14.10%,6.83%,,,,3.01%,,4.68%,,,
21-Nov-17,26.24%,14.45%,26.49%,,14.06%,6.86%,,,,3.01%,,4.66%,,,
22-Nov-17,26.25%,14.41%,26.49%,,14.01%,6.90%,,,,3.01%,,4.64%,,,
23-Nov-17,26.25%,14.38%,26.50%,,13.97%,6.94%,,,,3.01%,,4.62%,,,
24-Nov-17,26.19%,14.35%,26.51%,,13.91%,6.97%,,,,3.01%,,4.60%,,,
25-Nov-17,26.13%,14.33%,26.53%,,13.85%,7.00%,,,,3.01%,,4.57%,,,
26-Nov-17,26.07%,14.30%,26.55%,,13.78%,7.03%,,,,3.01%,,4.55%,,,
27-Nov-17,26.02%,14.27%,26.56%,,13.72%,7.05%,,,,3.01%,,4.52%,,,
28-Nov-17,25.96%,14.24%,26.58%,,13.66%,7.08%,,,,3.00%,,4.50%,,,
29-Nov-17,25.96%,14.24%,26.59%,,13.65%,7.10%,,,,3.00%,,4.48%,,,
30-Nov-17,25.96%,14.23%,26.59%,,13.65%,7.11%,,,,3.00%,,4.47%,,,
01-Dec-17,25.96%,14.23%,26.60%,,13.64%,7.12%,,,,3.00%,,4.45%,,,
02-Dec-17,25.96%,14.22%,26.61%,,13.63%,7.13%,,,,3.00%,,4.44%,,,
03-Dec-17,25.97%,14.22%,26.61%,,13.62%,7.14%,,,,3.00%,,4.43%,,,
04-Dec-17,25.97%,14.21%,26.62%,,13.62%,7.15%,,,,3.00%,,4.42%,,,
05-Dec-17,25.94%,14.17%,26.66%,,13.57%,7.17%,,,,3.00%,,4.39%,,,
06-Dec-17,25.91%,14.13%,26.70%,,13.52%,7.19%,,,,3.00%,,4.36%,,,
07-Dec-17,25.89%,14.10%,26.74%,,13.48%,7.21%,,,,3.01%,,4.33%,,,
08-Dec-17,25.86%,14.06%,26.78%,,13.43%,7.23%,,,,3.01%,,4.31%,,,
09-Dec-17,25.83%,14.02%,26.82%,,13.38%,7.25%,,,,3.01%,,4.28%,,,
10-Dec-17,25.80%,13.98%,26.86%,,13.33%,7.27%,,,,3.01%,,4.25%,,,
11-Dec-17,25.77%,13.94%,26.91%,,13.28%,7.28%,,,,3.01%,,4.23%,,,
12-Dec-17,25.75%,13.90%,26.95%,,13.23%,7.30%,,,,3.02%,,4.20%,,,
13-Dec-17,25.72%,13.86%,26.99%,,13.18%,7.32%,,,,3.02%,,4.18%,,,
14-Dec-17,25.73%,13.88%,26.94%,,13.16%,7.34%,,,,3.04%,,4.19%,,,
15-Dec-17,25.75%,13.90%,26.89%,,13.15%,7.37%,,,,3.06%,,4.20%,,,
16-Dec-17,25.76%,13.92%,26.83%,,13.14%,7.40%,,,,3.08%,,4.21%,,,
17-Dec-17,25.78%,13.95%,26.78%,,13.13%,7.42%,,,,3.11%,,4.23%,,,
18-Dec-17,25.79%,13.97%,26.72%,,13.11%,7.45%,,,,3.13%,,4.24%,,,
19-Dec-17,25.81%,13.99%,26.66%,,13.10%,7.48%,,,,3.15%,,4.25%,,,
20-Dec-17,25.85%,14.05%,26.57%,,13.12%,7.50%,,,,3.17%,,4.28%,,,
21-Dec-17,25.90%,14.10%,26.48%,,13.15%,7.51%,,,,3.19%,,4.32%,,,
22-Dec-17,25.95%,14.16%,26.39%,,13.18%,7.53%,,,,3.22%,,4.35%,,,
23-Dec-17,26.00%,14.22%,26.29%,,13.20%,7.55%,,,,3.24%,,4.39%,,,
24-Dec-17,26.04%,14.27%,26.20%,,13.23%,7.56%,,,,3.26%,,4.42%,,,
25-Dec-17,26.09%,14.33%,26.10%,,13.26%,7.58%,,,,3.29%,,4.46%,,,
26-Dec-17,26.14%,14.39%,26.00%,,13.29%,7.60%,,,,3.31%,,4.49%,,,
27-Dec-17,26.19%,14.45%,25.90%,,13.32%,7.61%,,,,3.33%,,4.53%,,,
28-Dec-17,26.24%,14.52%,25.79%,,13.35%,7.63%,,,,3.36%,,4.57%,,,
29-Dec-17,26.24%,14.52%,25.79%,,13.34%,7.63%,,,,3.36%,,4.57%,,,
30-Dec-17,26.25%,14.52%,25.78%,,13.34%,7.64%,,,,3.37%,,4.57%,,,
31-Dec-17,26.25%,14.52%,25.77%,,13.33%,7.64%,,,,3.37%,,4.58%,,,
01-Jan-18,26.25%,14.52%,25.76%,,13.33%,7.65%,,,,3.38%,,4.58%,,,
02-Jan-18,26.26%,14.52%,25.75%,,13.33%,7.65%,,,,3.38%,,4.58%,,,
03-Jan-18,26.26%,14.52%,25.74%,,13.32%,7.66%,,,,3.38%,,4.59%,,,
04-Jan-18,26.26%,14.53%,25.73%,,13.32%,7.66%,,,,3.39%,,4.59%,,,
05-Jan-18,26.26%,14.53%,25.72%,,13.32%,7.67%,,,,3.39%,,4.59%,,,
06-Jan-18,26.27%,14.54%,25.70%,,13.32%,7.67%,,,,3.39%,,4.60%,,,
07-Jan-18,26.27%,14.54%,25.69%,,13.32%,7.67%,,,,3.39%,,4.61%,,,
08-Jan-18,26.27%,14.55%,25.67%,,13.33%,7.68%,,,,3.39%,,4.61%,,,
09-Jan-18,26.27%,14.55%,25.66%,,13.33%,7.68%,,,,3.39%,,4.62%,,,
10-Jan-18,26.27%,14.56%,25.64%,,13.33%,7.69%,,,,3.40%,,4.62%,,,
11-Jan-18,26.27%,14.56%,25.63%,,13.33%,7.69%,,,,3.40%,,4.63%,,,
12-Jan-18,26.27%,14.57%,25.61%,,13.33%,7.70%,,,,3.40%,,4.64%,,,
13-Jan-18,26.28%,14.57%,25.59%,,13.33%,7.70%,,,,3.40%,,4.64%,,,
14-Jan-18,26.28%,14.58%,25.57%,,13.33%,7.71%,,,,3.40%,,4.65%,,,
15-Jan-18,26.28%,14.59%,25.55%,,13.33%,7.71%,,,,3.40%,,4.66%,,,
16-Jan-18,26.28%,14.59%,25.53%,,13.33%,7.72%,,,,3.40%,,4.67%,,,
17-Jan-18,26.28%,14.60%,25.51%,,13.33%,7.73%,,,,3.40%,,4.68%,,,
18-Jan-18,26.28%,14.61%,25.49%,,13.33%,7.73%,,,,3.40%,,4.68%,,,
19-Jan-18,26.28%,14.61%,25.47%,,13.33%,7.74%,,,,3.41%,,4.69%,,,
20-Jan-18,26.29%,14.62%,25.44%,,13.33%,7.75%,,,,3.41%,,4.70%,,,
21-Jan-18,26.29%,14.63%,25.42%,,13.33%,7.75%,,,,3.41%,,4.71%,,,
22-Jan-18,26.29%,14.64%,25.40%,,13.33%,7.76%,,,,3.41%,,4.72%,,,
23-Jan-18,26.29%,14.64%,25.37%,,13.32%,7.77%,,,,3.42%,,4.73%,,,
24-Jan-18,26.29%,14.65%,25.35%,,13.32%,7.78%,,,,3.42%,,4.74%,,,
25-Jan-18,26.51%,14.76%,25.20%,,13.25%,7.69%,,,,3.45%,,4.76%,,,
26-Jan-18,26.74%,14.88%,25.04%,,13.18%,7.60%,,,,3.48%,,4.79%,,,
27-Jan-18,26.97%,14.99%,24.88%,,13.11%,7.51%,,,,3.52%,,4.81%,,,
28-Jan-18,27.20%,15.10%,24.73%,,13.04%,7.42%,,,,3.55%,,4.84%,,,
29-Jan-18,27.37%,15.15%,24.64%,,12.95%,7.30%,,,,3.59%,,4.84%,,,
30-Jan-18,27.54%,15.19%,24.55%,,12.86%,7.19%,,,,3.62%,,4.85%,,,
31-Jan-18,27.72%,15.24%,24.45%,,12.77%,7.07%,,,,3.66%,,4.85%,,,
01-Feb-18,27.89%,15.28%,24.36%,,12.67%,6.95%,,,,3.69%,,4.86%,,,
02-Feb-18,28.07%,15.33%,24.28%,,12.58%,6.83%,,,,3.73%,,4.86%,,,
03-Feb-18,28.25%,15.37%,24.19%,,12.48%,6.71%,,,,3.77%,,4.87%,,,
04-Feb-18,28.43%,15.42%,24.10%,,12.39%,6.59%,,,,3.80%,,4.87%,,,
05-Feb-18,28.61%,15.46%,24.01%,,12.30%,6.46%,,,,3.84%,,4.87%,,,
06-Feb-18,28.79%,15.51%,23.92%,,12.20%,6.34%,,,,3.88%,,4.87%,,,
07-Feb-18,28.98%,15.55%,23.84%,,12.11%,6.21%,,,,3.91%,,4.88%,,,
08-Feb-18,29.17%,15.60%,23.75%,,12.02%,6.08%,,,,3.95%,,4.88%,,,
09-Feb-18,29.13%,15.54%,23.79%,,11.99%,6.04%,,,,3.96%,,4.86%,,,
10-Feb-18,29.10%,15.48%,23.83%,,11.95%,6.01%,,,,3.97%,,4.85%,,,
11-Feb-18,29.06%,15.42%,23.88%,,11.92%,5.97%,,,,3.98%,,4.83%,,,
12-Feb-18,29.03%,15.36%,23.92%,,11.89%,5.93%,,,,3.98%,,4.82%,,,
13-Feb-18,29.05%,15.37%,23.90%,,11.88%,5.92%,,,,3.99%,,4.82%,,,
14-Feb-18,29.08%,15.39%,23.88%,,11.87%,5.90%,,,,4.00%,,4.82%,,,
15-Feb-18,29.21%,15.43%,23.80%,,11.84%,5.89%,,,,4.00%,,4.87%,,,
16-Feb-18,29.35%,15.48%,23.72%,,11.81%,5.87%,,,,4.01%,,4.92%,,,
17-Feb-18,29.48%,15.52%,23.64%,,11.78%,5.86%,,,,4.02%,,4.97%,,,
18-Feb-18,29.62%,15.57%,23.56%,,11.75%,5.85%,,,,4.02%,,5.02%,,,
19-Feb-18,29.76%,15.62%,23.47%,,11.72%,5.84%,,,,4.03%,,5.07%,,,
20-Feb-18,29.84%,15.64%,23.45%,,11.64%,5.83%,,,,4.02%,,5.10%,,,
21-Feb-18,29.92%,15.65%,23.43%,,11.57%,5.82%,,,,4.01%,,5.13%,,,
22-Feb-18,30.01%,15.67%,23.40%,,11.49%,5.81%,,,,4.00%,,5.16%,,,
23-Feb-18,30.09%,15.69%,23.38%,,11.42%,5.80%,,,,3.99%,,5.20%,,,
24-Feb-18,30.17%,15.71%,23.36%,,11.34%,5.80%,,,,3.98%,,5.23%,,,
25-Feb-18,30.25%,15.73%,23.34%,,11.27%,5.79%,,,,3.97%,,5.26%,,,
26-Feb-18,30.33%,15.74%,23.32%,,11.19%,5.79%,,,,3.96%,,5.29%,,,
27-Feb-18,30.41%,15.76%,23.30%,,11.12%,5.78%,,,,3.95%,,5.32%,,,
28-Feb-18,30.49%,15.77%,23.29%,,11.04%,5.78%,,,,3.94%,,5.35%,,,
01-Mar-18,30.56%,15.78%,23.27%,,10.97%,5.78%,,,,3.92%,,5.38%,,,
02-Mar-18,30.53%,15.76%,23.32%,,10.91%,5.77%,,,,3.91%,,5.37%,,,
03-Mar-18,30.50%,15.74%,23.36%,,10.86%,5.76%,,,,3.90%,,5.35%,,,
04-Mar-18,30.47%,15.72%,23.41%,,10.80%,5.76%,,,,3.89%,,5.33%,,,
05-Mar-18,30.44%,15.70%,23.46%,,10.74%,5.75%,,,,3.87%,,5.31%,,,
06-Mar-18,30.40%,15.67%,23.52%,,10.68%,5.74%,,,,3.86%,,5.30%,,,
07-Mar-18,30.42%,15.68%,23.51%,,10.67%,5.74%,,,,3.86%,,5.30%,,,
08-Mar-18,30.44%,15.68%,23.50%,,10.66%,5.73%,,,,3.86%,,5.30%,,,
09-Mar-18,30.46%,15.68%,23.50%,,10.65%,5.72%,,,,3.86%,,5.31%,,,
10-Mar-18,30.47%,15.69%,23.49%,,10.64%,5.71%,,,,3.86%,,5.31%,,,
11-Mar-18,30.49%,15.69%,23.48%,,10.62%,5.70%,,,,3.86%,,5.31%,,,
12-Mar-18,30.51%,15.69%,23.48%,,10.61%,5.69%,,,,3.86%,,5.32%,,,
13-Mar-18,30.53%,15.70%,23.47%,,10.59%,5.68%,,,,3.87%,,5.32%,,,
14-Mar-18,30.62%,15.75%,23.47%,,10.58%,5.64%,,,,3.86%,,5.32%,,,
15-Mar-18,30.71%,15.81%,23.47%,,10.57%,5.60%,,,,3.86%,,5.31%,,,
16-Mar-18,30.81%,15.87%,23.47%,,10.56%,5.55%,,,,3.85%,,5.31%,,,
17-Mar-18,30.90%,15.92%,23.48%,,10.54%,5.51%,,,,3.85%,,5.31%,,,
18-Mar-18,30.99%,15.98%,23.48%,,10.53%,5.47%,,,,3.84%,,5.30%,,,
19-Mar-18,31.07%,16.04%,23.48%,,10.52%,5.43%,,,,3.84%,,5.30%,,,
20-Mar-18,31.16%,16.09%,23.49%,,10.50%,5.39%,,,,3.83%,,5.29%,,,
21-Mar-18,31.24%,16.10%,23.52%,,10.49%,5.35%,,,,3.81%,,5.26%,,,
22-Mar-18,31.32%,16.11%,23.56%,,10.47%,5.31%,,,,3.80%,,5.22%,,,
23-Mar-18,31.40%,16.12%,23.60%,,10.45%,5.26%,,,,3.78%,,5.19%,,,
24-Mar-18,31.47%,16.13%,23.64%,,10.43%,5.22%,,,,3.76%,,5.15%,,,
25-Mar-18,31.55%,16.14%,23.68%,,10.41%,5.18%,,,,3.75%,,5.11%,,,
26-Mar-18,31.62%,16.14%,23.73%,,10.40%,5.14%,,,,3.73%,,5.08%,,,
27-Mar-18,31.69%,16.15%,23.77%,,10.38%,5.10%,,,,3.71%,,5.04%,,,
28-Mar-18,31.76%,16.16%,23.81%,,10.37%,5.06%,,,,3.70%,,5.00%,,,
29-Mar-18,31.76%,16.11%,23.85%,,10.35%,5.06%,,,,3.68%,,4.97%,,,
30-Mar-18,31.76%,16.07%,23.89%,,10.34%,5.05%,,,,3.67%,,4.94%,,,
31-Mar-18,31.76%,16.02%,23.93%,,10.33%,5.04%,,,,3.66%,,4.91%,,,
01-Apr-18,31.75%,15.97%,23.97%,,10.31%,5.04%,,,,3.65%,,4.88%,,,
02-Apr-18,31.75%,15.93%,24.00%,,10.30%,5.03%,,,,3.64%,,4.84%,,,
03-Apr-18,31.74%,15.88%,24.04%,,10.29%,5.03%,,,,3.62%,,4.81%,,,
04-Apr-18,31.74%,15.83%,24.08%,,10.28%,5.03%,,,,3.61%,,4.78%,,,
05-Apr-18,31.74%,15.83%,24.08%,,10.27%,5.02%,,,,3.61%,,4.78%,,,
06-Apr-18,31.75%,15.83%,24.09%,,10.27%,5.02%,,,,3.61%,,4.77%,,,
07-Apr-18,31.75%,15.83%,24.10%,,10.27%,5.02%,,,,3.60%,,4.77%,,,
08-Apr-18,31.75%,15.83%,24.10%,,10.27%,5.02%,,,,3.60%,,4.77%,,,
09-Apr-18,31.76%,15.83%,24.11%,,10.27%,5.02%,,,,3.60%,,4.77%,,,
10-Apr-18,31.76%,15.83%,24.11%,,10.26%,5.02%,,,,3.60%,,4.76%,,,
11-Apr-18,31.76%,15.82%,24.12%,,10.26%,5.02%,,,,3.59%,,4.76%,,,
12-Apr-18,31.76%,15.82%,24.12%,,10.26%,5.02%,,,,3.59%,,4.76%,,,
13-Apr-18,31.77%,15.82%,24.13%,,10.26%,5.02%,,,,3.59%,,4.75%,,,
14-Apr-18,31.77%,15.82%,24.14%,,10.26%,5.02%,,,,3.59%,,4.75%,,,
15-Apr-18,31.79%,15.79%,24.17%,,10.19%,5.00%,,,,3.57%,,4.72%,,,
16-Apr-18,31.78%,15.82%,24.16%,,10.14%,5.00%,,,,3.61%,,4.72%,,,
17-Apr-18,31.77%,15.86%,24.14%,,10.10%,5.00%,,,,3.64%,,4.71%,,,
18-Apr-18,31.75%,15.89%,24.12%,,10.05%,5.00%,,,,3.67%,,4.71%,,,
19-Apr-18,31.74%,15.93%,24.11%,,10.00%,5.00%,,,,3.71%,,4.70%,,,
20-Apr-18,31.73%,15.96%,24.09%,,9.96%,5.00%,,,,3.74%,,4.69%,,,
21-Apr-18,31.71%,15.99%,24.07%,,9.91%,5.00%,,,,3.78%,,4.69%,,,
22-Apr-18,31.70%,16.03%,24.06%,,9.86%,5.00%,,,,3.81%,,4.68%,,,
23-Apr-18,31.69%,16.06%,24.04%,,9.81%,5.01%,,,,3.85%,,4.68%,,,
24-Apr-18,31.67%,16.10%,24.02%,,9.76%,5.01%,,,,3.88%,,4.67%,,,
25-Apr-18,31.66%,16.14%,24.01%,,9.71%,5.01%,,,,3.92%,,4.67%,,,
26-Apr-18,31.64%,16.17%,23.99%,,9.66%,5.01%,,,,3.96%,,4.66%,,,
27-Apr-18,31.63%,16.21%,23.97%,,9.61%,5.01%,,,,3.99%,,4.66%,,,
28-Apr-18,31.62%,16.25%,23.95%,,9.56%,5.01%,,,,4.03%,,4.65%,,,
29-Apr-18,31.60%,16.28%,23.93%,,9.51%,5.01%,,,,4.07%,,4.65%,,,
30-Apr-18,31.57%,16.35%,23.89%,,9.53%,5.03%,,,,4.11%,,4.67%,,,
01-May-18,31.57%,16.35%,23.89%,,9.52%,5.03%,,,,4.12%,,4.66%,,,
02-May-18,31.57%,16.36%,23.89%,,9.51%,5.03%,,,,4.12%,,4.66%,,,
03-May-18,31.57%,16.36%,23.90%,,9.50%,5.03%,,,,4.12%,,4.65%,,,
04-May-18,31.57%,16.36%,23.90%,,9.49%,5.02%,,,,4.12%,,4.65%,,,
05-May-18,31.57%,16.37%,23.91%,,9.48%,5.02%,,,,4.13%,,4.65%,,,
06-May-18,31.58%,16.37%,23.91%,,9.47%,5.02%,,,,4.13%,,4.64%,,,
07-May-18,31.58%,16.38%,23.91%,,9.46%,5.02%,,,,4.13%,,4.64%,,,
08-May-18,31.58%,16.39%,23.92%,,9.45%,5.02%,,,,4.13%,,4.63%,,,
09-May-18,31.59%,16.39%,23.92%,,9.44%,5.02%,,,,4.14%,,4.63%,,,
10-May-18,31.59%,16.40%,23.92%,,9.43%,5.02%,,,,4.14%,,4.62%,,,
11-May-18,31.60%,16.41%,23.92%,,9.42%,5.02%,,,,4.14%,,4.62%,,,
12-May-18,31.60%,16.42%,23.92%,,9.41%,5.01%,,,,4.15%,,4.61%,,,
13-May-18,31.61%,16.43%,23.92%,,9.40%,5.01%,,,,4.15%,,4.61%,,,
14-May-18,31.61%,16.43%,23.92%,,9.39%,5.01%,,,,4.16%,,4.60%,,,
15-May-18,31.59%,16.42%,23.96%,,9.38%,5.01%,,,,4.16%,,4.57%,,,
16-May-18,31.58%,16.41%,23.93%,,9.41%,5.00%,,,,4.14%,,4.54%,,,
17-May-18,31.57%,16.40%,23.91%,,9.44%,5.00%,,,,4.12%,,4.50%,,,
18-May-18,31.55%,16.39%,23.88%,,9.48%,5.00%,,,,4.10%,,4.47%,,,
19-May-18,31.54%,16.38%,23.85%,,9.51%,5.00%,,,,4.08%,,4.43%,,,
20-May-18,31.53%,16.38%,23.82%,,9.55%,4.99%,,,,4.06%,,4.40%,,,
21-May-18,31.52%,16.37%,23.80%,,9.59%,4.99%,,,,4.04%,,4.36%,,,
22-May-18,31.51%,16.36%,23.77%,,9.63%,4.99%,,,,4.02%,,4.33%,,,
23-May-18,31.49%,16.35%,23.74%,,9.67%,4.98%,,,,4.00%,,4.29%,,,
24-May-18,31.47%,16.33%,23.71%,,9.70%,4.98%,,,,3.98%,,4.26%,,,
25-May-18,31.46%,16.32%,23.69%,,9.74%,4.98%,,,,3.96%,,4.22%,,,
26-May-18,31.44%,16.31%,23.66%,,9.79%,4.98%,,,,3.94%,,4.18%,,,
27-May-18,31.43%,16.30%,23.63%,,9.83%,4.97%,,,,3.92%,,4.14%,,,
28-May-18,31.41%,16.28%,23.60%,,9.87%,4.97%,,,,3.90%,,4.11%,,,
29-May-18,31.39%,16.27%,23.57%,,9.91%,4.97%,,,,3.87%,,4.07%,,,
30-May-18,31.41%,16.28%,23.50%,,9.96%,4.97%,,,,3.86%,,4.06%,,,
31-May-18,31.41%,16.29%,23.50%,,9.96%,4.96%,,,,3.86%,,4.05%,,,
01-Jun-18,31.40%,16.29%,23.49%,,9.97%,4.96%,,,,3.86%,,4.05%,,,
02-Jun-18,31.40%,16.29%,23.48%,,9.97%,4.96%,,,,3.86%,,4.04%,,,
03-Jun-18,31.40%,16.29%,23.48%,,9.97%,4.96%,,,,3.86%,,4.03%,,,
04-Jun-18,31.40%,16.29%,23.47%,,9.98%,4.96%,,,,3.86%,,4.03%,,,
05-Jun-18,31.40%,16.29%,23.46%,,9.98%,4.96%,,,,3.86%,,4.02%,,,
06-Jun-18,31.40%,16.30%,23.45%,,9.98%,4.96%,,,,3.86%,,4.02%,,,
07-Jun-18,31.39%,16.30%,23.45%,,9.98%,4.96%,,,,3.87%,,4.02%,,,
08-Jun-18,31.39%,16.30%,23.44%,,9.99%,4.96%,,,,3.87%,,4.01%,,,
09-Jun-18,31.39%,16.30%,23.43%,,9.99%,4.96%,,,,3.87%,,4.01%,,,
10-Jun-18,31.38%,16.30%,23.42%,,9.99%,4.96%,,,,3.87%,,4.01%,,,
11-Jun-18,31.38%,16.30%,23.41%,,10.00%,4.96%,,,,3.87%,,4.00%,,,
12-Jun-18,31.37%,16.30%,23.40%,,10.00%,4.96%,,,,3.87%,,4.00%,,,
13-Jun-18,31.37%,16.30%,23.40%,,10.00%,4.97%,,,,3.87%,,4.00%,,,
14-Jun-18,31.36%,16.30%,23.39%,,10.00%,4.97%,,,,3.87%,,4.00%,,,
15-Jun-18,31.30%,16.32%,23.45%,,9.99%,4.97%,,,,3.84%,,3.99%,,,
16-Jun-18,31.25%,16.35%,23.47%,,10.05%,5.01%,,,,3.84%,,3.97%,,,
17-Jun-18,31.21%,16.38%,23.50%,,10.11%,5.05%,,,,3.83%,,3.95%,,,
18-Jun-18,31.17%,16.41%,23.53%,,10.17%,5.09%,,,,3.83%,,3.93%,,,
19-Jun-18,31.12%,16.44%,23.56%,,10.23%,5.13%,,,,3.82%,,3.91%,,,
20-Jun-18,31.08%,16.48%,23.59%,,10.29%,5.17%,,,,3.82%,,3.89%,,,
21-Jun-18,31.04%,16.51%,23.62%,,10.35%,5.21%,,,,3.82%,,3.86%,,,
22-Jun-18,30.99%,16.54%,23.65%,,10.41%,5.25%,,,,3.81%,,3.84%,,,
23-Jun-18,30.95%,16.57%,23.68%,,10.48%,5.29%,,,,3.81%,,3.82%,,,
24-Jun-18,30.90%,16.61%,23.72%,,10.54%,5.33%,,,,3.80%,,3.80%,,,
25-Jun-18,30.86%,16.64%,23.75%,,10.61%,5.37%,,,,3.80%,,3.78%,,,
26-Jun-18,30.82%,16.67%,23.78%,,10.67%,5.41%,,,,3.80%,,3.76%,,,
27-Jun-18,30.77%,16.71%,23.81%,,10.74%,5.45%,,,,3.79%,,3.73%,,,
28-Jun-18,30.73%,16.75%,23.85%,,10.80%,5.49%,,,,3.79%,,3.71%,,,
29-Jun-18,30.69%,16.78%,23.88%,,10.87%,5.53%,,,,3.78%,,3.69%,,,
30-Jun-18,30.71%,16.79%,23.85%,,10.96%,5.57%,,,,3.81%,,3.67%,,,
01-Jul-18,30.70%,16.80%,23.85%,,10.97%,5.58%,,,,3.81%,,3.67%,,,
02-Jul-18,30.69%,16.80%,23.85%,,10.98%,5.58%,,,,3.81%,,3.66%,,,
03-Jul-18,30.69%,16.81%,23.85%,,10.99%,5.59%,,,,3.81%,,3.66%,,,
04-Jul-18,30.68%,16.81%,23.85%,,11.00%,5.59%,,,,3.80%,,3.65%,,,
05-Jul-18,30.68%,16.82%,23.85%,,11.01%,5.60%,,,,3.80%,,3.65%,,,
06-Jul-18,30.67%,16.82%,23.85%,,11.02%,5.60%,,,,3.80%,,3.65%,,,
07-Jul-18,30.67%,16.83%,23.85%,,11.03%,5.61%,,,,3.80%,,3.64%,,,
08-Jul-18,30.66%,16.83%,23.85%,,11.05%,5.61%,,,,3.79%,,3.64%,,,
09-Jul-18,30.66%,16.84%,23.86%,,11.06%,5.62%,,,,3.79%,,3.64%,,,
10-Jul-18,30.66%,16.84%,23.86%,,11.07%,5.62%,,,,3.79%,,3.63%,,,
11-Jul-18,30.65%,16.84%,23.86%,,11.09%,5.63%,,,,3.78%,,3.63%,,,
12-Jul-18,30.65%,16.85%,23.86%,,11.10%,5.63%,,,,3.78%,,3.62%,,,
13-Jul-18,30.64%,16.85%,23.87%,,11.11%,5.64%,,,,3.78%,,3.62%,,,
14-Jul-18,30.64%,16.85%,23.87%,,11.13%,5.64%,,,,3.77%,,3.61%,,,
15-Jul-18,30.62%,16.96%,23.88%,,11.18%,5.63%,,,,3.75%,,3.59%,,,
16-Jul-18,30.60%,17.08%,23.89%,,11.23%,5.62%,,,,3.73%,,3.58%,,,
17-Jul-18,30.58%,17.20%,23.89%,,11.29%,5.61%,,,,3.71%,,3.56%,,,
18-Jul-18,30.56%,17.31%,23.90%,,11.34%,5.60%,,,,3.69%,,3.54%,,,
19-Jul-18,30.55%,17.43%,23.91%,,11.40%,5.59%,,,,3.67%,,3.52%,,,
20-Jul-18,30.53%,17.55%,23.91%,,11.46%,5.58%,,,,3.64%,,3.50%,,,
21-Jul-18,30.51%,17.68%,23.92%,,11.51%,5.57%,,,,3.62%,,3.48%,,,
22-Jul-18,30.49%,17.80%,23.93%,,11.57%,5.56%,,,,3.60%,,3.46%,,,
23-Jul-18,30.47%,17.92%,23.93%,,11.63%,5.55%,,,,3.58%,,3.44%,,,
24-Jul-18,30.45%,18.05%,23.94%,,11.69%,5.54%,,,,3.55%,,3.42%,,,
25-Jul-18,30.43%,18.18%,23.95%,,11.75%,5.53%,,,,3.53%,,3.40%,,,
26-Jul-18,30.41%,18.31%,23.96%,,11.81%,5.52%,,,,3.51%,,3.38%,,,
27-Jul-18,30.39%,18.44%,23.97%,,11.87%,5.50%,,,,3.48%,,3.36%,,,
28-Jul-18,30.37%,18.57%,23.97%,,11.92%,5.49%,,,,3.46%,,3.34%,,,
29-Jul-18,30.35%,18.70%,23.98%,,11.98%,5.48%,,,,3.44%,,3.32%,,,
30-Jul-18,30.34%,18.72%,23.99%,,12.00%,5.48%,,,,3.43%,,3.32%,,,
31-Jul-18,30.34%,18.74%,23.99%,,12.02%,5.48%,,,,3.43%,,3.31%,,,
01-Aug-18,30.33%,18.76%,24.00%,,12.03%,5.48%,,,,3.42%,,3.30%,,,
02-Aug-18,30.33%,18.78%,24.00%,,12.05%,5.49%,,,,3.42%,,3.30%,,,
03-Aug-18,30.32%,18.80%,24.01%,,12.06%,5.49%,,,,3.41%,,3.29%,,,
04-Aug-18,30.32%,18.83%,24.01%,,12.08%,5.49%,,,,3.41%,,3.29%,,,
05-Aug-18,30.31%,18.85%,24.02%,,12.09%,5.49%,,,,3.40%,,3.28%,,,
06-Aug-18,30.31%,18.87%,24.02%,,12.10%,5.49%,,,,3.40%,,3.28%,,,
07-Aug-18,30.30%,18.89%,24.03%,,12.11%,5.49%,,,,3.40%,,3.28%,,,
08-Aug-18,30.30%,18.91%,24.03%,,12.12%,5.49%,,,,3.40%,,3.27%,,,
09-Aug-18,30.29%,18.93%,24.03%,,12.13%,5.50%,,,,3.40%,,3.27%,,,
10-Aug-18,30.29%,18.96%,24.04%,,12.14%,5.50%,,,,3.39%,,3.27%,,,
11-Aug-18,30.28%,18.98%,24.04%,,12.15%,5.50%,,,,3.39%,,3.27%,,,
12-Aug-18,30.28%,19.01%,24.05%,,12.16%,5.50%,,,,3.39%,,3.26%,,,
13-Aug-18,30.27%,19.03%,24.05%,,12.17%,5.50%,,,,3.39%,,3.26%,,,
14-Aug-18,30.26%,19.06%,24.06%,,12.18%,5.50%,,,,3.39%,,3.26%,,,
15-Aug-18,30.25%,19.14%,24.06%,,12.21%,5.50%,,,,3.35%,,3.29%,,,
16-Aug-18,30.16%,19.20%,24.10%,,12.21%,5.48%,,,,3.33%,,3.30%,,,
17-Aug-18,30.06%,19.27%,24.14%,,12.21%,5.47%,,,,3.31%,,3.31%,,,
18-Aug-18,29.97%,19.33%,24.18%,,12.21%,5.46%,,,,3.29%,,3.32%,,,
19-Aug-18,29.87%,19.40%,24.23%,,12.21%,5.44%,,,,3.27%,,3.33%,,,
20-Aug-18,29.78%,19.46%,24.27%,,12.21%,5.43%,,,,3.25%,,3.34%,,,
21-Aug-18,29.68%,19.53%,24.31%,,12.22%,5.42%,,,,3.22%,,3.35%,,,
22-Aug-18,29.59%,19.59%,24.36%,,12.22%,5.40%,,,,3.20%,,3.36%,,,
23-Aug-18,29.49%,19.66%,24.40%,,12.22%,5.39%,,,,3.18%,,3.37%,,,
24-Aug-18,29.39%,19.73%,24.45%,,12.22%,5.38%,,,,3.16%,,3.38%,,,
25-Aug-18,29.29%,19.79%,24.49%,,12.22%,5.36%,,,,3.13%,,3.40%,,,
26-Aug-18,29.19%,19.85%,24.54%,,12.22%,5.35%,,,,3.11%,,3.41%,,,
27-Aug-18,29.09%,19.91%,24.58%,,12.21%,5.33%,,,,3.09%,,3.42%,,,
28-Aug-18,28.99%,19.97%,24.62%,,12.21%,5.32%,,,,3.07%,,3.43%,,,
29-Aug-18,28.89%,20.03%,24.67%,,12.20%,5.30%,,,,3.04%,,3.44%,,,
30-Aug-18,28.80%,20.03%,24.72%,,12.19%,5.29%,,,,3.06%,,3.41%,,,
31-Aug-18,28.79%,20.05%,24.73%,,12.19%,5.29%,,,,3.05%,,3.41%,,,
01-Sep-18,28.78%,20.07%,24.73%,,12.20%,5.29%,,,,3.05%,,3.41%,,,
02-Sep-18,28.76%,20.09%,24.74%,,12.20%,5.28%,,,,3.04%,,3.41%,,,
03-Sep-18,28.75%,20.11%,24.74%,,12.20%,5.28%,,,,3.04%,,3.42%,,,
04-Sep-18,28.74%,20.12%,24.75%,,12.20%,5.28%,,,,3.04%,,3.42%,,,
05-Sep-18,28.73%,20.14%,24.75%,,12.21%,5.27%,,,,3.03%,,3.42%,,,
06-Sep-18,28.72%,20.15%,24.76%,,12.21%,5.27%,,,,3.03%,,3.42%,,,
07-Sep-18,28.71%,20.17%,24.76%,,12.21%,5.27%,,,,3.03%,,3.42%,,,
08-Sep-18,28.70%,20.18%,24.76%,,12.21%,5.26%,,,,3.02%,,3.42%,,,
09-Sep-18,28.69%,20.19%,24.77%,,12.21%,5.26%,,,,3.02%,,3.42%,,,
10-Sep-18,28.67%,20.20%,24.77%,,12.21%,5.25%,,,,3.02%,,3.42%,,,
11-Sep-18,28.66%,20.22%,24.77%,,12.21%,5.25%,,,,3.01%,,3.42%,,,
12-Sep-18,28.65%,20.23%,24.78%,,12.21%,5.24%,,,,3.01%,,3.42%,,,
13-Sep-18,28.64%,20.25%,24.78%,,12.21%,5.24%,,,,3.00%,,3.42%,,,
14-Sep-18,28.63%,20.26%,24.78%,,12.21%,5.23%,,,,3.00%,,3.42%,,,
15-Sep-18,28.58%,20.21%,24.85%,,12.25%,5.19%,,,,2.99%,,3.40%,,,
16-Sep-18,28.52%,20.18%,24.90%,,12.29%,5.15%,,,,2.99%,,3.37%,,,
17-Sep-18,28.45%,20.14%,24.95%,,12.33%,5.11%,,,,2.99%,,3.34%,,,
18-Sep-18,28.39%,20.10%,25.00%,,12.37%,5.07%,,,,2.98%,,3.31%,,,
19-Sep-18,28.32%,20.06%,25.05%,,12.41%,5.03%,,,,2.98%,,3.29%,,,
20-Sep-18,28.26%,20.02%,25.11%,,12.46%,4.99%,,,,2.98%,,3.26%,,,
21-Sep-18,28.19%,19.97%,25.16%,,12.50%,4.95%,,,,2.97%,,3.23%,,,
22-Sep-18,28.13%,19.93%,25.21%,,12.54%,4.90%,,,,2.97%,,3.20%,,,
23-Sep-18,28.06%,19.89%,25.27%,,12.58%,4.86%,,,,2.97%,,3.17%,,,
24-Sep-18,27.99%,19.85%,25.32%,,12.63%,4.82%,,,,2.96%,,3.14%,,,
25-Sep-18,27.92%,19.80%,25.38%,,12.67%,4.78%,,,,2.96%,,3.11%,,,
26-Sep-18,27.86%,19.76%,25.43%,,12.71%,4.74%,,,,2.96%,,3.08%,,,
27-Sep-18,27.79%,19.71%,25.49%,,12.76%,4.70%,,,,2.96%,,3.05%,,,
28-Sep-18,27.73%,19.66%,25.54%,,12.80%,4.66%,,,,2.95%,,3.02%,,,
29-Sep-18,27.66%,19.60%,25.60%,,12.84%,4.62%,,,,2.95%,,2.99%,,,
30-Sep-18,27.63%,19.62%,25.59%,,12.85%,4.62%,,,,2.95%,,2.99%,,,
01-Oct-18,27.61%,19.61%,25.60%,,12.86%,4.61%,,,,2.95%,,2.99%,,,
02-Oct-18,27.60%,19.61%,25.61%,,12.86%,4.61%,,,,2.95%,,2.99%,,,
03-Oct-18,27.59%,19.61%,25.62%,,12.86%,4.60%,,,,2.95%,,2.98%,,,
04-Oct-18,27.58%,19.61%,25.62%,,12.87%,4.60%,,,,2.94%,,2.98%,,,
05-Oct-18,27.57%,19.60%,25.63%,,12.87%,4.59%,,,,2.94%,,2.98%,,,
06-Oct-18,27.56%,19.60%,25.64%,,12.87%,4.59%,,,,2.94%,,2.98%,,,
07-Oct-18,27.55%,19.59%,25.64%,,12.87%,4.59%,,,,2.94%,,2.98%,,,
08-Oct-18,27.54%,19.58%,25.65%,,12.87%,4.58%,,,,2.94%,,2.97%,,,
09-Oct-18,27.53%,19.57%,25.66%,,12.87%,4.58%,,,,2.94%,,2.97%,,,
10-Oct-18,27.52%,19.56%,25.66%,,12.88%,4.58%,,,,2.94%,,2.97%,,,
11-Oct-18,27.51%,19.55%,25.67%,,12.88%,4.57%,,,,2.94%,,2.97%,,,
12-Oct-18,27.50%,19.54%,25.68%,,12.88%,4.57%,,,,2.94%,,2.97%,,,
13-Oct-18,27.49%,19.53%,25.68%,,12.88%,4.57%,,,,2.94%,,2.97%,,,
14-Oct-18,27.48%,19.52%,25.69%,,12.88%,4.57%,,,,2.94%,,2.96%,,,
15-Oct-18,27.49%,19.47%,25.77%,,12.87%,4.57%,,,,2.93%,,2.94%,,,
16-Oct-18,27.49%,19.36%,25.82%,0.09%,12.88%,4.58%,,,,2.93%,,2.91%,,,
17-Oct-18,27.50%,19.26%,25.87%,0.19%,12.89%,4.59%,,,,2.94%,,2.88%,,,
18-Oct-18,27.51%,19.15%,25.92%,0.28%,12.90%,4.60%,,,,2.95%,,2.85%,,,
19-Oct-18,27.52%,19.04%,25.97%,0.37%,12.92%,4.62%,,,,2.96%,,2.82%,,,
20-Oct-18,27.53%,18.93%,26.02%,0.47%,12.93%,4.63%,,,,2.96%,,2.78%,,,
21-Oct-18,27.54%,18.82%,26.07%,0.57%,12.94%,4.64%,,,,2.97%,,2.75%,,,
22-Oct-18,27.55%,18.71%,26.12%,0.66%,12.95%,4.65%,,,,2.98%,,2.72%,,,
23-Oct-18,27.56%,18.60%,26.17%,0.76%,12.96%,4.66%,,,,2.99%,,2.68%,,,
24-Oct-18,27.57%,18.49%,26.22%,0.86%,12.97%,4.68%,,,,3.00%,,2.65%,,,
25-Oct-18,27.58%,18.38%,26.27%,0.96%,12.98%,4.69%,,,,3.00%,,2.62%,,,
26-Oct-18,27.59%,18.27%,26.32%,1.06%,12.99%,4.70%,,,,3.01%,,2.58%,,,
27-Oct-18,27.61%,18.16%,26.37%,1.16%,13.01%,4.71%,,,,3.02%,,2.55%,,,
28-Oct-18,27.62%,18.05%,26.42%,1.26%,13.02%,4.73%,,,,3.03%,,2.52%,,,
29-Oct-18,27.64%,17.94%,26.46%,1.36%,13.03%,4.74%,,,,3.04%,,2.48%,,,
30-Oct-18,27.64%,17.87%,26.44%,1.46%,13.06%,4.75%,,,,3.06%,,2.46%,,,
31-Oct-18,27.64%,17.86%,26.45%,1.47%,13.06%,4.75%,,,,3.06%,,2.46%,,,
01-Nov-18,27.64%,17.84%,26.45%,1.48%,13.06%,4.75%,,,,3.07%,,2.45%,,,
02-Nov-18,27.63%,17.83%,26.46%,1.49%,13.07%,4.75%,,,,3.07%,,2.45%,,,
03-Nov-18,27.63%,17.81%,26.47%,1.50%,13.07%,4.74%,,,,3.07%,,2.44%,,,
04-Nov-18,27.63%,17.80%,26.48%,1.51%,13.07%,4.74%,,,,3.07%,,2.44%,,,
05-Nov-18,27.63%,17.78%,26.48%,1.52%,13.08%,4.74%,,,,3.07%,,2.43%,,,
06-Nov-18,27.63%,17.77%,26.49%,1.53%,13.08%,4.74%,,,,3.07%,,2.43%,,,
07-Nov-18,27.63%,17.76%,26.50%,1.54%,13.09%,4.74%,,,,3.07%,,2.42%,,,
08-Nov-18,27.63%,17.74%,26.50%,1.55%,13.09%,4.74%,,,,3.07%,,2.42%,,,
09-Nov-18,27.63%,17.73%,26.51%,1.56%,13.10%,4.74%,,,,3.08%,,2.41%,,,
10-Nov-18,27.63%,17.71%,26.52%,1.57%,13.10%,4.74%,,,,3.08%,,2.40%,,,
11-Nov-18,27.63%,17.70%,26.53%,1.59%,13.10%,4.74%,,,,3.08%,,2.40%,,,
12-Nov-18,27.63%,17.68%,26.54%,1.60%,13.11%,4.74%,,,,3.08%,,2.39%,,,
13-Nov-18,27.63%,17.66%,26.54%,1.61%,13.11%,4.74%,,,,3.08%,,2.38%,,,
14-Nov-18,27.64%,17.65%,26.55%,1.63%,13.12%,4.74%,,,,3.08%,,2.38%,,,
15-Nov-18,27.67%,17.62%,26.53%,1.78%,13.08%,4.75%,,,,3.08%,,2.36%,,,
16-Nov-18,27.63%,17.56%,26.59%,1.99%,12.96%,4.75%,,,,3.08%,,2.33%,,,
17-Nov-18,27.60%,17.50%,26.65%,2.20%,12.85%,4.76%,,,,3.08%,,2.30%,,,
18-Nov-18,27.56%,17.44%,26.71%,2.41%,12.74%,4.77%,,,,3.08%,,2.27%,,,
19-Nov-18,27.53%,17.38%,26.77%,2.62%,12.62%,4.78%,,,,3.08%,,2.24%,,,
20-Nov-18,27.49%,17.32%,26.84%,2.84%,12.50%,4.78%,,,,3.08%,,2.21%,,,
21-Nov-18,27.46%,17.25%,26.90%,3.05%,12.38%,4.79%,,,,3.08%,,2.18%,,,
22-Nov-18,27.42%,17.19%,26.96%,3.27%,12.26%,4.80%,,,,3.07%,,2.15%,,,
23-Nov-18,27.38%,17.13%,27.03%,3.49%,12.14%,4.81%,,,,3.07%,,2.11%,,,
24-Nov-18,27.35%,17.07%,27.09%,3.72%,12.02%,4.82%,,,,3.07%,,2.08%,,,
25-Nov-18,27.31%,17.01%,27.16%,3.94%,11.90%,4.83%,,,,3.07%,,2.05%,,,
26-Nov-18,27.27%,16.95%,27.22%,4.16%,11.77%,4.83%,,,,3.07%,,2.02%,,,
27-Nov-18,27.24%,16.89%,27.29%,4.39%,11.65%,4.84%,,,,3.07%,,1.99%,,,
28-Nov-18,27.20%,16.83%,27.35%,4.61%,11.52%,4.85%,,,,3.06%,,1.96%,,,
29-Nov-18,27.16%,16.77%,27.41%,4.84%,11.39%,4.86%,,,,3.06%,,1.93%,,,
30-Nov-18,27.09%,16.73%,27.51%,4.92%,11.31%,4.87%,,,,3.06%,,1.91%,,,
01-Dec-18,27.09%,16.71%,27.52%,4.96%,11.30%,4.87%,,,,3.06%,,1.90%,,,
02-Dec-18,27.09%,16.70%,27.53%,4.99%,11.29%,4.87%,,,,3.06%,,1.90%,,,
03-Dec-18,27.09%,16.68%,27.54%,5.02%,11.27%,4.87%,,,,3.06%,,1.89%,,,
04-Dec-18,27.08%,16.67%,27.55%,5.05%,11.26%,4.87%,,,,3.06%,,1.89%,,,
05-Dec-18,27.08%,16.66%,27.56%,5.08%,11.25%,4.88%,,,,3.06%,,1.88%,,,
06-Dec-18,27.08%,16.65%,27.57%,5.11%,11.23%,4.88%,,,,3.06%,,1.88%,,,
07-Dec-18,27.08%,16.64%,27.58%,5.14%,11.22%,4.88%,,,,3.06%,,1.87%,,,
08-Dec-18,27.08%,16.63%,27.59%,5.17%,11.20%,4.88%,,,,3.06%,,1.87%,,,
09-Dec-18,27.07%,16.62%,27.59%,5.20%,11.19%,4.89%,,,,3.06%,,1.87%,,,
10-Dec-18,27.07%,16.61%,27.60%,5.23%,11.17%,4.89%,,,,3.06%,,1.86%,,,
11-Dec-18,27.07%,16.60%,27.61%,5.26%,11.16%,4.89%,,,,3.06%,,1.86%,,,
12-Dec-18,27.07%,16.59%,27.62%,5.30%,11.14%,4.90%,,,,3.06%,,1.85%,,,
13-Dec-18,27.07%,16.58%,27.63%,5.33%,11.12%,4.90%,,,,3.06%,,1.85%,,,
14-Dec-18,27.06%,16.57%,27.64%,5.37%,11.11%,4.90%,,,,3.06%,,1.85%,,,
15-Dec-18,26.96%,16.58%,27.70%,5.43%,11.04%,4.91%,,,,3.06%,,1.83%,,,
16-Dec-18,26.81%,16.66%,27.72%,5.52%,10.95%,4.97%,,,,3.07%,,1.82%,,,
17-Dec-18,26.65%,16.74%,27.74%,5.62%,10.86%,5.02%,,,,3.08%,,1.80%,,,
18-Dec-18,26.50%,16.81%,27.76%,5.73%,10.77%,5.08%,,,,3.08%,,1.79%,,,
19-Dec-18,26.31%,16.93%,27.74%,5.82%,10.71%,5.16%,,,,3.09%,,1.77%,,,
20-Dec-18,26.12%,17.05%,27.73%,5.91%,10.64%,5.25%,,,,3.09%,,1.75%,,,
21-Dec-18,25.94%,17.16%,27.71%,6.00%,10.58%,5.33%,,,,3.10%,,1.74%,,,
22-Dec-18,25.74%,17.28%,27.70%,6.10%,10.51%,5.42%,,,,3.10%,,1.72%,,,
23-Dec-18,25.55%,17.40%,27.68%,6.19%,10.44%,5.50%,,,,3.11%,,1.70%,,,
24-Dec-18,25.36%,17.52%,27.67%,6.28%,10.38%,5.59%,,,,3.12%,,1.68%,,,
25-Dec-18,25.16%,17.65%,27.65%,6.37%,10.31%,5.67%,,,,3.12%,,1.66%,,,
26-Dec-18,24.97%,17.77%,27.63%,6.46%,10.25%,5.76%,,,,3.13%,,1.64%,,,
27-Dec-18,24.77%,17.90%,27.62%,6.55%,10.18%,5.85%,,,,3.13%,,1.62%,,,
28-Dec-18,24.57%,18.02%,27.60%,6.64%,10.12%,5.93%,,,,3.14%,,1.60%,,,
29-Dec-18,24.37%,18.15%,27.58%,6.72%,10.06%,6.02%,,,,3.14%,,1.58%,,,
30-Dec-18,24.28%,18.26%,27.50%,6.78%,10.05%,6.11%,,,,3.15%,,1.58%,,,
31-Dec-18,24.22%,18.30%,27.47%,6.80%,10.06%,6.14%,,,,3.15%,,1.57%,,,
01-Jan-19,24.17%,18.34%,27.44%,6.81%,10.06%,6.18%,,,,3.15%,,1.55%,,,
02-Jan-19,24.12%,18.39%,27.41%,6.83%,10.07%,6.21%,,,,3.15%,,1.54%,,,
03-Jan-19,24.10%,18.40%,27.42%,6.85%,10.06%,6.22%,,,,3.15%,,1.54%,,,
04-Jan-19,24.08%,18.41%,27.42%,6.87%,10.05%,6.23%,,,,3.15%,,1.54%,,,
05-Jan-19,24.06%,18.42%,27.42%,6.89%,10.03%,6.24%,,,,3.15%,,1.53%,,,
06-Jan-19,24.04%,18.43%,27.42%,6.90%,10.02%,6.25%,,,,3.15%,,1.53%,,,
07-Jan-19,24.02%,18.44%,27.42%,6.92%,10.01%,6.25%,,,,3.15%,,1.53%,,,
08-Jan-19,24.01%,18.48%,27.35%,6.93%,10.03%,6.29%,,,,3.15%,,1.53%,,,
09-Jan-19,23.95%,18.53%,27.27%,6.93%,10.07%,6.35%,,,,3.12%,,1.52%,,,
10-Jan-19,23.90%,18.58%,27.20%,6.94%,10.11%,6.41%,,,,3.10%,,1.51%,,,
11-Jan-19,23.85%,18.63%,27.12%,6.95%,10.15%,6.47%,,,,3.07%,,1.50%,,,
12-Jan-19,23.80%,18.68%,27.05%,6.95%,10.19%,6.53%,,,,3.05%,,1.49%,,,
13-Jan-19,23.76%,18.74%,26.97%,6.95%,10.22%,6.59%,,,,3.02%,,1.48%,,,
14-Jan-19,23.71%,18.80%,26.90%,6.94%,10.26%,6.65%,,,,3.00%,,1.47%,,,
15-Jan-19,23.67%,18.85%,26.82%,6.93%,10.29%,6.71%,,,,2.97%,,1.45%,,,
16-Jan-19,23.63%,18.91%,26.74%,6.92%,10.33%,6.77%,,,,2.94%,,1.44%,,,
17-Jan-19,23.59%,18.97%,26.67%,6.91%,10.37%,6.83%,,,,2.91%,,1.43%,,,
18-Jan-19,23.54%,19.03%,26.59%,6.90%,10.41%,6.89%,,,,2.89%,,1.41%,,,
19-Jan-19,23.50%,19.09%,26.51%,6.90%,10.45%,6.95%,,,,2.86%,,1.40%,,,
20-Jan-19,23.46%,19.14%,26.43%,6.89%,10.48%,7.02%,,,,2.83%,,1.39%,,,
21-Jan-19,23.43%,19.20%,26.37%,6.87%,10.51%,7.08%,,,,2.80%,,1.38%,,,
22-Jan-19,23.40%,19.25%,26.30%,6.85%,10.54%,7.14%,,,,2.77%,,1.37%,,,
23-Jan-19,23.36%,19.28%,26.30%,6.84%,10.54%,7.17%,,,,2.74%,,1.36%,,,
24-Jan-19,23.36%,19.30%,26.31%,6.82%,10.52%,7.18%,,,,2.73%,,1.35%,,,
25-Jan-19,23.36%,19.32%,26.31%,6.81%,10.51%,7.19%,,,,2.72%,,1.35%,,,
26-Jan-19,23.36%,19.33%,26.32%,6.79%,10.49%,7.20%,,,,2.71%,,1.35%,,,
27-Jan-19,23.38%,19.35%,26.33%,6.76%,10.46%,7.22%,,,,2.71%,,1.34%,,,
28-Jan-19,23.40%,19.34%,26.41%,6.73%,10.40%,7.22%,,,,2.71%,,1.33%,,,
29-Jan-19,23.45%,19.31%,26.45%,6.71%,10.35%,7.22%,,,,2.73%,,1.33%,,,
30-Jan-19,23.51%,19.28%,26.49%,6.69%,10.29%,7.23%,,,,2.76%,,1.33%,,,
31-Jan-19,23.57%,19.26%,26.53%,6.67%,10.23%,7.23%,,,,2.78%,,1.33%,,,
01-Feb-19,23.63%,19.23%,26.57%,6.65%,10.18%,7.24%,,,,2.80%,,1.33%,,,
02-Feb-19,23.69%,19.20%,26.61%,6.62%,10.12%,7.24%,,,,2.83%,,1.33%,,,
03-Feb-19,23.75%,19.17%,26.65%,6.60%,10.07%,7.24%,,,,2.85%,,1.33%,,,
04-Feb-19,23.82%,19.14%,26.70%,6.56%,10.01%,7.25%,,,,2.87%,,1.33%,,,
05-Feb-19,23.88%,19.10%,26.74%,6.54%,9.96%,7.25%,,,,2.90%,,1.33%,,,
06-Feb-19,23.94%,19.07%,26.77%,6.51%,9.91%,7.25%,,,,2.92%,,1.33%,,,
07-Feb-19,24.00%,19.04%,26.80%,6.49%,9.89%,7.27%,,,,2.94%,,1.32%,,,
08-Feb-19,24.07%,19.00%,26.83%,6.46%,9.86%,7.29%,,,,2.95%,,1.31%,,,
09-Feb-19,24.14%,18.97%,26.86%,6.43%,9.84%,7.31%,,,,2.97%,,1.30%,,,
10-Feb-19,24.20%,18.93%,26.89%,6.41%,9.81%,7.33%,,,,2.99%,,1.29%,,,
11-Feb-19,24.27%,18.90%,26.92%,6.38%,9.80%,7.34%,,,,3.00%,,1.28%,,,
12-Feb-19,24.33%,18.89%,26.89%,6.37%,9.81%,7.36%,,,,3.01%,,1.28%,,,
13-Feb-19,24.35%,18.88%,26.88%,6.35%,9.83%,7.39%,,,,2.99%,,1.27%,,,
14-Feb-19,24.37%,18.88%,26.88%,6.33%,9.85%,7.41%,,,,2.98%,,1.26%,,,
15-Feb-19,24.39%,18.88%,26.88%,6.31%,9.87%,7.43%,,,,2.97%,,1.25%,,,
16-Feb-19,24.42%,18.88%,26.88%,6.29%,9.88%,7.45%,,,,2.96%,,1.24%,,,
17-Feb-19,24.45%,18.87%,26.88%,6.26%,9.90%,7.48%,,,,2.94%,,1.23%,,,
18-Feb-19,24.49%,18.86%,26.87%,6.22%,9.92%,7.51%,,,,2.93%,,1.22%,,,
19-Feb-19,24.53%,18.88%,26.84%,6.20%,9.94%,7.56%,,,,2.91%,,1.21%,,,
20-Feb-19,24.56%,18.89%,26.81%,6.15%,9.96%,7.62%,,,,2.89%,,1.20%,,,
21-Feb-19,24.59%,18.89%,26.79%,6.11%,9.99%,7.68%,,,,2.87%,,1.20%,,,
22-Feb-19,24.62%,18.90%,26.77%,6.07%,10.00%,7.73%,,,,2.85%,,1.20%,,,
23-Feb-19,24.66%,18.91%,26.75%,6.02%,10.01%,7.77%,,,,2.84%,,1.20%,,,
24-Feb-19,24.70%,18.91%,26.73%,5.98%,10.01%,7.82%,,,,2.83%,,1.20%,,,
25-Feb-19,24.74%,18.91%,26.71%,5.93%,10.02%,7.87%,,,,2.82%,,1.20%,,,
26-Feb-19,24.77%,18.91%,26.69%,5.89%,10.03%,7.92%,,,,2.81%,,1.21%,,,
27-Feb-19,24.80%,18.91%,26.66%,5.85%,10.04%,7.97%,,,,2.80%,,1.21%,,,
28-Feb-19,24.84%,18.90%,26.62%,5.80%,10.06%,8.03%,,,,2.79%,,1.21%,,,
01-Mar-19,24.89%,18.89%,26.58%,5.75%,10.09%,8.10%,,,,2.78%,,1.21%,,,
02-Mar-19,24.93%,18.87%,26.54%,5.69%,10.11%,8.16%,,,,2.76%,,1.21%,,,
03-Mar-19,25.22%,18.80%,26.29%,5.58%,10.10%,8.42%,,,,2.69%,,1.21%,,,
04-Mar-19,25.50%,18.73%,26.04%,5.47%,10.09%,8.67%,,,,2.62%,,1.22%,,,
05-Mar-19,25.77%,18.67%,25.80%,5.36%,10.08%,8.91%,,,,2.54%,,1.22%,,,
06-Mar-19,26.04%,18.58%,25.57%,5.26%,10.07%,9.14%,,,,2.48%,,1.22%,,,
07-Mar-19,26.31%,18.50%,25.34%,5.17%,10.05%,9.36%,,,,2.42%,,1.22%,,,
08-Mar-19,26.58%,18.42%,25.11%,5.09%,10.03%,9.57%,,,,2.36%,,1.22%,,,
09-Mar-19,26.86%,18.34%,24.88%,5.00%,10.01%,9.78%,,,,2.29%,,1.21%,,,
10-Mar-19,27.13%,18.26%,24.65%,4.92%,9.99%,9.99%,,,,2.23%,,1.21%,,,
11-Mar-19,27.39%,18.19%,24.42%,4.84%,9.97%,10.20%,,,,2.16%,,1.21%,,,
12-Mar-19,27.65%,18.12%,24.19%,4.76%,9.95%,10.41%,,,,2.10%,,1.21%,,,
13-Mar-19,27.76%,18.08%,24.09%,4.72%,9.96%,10.50%,,,,2.08%,,1.21%,,,
14-Mar-19,27.87%,18.04%,24.00%,4.68%,9.96%,10.58%,,,,2.05%,,1.21%,,,
15-Mar-19,27.99%,18.02%,23.88%,4.68%,9.97%,10.64%,,,,2.02%,,1.20%,,,
16-Mar-19,28.11%,17.99%,23.76%,4.67%,9.97%,10.69%,,,,2.00%,,1.20%,,,
17-Mar-19,28.23%,17.97%,23.65%,4.67%,9.97%,10.74%,,,,1.97%,,1.19%,,,
18-Mar-19,28.12%,17.99%,23.73%,4.73%,10.01%,10.61%,,,,2.00%,,1.19%,,,
19-Mar-19,28.02%,18.02%,23.81%,4.80%,10.05%,10.48%,,,,2.03%,,1.18%,,,
20-Mar-19,27.92%,18.04%,23.89%,4.86%,10.09%,10.35%,,,,2.06%,,1.18%,,,
21-Mar-19,27.81%,18.08%,23.97%,4.92%,10.13%,10.22%,,,,2.09%,,1.17%,,,
22-Mar-19,27.71%,18.11%,24.05%,4.99%,10.16%,10.10%,,,,2.11%,,1.17%,,,
23-Mar-19,27.61%,18.15%,24.13%,5.05%,10.19%,9.98%,,,,2.13%,,1.16%,,,
24-Mar-19,27.54%,18.18%,24.15%,5.14%,10.23%,9.84%,,,,2.16%,,1.15%,,,
25-Mar-19,27.48%,18.22%,24.17%,5.23%,10.27%,9.70%,,,,2.19%,,1.14%,,,
26-Mar-19,27.42%,18.25%,24.19%,5.33%,10.31%,9.56%,,,,2.22%,,1.13%,,,
27-Mar-19,27.36%,18.28%,24.21%,5.42%,10.34%,9.42%,,,,2.25%,,1.12%,,,
28-Mar-19,27.46%,18.28%,24.09%,5.48%,10.36%,9.41%,,,,2.24%,,1.10%,,,
29-Mar-19,27.56%,18.28%,23.97%,5.53%,10.37%,9.39%,,,,2.23%,,1.09%,,,
30-Mar-19,27.63%,18.28%,23.89%,5.56%,10.36%,9.39%,,,,2.22%,,1.08%,,,
31-Mar-19,27.71%,18.28%,23.81%,5.59%,10.36%,9.39%,,,,2.22%,,1.07%,,,
01-Apr-19,27.78%,18.28%,23.73%,5.62%,10.35%,9.39%,,,,2.21%,,1.06%,,,
02-Apr-19,27.84%,18.29%,23.65%,5.65%,10.35%,9.39%,,,,2.21%,,1.06%,,,
03-Apr-19,27.90%,18.30%,23.58%,5.68%,10.34%,9.39%,,,,2.20%,,1.05%,,,
04-Apr-19,27.96%,18.31%,23.50%,5.71%,10.34%,9.38%,,,,2.20%,,1.04%,,,
05-Apr-19,28.03%,18.30%,23.43%,5.75%,10.34%,9.37%,,,,2.20%,,1.03%,,,
06-Apr-19,28.09%,18.30%,23.36%,5.78%,10.35%,9.36%,,,,2.20%,,1.02%,,,
07-Apr-19,28.15%,18.29%,23.28%,5.81%,10.35%,9.34%,,,,2.21%,,1.02%,,,
08-Apr-19,28.19%,18.29%,23.26%,5.81%,10.34%,9.35%,,,,2.20%,,1.01%,,,
09-Apr-19,28.22%,18.28%,23.24%,5.81%,10.34%,9.36%,,,,2.20%,,1.01%,,,
10-Apr-19,28.25%,18.27%,23.22%,5.81%,10.33%,9.37%,,,,2.20%,,1.01%,,,
11-Apr-19,28.28%,18.26%,23.20%,5.81%,10.33%,9.37%,,,,2.20%,,1.01%,,,
12-Apr-19,28.32%,18.25%,23.18%,5.81%,10.33%,9.38%,,,,2.20%,,1.00%,,,
13-Apr-19,28.34%,18.24%,23.16%,5.81%,10.32%,9.39%,,,,2.20%,,1.00%,,,
14-Apr-19,28.37%,18.24%,23.14%,5.81%,10.32%,9.40%,,,,2.20%,,1.00%,,,
15-Apr-19,28.41%,18.23%,23.12%,5.81%,10.31%,9.41%,,,,2.20%,,1.00%,,,
16-Apr-19,28.46%,18.21%,23.09%,5.81%,10.31%,9.41%,,,,2.20%,,0.99%,,,
17-Apr-19,28.53%,18.18%,23.01%,5.85%,10.31%,9.41%,,,,2.20%,,0.99%,,,
18-Apr-19,28.61%,18.15%,22.93%,5.89%,10.31%,9.41%,,,,2.20%,,0.98%,,,
19-Apr-19,28.69%,18.11%,22.85%,5.93%,10.31%,9.41%,,,,2.21%,,0.98%,,,
20-Apr-19,28.77%,18.08%,22.77%,5.97%,10.32%,9.40%,,,,2.21%,,0.97%,,,
21-Apr-19,28.85%,18.05%,22.68%,6.00%,10.32%,9.40%,,,,2.21%,,0.97%,,,
22-Apr-19,28.93%,18.02%,22.60%,6.04%,10.32%,9.40%,,,,2.22%,,0.97%,,,
23-Apr-19,29.00%,17.99%,22.51%,6.08%,10.33%,9.39%,,,,2.22%,,0.96%,,,
24-Apr-19,29.08%,17.97%,22.42%,6.12%,10.33%,9.38%,,,,2.23%,,0.96%,,,
25-Apr-19,29.16%,17.95%,22.33%,6.16%,10.34%,9.38%,,,,2.23%,,0.95%,,,
26-Apr-19,29.23%,17.92%,22.25%,6.21%,10.34%,9.37%,,,,2.23%,,0.95%,,,
27-Apr-19,29.31%,17.90%,22.16%,6.25%,10.35%,9.36%,,,,2.24%,,0.95%,,,
28-Apr-19,29.38%,17.87%,22.06%,6.29%,10.35%,9.36%,,,,2.24%,,0.94%,,,
29-Apr-19,29.47%,17.85%,21.97%,6.34%,10.36%,9.34%,,,,2.24%,,0.94%,,,
30-Apr-19,29.54%,17.83%,21.87%,6.38%,10.36%,9.33%,,,,2.25%,,0.93%,,,
01-May-19,29.61%,17.81%,21.78%,6.43%,10.37%,9.33%,,,,2.25%,,0.93%,,,
02-May-19,29.65%,17.81%,21.74%,6.44%,10.36%,9.33%,,,,2.25%,,0.93%,,,
03-May-19,29.69%,17.82%,21.69%,6.45%,10.36%,9.32%,,,,2.25%,,0.92%,,,
04-May-19,29.73%,17.82%,21.64%,6.46%,10.36%,9.32%,,,,2.26%,,0.92%,,,
05-May-19,29.77%,17.82%,21.60%,6.47%,10.35%,9.32%,,,,2.26%,,0.92%,,,
06-May-19,29.81%,17.82%,21.55%,6.49%,10.35%,9.32%,,,,2.26%,,0.91%,,,
07-May-19,29.86%,17.82%,21.50%,6.50%,10.35%,9.32%,,,,2.26%,,0.91%,,,
08-May-19,29.91%,17.81%,21.45%,6.51%,10.35%,9.32%,,,,2.26%,,0.90%,,,
09-May-19,30.00%,17.79%,21.33%,6.58%,10.38%,9.28%,,,,2.23%,,0.89%,,,
10-May-19,30.08%,17.77%,21.22%,6.64%,10.41%,9.24%,,,,2.21%,,0.87%,,,
11-May-19,30.17%,17.76%,21.11%,6.71%,10.44%,9.21%,,,,2.19%,,0.86%,,,
12-May-19,30.26%,17.74%,20.99%,6.77%,10.46%,9.17%,,,,2.16%,,0.85%,,,
13-May-19,30.35%,17.72%,20.88%,6.84%,10.49%,9.12%,,,,2.14%,,0.83%,,,
14-May-19,30.43%,17.69%,20.77%,6.90%,10.53%,9.09%,,,,2.12%,,0.82%,,,
15-May-19,30.49%,17.67%,20.66%,6.96%,10.56%,9.05%,,,,2.11%,,0.81%,,,
16-May-19,30.54%,17.64%,20.55%,7.03%,10.58%,9.02%,,,,2.10%,,0.79%,,,
17-May-19,30.60%,17.61%,20.44%,7.10%,10.61%,8.99%,,,,2.09%,,0.78%,,,
18-May-19,30.65%,17.58%,20.33%,7.17%,10.64%,8.96%,,,,2.07%,,0.77%,,,
19-May-19,30.71%,17.55%,20.22%,7.24%,10.67%,8.92%,,,,2.06%,,0.76%,,,
20-May-19,30.76%,17.53%,20.11%,7.31%,10.69%,8.88%,,,,2.05%,,0.74%,,,
21-May-19,30.81%,17.51%,20.01%,7.38%,10.72%,8.85%,,,,2.04%,,0.73%,,,
22-May-19,30.84%,17.50%,19.91%,7.44%,10.74%,8.81%,,,,2.03%,,0.72%,,,
23-May-19,30.87%,17.46%,19.76%,7.56%,10.78%,8.77%,,,,2.00%,,0.70%,,,
24-May-19,30.87%,17.43%,19.66%,7.62%,10.79%,8.75%,,,,1.99%,,0.69%,,,
25-May-19,30.87%,17.40%,19.57%,7.68%,10.80%,8.74%,,,,1.98%,,0.68%,,,
26-May-19,30.86%,17.37%,19.48%,7.75%,10.82%,8.72%,,,,1.97%,,0.67%,,,
27-May-19,30.87%,17.34%,19.39%,7.81%,10.83%,8.71%,,,,1.96%,,0.66%,,,
28-May-19,30.86%,17.31%,19.29%,7.87%,10.84%,8.70%,,,,1.94%,,0.65%,,,
29-May-19,30.86%,17.28%,19.20%,7.93%,10.85%,8.70%,,,,1.93%,,0.64%,,,
30-May-19,30.89%,17.25%,19.11%,8.00%,10.87%,8.68%,,,,1.91%,,0.62%,,,
31-May-19,30.92%,17.22%,19.02%,8.06%,10.89%,8.66%,,,,1.88%,,0.61%,,,
01-Jun-19,30.94%,17.19%,18.92%,8.12%,10.91%,8.64%,,,,1.86%,,0.60%,,,
02-Jun-19,30.97%,17.17%,18.83%,8.18%,10.93%,8.62%,,,,1.84%,,0.58%,,,
03-Jun-19,30.99%,17.14%,18.75%,8.23%,10.95%,8.59%,,,,1.82%,,0.57%,,,
04-Jun-19,31.02%,17.11%,18.66%,8.29%,10.97%,8.57%,,,,1.80%,,0.55%,,,
05-Jun-19,31.04%,17.08%,18.57%,8.34%,11.00%,8.55%,,,,1.78%,,0.54%,,,
06-Jun-19,31.07%,17.05%,18.49%,8.40%,11.03%,8.52%,,,,1.76%,,0.52%,,,
07-Jun-19,31.09%,17.04%,18.45%,8.41%,11.04%,8.51%,,,,1.76%,,0.52%,,,
08-Jun-19,31.12%,17.03%,18.41%,8.43%,11.05%,8.49%,,,,1.76%,,0.51%,,,
09-Jun-19,31.15%,17.02%,18.38%,8.44%,11.06%,8.47%,,,,1.76%,,0.50%,,,
10-Jun-19,31.18%,17.02%,18.35%,8.41%,11.07%,8.46%,,,,1.75%,,0.50%,,,
11-Jun-19,31.20%,17.03%,18.33%,8.39%,11.08%,8.45%,,,,1.75%,,0.50%,,,
12-Jun-19,31.22%,17.04%,18.31%,8.36%,11.08%,8.44%,,,,1.74%,,0.50%,,,
13-Jun-19,31.29%,17.05%,18.26%,8.33%,11.11%,8.41%,,,,1.75%,,0.49%,,,
14-Jun-19,31.36%,17.05%,18.21%,8.30%,11.13%,8.38%,,,,1.76%,,0.48%,,,
15-Jun-19,31.43%,17.06%,18.16%,8.26%,11.16%,8.36%,,,,1.77%,,0.48%,,,
16-Jun-19,31.50%,17.06%,18.12%,8.23%,11.18%,8.33%,,,,1.78%,,0.48%,,,
17-Jun-19,31.56%,17.07%,18.07%,8.19%,11.20%,8.31%,,,,1.79%,,0.47%,,,
18-Jun-19,31.63%,17.07%,18.02%,8.17%,11.22%,8.28%,,,,1.80%,,0.47%,,,
19-Jun-19,31.71%,17.06%,17.98%,8.13%,11.25%,8.26%,,,,1.81%,,0.47%,,,
20-Jun-19,31.79%,17.06%,17.93%,8.09%,11.28%,8.23%,,,,1.82%,,0.46%,,,
21-Jun-19,31.87%,17.06%,17.89%,8.04%,11.30%,8.21%,,,,1.83%,,0.46%,,,
22-Jun-19,31.95%,17.06%,17.85%,8.00%,11.33%,8.18%,,,,1.83%,,0.46%,,,
23-Jun-19,32.03%,17.05%,17.82%,7.95%,11.35%,8.16%,,,,1.84%,,0.46%,,,
24-Jun-19,32.11%,17.05%,17.79%,7.90%,11.38%,8.14%,,,,1.85%,,0.46%,,,
25-Jun-19,32.18%,17.04%,17.75%,7.89%,11.41%,8.11%,,,,1.86%,,0.45%,,,
26-Jun-19,32.25%,17.03%,17.70%,7.88%,11.44%,8.08%,,,,1.88%,,0.44%,,,
27-Jun-19,32.33%,17.01%,17.65%,7.87%,11.47%,8.06%,,,,1.89%,,0.44%,,,
28-Jun-19,32.35%,17.00%,17.65%,7.86%,11.48%,8.05%,,,,1.89%,,0.43%,,,
29-Jun-19,32.37%,16.99%,17.64%,7.85%,11.49%,8.04%,,,,1.89%,,0.43%,,,
30-Jun-19,32.40%,16.98%,17.63%,7.84%,11.51%,8.02%,,,,1.89%,,0.43%,,,
01-Jul-19,32.42%,16.97%,17.64%,7.82%,11.52%,8.02%,,,,1.88%,,0.43%,,,
02-Jul-19,32.45%,16.96%,17.64%,7.80%,11.52%,8.01%,,,,1.88%,,0.43%,,,
03-Jul-19,32.48%,16.95%,17.65%,7.78%,11.53%,8.00%,,,,1.88%,,0.42%,,,
04-Jul-19,32.49%,16.95%,17.65%,7.76%,11.54%,8.00%,,,,1.88%,,0.42%,,,
05-Jul-19,32.51%,16.95%,17.65%,7.75%,11.54%,8.00%,,,,1.88%,,0.42%,,,
06-Jul-19,32.52%,16.94%,17.65%,7.74%,11.54%,8.00%,,,,1.88%,,0.42%,,,
07-Jul-19,32.53%,16.94%,17.65%,7.73%,11.54%,8.00%,,,,1.88%,,0.42%,,,
08-Jul-19,32.54%,16.94%,17.67%,7.70%,11.54%,8.00%,,,,1.88%,,0.42%,,,
09-Jul-19,32.55%,16.95%,17.69%,7.68%,11.54%,8.00%,,,,1.88%,,0.42%,,,
10-Jul-19,32.56%,16.95%,17.71%,7.65%,11.54%,8.01%,,,,1.88%,,0.42%,,,
11-Jul-19,32.57%,16.95%,17.73%,7.63%,11.54%,8.01%,,,,1.88%,,0.42%,,,
12-Jul-19,32.58%,16.96%,17.75%,7.60%,11.54%,8.01%,,,,1.88%,,0.42%,,,
13-Jul-19,32.58%,16.96%,17.77%,7.58%,11.54%,8.01%,,,,1.88%,,0.42%,,,
14-Jul-19,32.59%,16.97%,17.79%,7.55%,11.54%,8.01%,,,,1.88%,,0.42%,,,
15-Jul-19,32.62%,16.97%,17.81%,7.51%,11.53%,8.02%,,,,1.89%,,0.42%,,,
16-Jul-19,32.64%,16.98%,17.82%,7.48%,11.52%,8.03%,,,,1.89%,,0.42%,,,
17-Jul-19,32.66%,16.98%,17.83%,7.45%,11.51%,8.04%,,,,1.89%,,0.42%,,,
18-Jul-19,32.68%,16.98%,17.84%,7.41%,11.50%,8.05%,,,,1.90%,,0.43%,,,
19-Jul-19,32.70%,16.98%,17.84%,7.38%,11.50%,8.06%,,,,1.90%,,0.43%,,,
20-Jul-19,32.72%,16.98%,17.85%,7.35%,11.49%,8.07%,,,,1.91%,,0.43%,,,
21-Jul-19,32.74%,16.98%,17.86%,7.31%,11.48%,8.08%,,,,1.91%,,0.44%,,,
22-Jul-19,32.79%,16.98%,17.88%,7.26%,11.46%,8.09%,,,,1.92%,,0.44%,,,
23-Jul-19,32.84%,16.98%,17.87%,7.23%,11.44%,8.10%,,,,1.92%,,0.44%,,,
24-Jul-19,32.91%,17.02%,17.83%,7.20%,11.41%,8.08%,,,,1.90%,,0.43%,,,
25-Jul-19,32.98%,17.05%,17.79%,7.18%,11.38%,8.07%,,,,1.87%,,0.43%,,,
26-Jul-19,33.05%,17.09%,17.74%,7.16%,11.35%,8.06%,,,,1.84%,,0.42%,,,
27-Jul-19,33.13%,17.13%,17.70%,7.14%,11.32%,8.04%,,,,1.82%,,0.41%,,,
28-Jul-19,33.20%,17.16%,17.65%,7.11%,11.29%,8.03%,,,,1.79%,,0.41%,,,
29-Jul-19,33.27%,17.20%,17.61%,7.09%,11.26%,8.02%,,,,1.76%,,0.40%,,,
30-Jul-19,33.34%,17.24%,17.57%,7.07%,11.24%,7.99%,,,,1.73%,,0.39%,,,
31-Jul-19,33.40%,17.28%,17.53%,7.05%,11.22%,7.96%,,,,1.71%,,0.39%,,,
01-Aug-19,33.47%,17.33%,17.49%,7.03%,11.20%,7.94%,,,,1.68%,,0.38%,,,
02-Aug-19,33.54%,17.37%,17.45%,7.01%,11.18%,7.91%,,,,1.65%,,0.37%,,,
03-Aug-19,33.61%,17.41%,17.41%,6.99%,11.16%,7.88%,,,,1.62%,,0.36%,,,
04-Aug-19,33.68%,17.46%,17.37%,6.96%,11.14%,7.86%,,,,1.59%,,0.36%,,,
05-Aug-19,33.77%,17.48%,17.34%,6.93%,11.11%,7.83%,,,,1.57%,,0.35%,,,
06-Aug-19,33.84%,17.51%,17.30%,6.91%,11.09%,7.81%,,,,1.54%,,0.34%,,,
07-Aug-19,33.92%,17.54%,17.27%,6.89%,11.07%,7.79%,,,,1.51%,,0.34%,,,
08-Aug-19,33.97%,17.53%,17.27%,6.86%,11.06%,7.79%,,,,1.52%,,0.34%,,,
09-Aug-19,34.03%,17.51%,17.28%,6.82%,11.04%,7.79%,,,,1.52%,,0.34%,,,
10-Aug-19,34.09%,17.50%,17.28%,6.79%,11.03%,7.79%,,,,1.53%,,0.35%,,,
11-Aug-19,34.15%,17.49%,17.29%,6.75%,11.01%,7.79%,,,,1.53%,,0.35%,,,
12-Aug-19,34.20%,17.48%,17.31%,6.70%,11.00%,7.79%,,,,1.54%,,0.35%,,,
13-Aug-19,34.26%,17.46%,17.34%,6.65%,10.98%,7.80%,,,,1.56%,,0.35%,,,
14-Aug-19,34.31%,17.45%,17.36%,6.60%,10.95%,7.81%,,,,1.57%,,0.35%,,,
15-Aug-19,34.36%,17.43%,17.39%,6.56%,10.93%,7.81%,,,,1.59%,,0.36%,,,
16-Aug-19,34.41%,17.41%,17.41%,6.51%,10.91%,7.82%,,,,1.60%,,0.36%,,,
17-Aug-19,34.47%,17.40%,17.44%,6.47%,10.88%,7.83%,,,,1.62%,,0.36%,,,
18-Aug-19,34.52%,17.38%,17.46%,6.42%,10.86%,7.84%,,,,1.63%,,0.36%,,,
19-Aug-19,34.58%,17.36%,17.51%,6.36%,10.83%,7.84%,,,,1.65%,,0.36%,,,
20-Aug-19,34.59%,17.35%,17.61%,6.31%,10.78%,7.83%,,,,1.68%,,0.37%,,,
21-Aug-19,34.64%,17.34%,17.67%,6.26%,10.77%,7.78%,,,,1.67%,,0.38%,,,
22-Aug-19,34.69%,17.32%,17.72%,6.22%,10.77%,7.72%,,,,1.67%,,0.38%,,,
23-Aug-19,34.74%,17.31%,17.78%,6.18%,10.76%,7.66%,,,,1.67%,,0.38%,,,
24-Aug-19,34.79%,17.30%,17.84%,6.14%,10.75%,7.61%,,,,1.67%,,0.38%,,,
25-Aug-19,34.84%,17.29%,17.89%,6.10%,10.75%,7.55%,,,,1.66%,,0.38%,,,
26-Aug-19,34.89%,17.27%,17.97%,6.06%,10.73%,7.49%,,,,1.66%,,0.39%,,,
27-Aug-19,34.93%,17.26%,18.03%,6.03%,10.73%,7.43%,,,,1.65%,,0.39%,,,
28-Aug-19,34.98%,17.24%,18.09%,6.00%,10.72%,7.36%,,,,1.65%,,0.39%,,,
29-Aug-19,35.03%,17.22%,18.15%,5.97%,10.71%,7.29%,,,,1.64%,,0.40%,,,
30-Aug-19,35.07%,17.21%,18.21%,5.95%,10.70%,7.22%,,,,1.63%,,0.40%,,,
31-Aug-19,35.11%,17.19%,18.27%,5.92%,10.70%,7.16%,,,,1.62%,,0.40%,,,
01-Sep-19,35.15%,17.17%,18.33%,5.90%,10.69%,7.09%,,,,1.61%,,0.41%,,,
02-Sep-19,35.19%,17.15%,18.41%,5.87%,10.68%,7.02%,,,,1.60%,,0.41%,,,
03-Sep-19,35.24%,17.12%,18.46%,5.86%,10.67%,6.95%,,,,1.59%,,0.41%,,,
04-Sep-19,35.29%,17.12%,18.47%,5.86%,10.70%,6.89%,,,,1.56%,,0.40%,,,
05-Sep-19,35.30%,17.10%,18.52%,5.84%,10.68%,6.88%,,,,1.56%,,0.41%,,,
06-Sep-19,35.32%,17.09%,18.56%,5.83%,10.66%,6.87%,,,,1.56%,,0.41%,,,
07-Sep-19,35.33%,17.07%,18.61%,5.81%,10.64%,6.85%,,,,1.56%,,0.41%,,,
08-Sep-19,35.35%,17.06%,18.66%,5.80%,10.63%,6.84%,,,,1.56%,,0.41%,,,
09-Sep-19,35.35%,17.03%,18.72%,5.78%,10.60%,6.83%,,,,1.57%,,0.41%,,,
10-Sep-19,35.36%,17.02%,18.77%,5.77%,10.59%,6.83%,,,,1.57%,,0.41%,,,
11-Sep-19,35.37%,17.00%,18.82%,5.76%,10.57%,6.82%,,,,1.57%,,0.41%,,,
12-Sep-19,35.38%,16.98%,18.87%,5.75%,10.55%,6.81%,,,,1.57%,,0.41%,,,
13-Sep-19,35.38%,16.96%,18.91%,5.74%,10.54%,6.81%,,,,1.57%,,0.41%,,,
14-Sep-19,35.39%,16.94%,18.96%,5.73%,10.52%,6.80%,,,,1.57%,,0.41%,,,
15-Sep-19,35.39%,16.92%,19.01%,5.72%,10.50%,6.80%,,,,1.57%,,0.41%,,,
16-Sep-19,35.36%,16.93%,19.08%,5.71%,10.47%,6.78%,,,,1.57%,,0.42%,,,
17-Sep-19,35.31%,16.95%,19.15%,5.69%,10.43%,6.77%,,,,1.58%,,0.42%,,,
18-Sep-19,35.27%,16.96%,19.22%,5.68%,10.38%,6.76%,,,,1.60%,,0.43%,,,
19-Sep-19,35.19%,16.99%,19.24%,5.69%,10.35%,6.75%,,,,1.66%,,0.43%,,,
20-Sep-19,35.12%,17.02%,19.26%,5.70%,10.33%,6.75%,,,,1.72%,,0.43%,,,
21-Sep-19,35.05%,17.06%,19.28%,5.71%,10.30%,6.74%,,,,1.78%,,0.43%,,,
22-Sep-19,34.97%,17.09%,19.30%,5.73%,10.27%,6.73%,,,,1.84%,,0.43%,,,
23-Sep-19,34.90%,17.12%,19.32%,5.73%,10.24%,6.73%,,,,1.90%,,0.43%,,,
24-Sep-19,34.83%,17.17%,19.33%,5.74%,10.21%,6.71%,,,,1.96%,,0.43%,,,
25-Sep-19,34.77%,17.21%,19.34%,5.76%,10.18%,6.70%,,,,2.02%,,0.43%,,,
26-Sep-19,34.70%,17.26%,19.34%,5.77%,10.16%,6.69%,,,,2.08%,,0.43%,,,
27-Sep-19,34.64%,17.30%,19.35%,5.78%,10.13%,6.68%,,,,2.14%,,0.43%,,,
28-Sep-19,34.57%,17.34%,19.35%,5.79%,10.11%,6.67%,,,,2.21%,,0.43%,,,
29-Sep-19,34.50%,17.39%,19.35%,5.80%,10.08%,6.66%,,,,2.27%,,0.43%,,,
30-Sep-19,34.42%,17.43%,19.37%,5.81%,10.05%,6.65%,,,,2.33%,,0.43%,,,
01-Oct-19,34.39%,17.44%,19.36%,5.84%,10.04%,6.65%,,,,2.39%,,0.42%,,,
02-Oct-19,34.36%,17.46%,19.34%,5.86%,10.04%,6.65%,,,,2.45%,,0.41%,,,
03-Oct-19,34.33%,17.47%,19.32%,5.88%,10.05%,6.65%,,,,2.50%,,0.41%,,,
04-Oct-19,34.33%,17.47%,19.35%,5.88%,10.03%,6.65%,,,,2.51%,,0.41%,,,
05-Oct-19,34.32%,17.47%,19.37%,5.88%,10.02%,6.64%,,,,2.52%,,0.41%,,,
06-Oct-19,34.32%,17.46%,19.40%,5.87%,10.01%,6.64%,,,,2.53%,,0.41%,,,
07-Oct-19,34.32%,17.46%,19.42%,5.87%,10.00%,6.63%,,,,2.54%,,0.41%,,,
08-Oct-19,34.31%,17.45%,19.45%,5.87%,9.99%,6.63%,,,,2.54%,,0.41%,,,
09-Oct-19,34.30%,17.44%,19.48%,5.88%,9.98%,6.63%,,,,2.55%,,0.42%,,,
10-Oct-19,34.30%,17.42%,19.51%,5.88%,9.97%,6.63%,,,,2.56%,,0.42%,,,
11-Oct-19,34.29%,17.41%,19.54%,5.88%,9.96%,6.63%,,,,2.56%,,0.42%,,,
12-Oct-19,34.28%,17.40%,19.57%,5.88%,9.95%,6.62%,,,,2.57%,,0.42%,,,
13-Oct-19,34.25%,17.38%,19.63%,5.90%,9.93%,6.62%,,,,2.58%,,0.43%,,,
14-Oct-19,34.21%,17.36%,19.70%,5.91%,9.91%,6.61%,,,,2.59%,,0.43%,,,
15-Oct-19,34.17%,17.35%,19.76%,5.92%,9.89%,6.60%,,,,2.60%,,0.44%,,,
16-Oct-19,34.12%,17.33%,19.79%,5.98%,9.90%,6.59%,,,,2.61%,,0.44%,,,
17-Oct-19,34.07%,17.32%,19.81%,6.03%,9.92%,6.57%,,,,2.62%,,0.44%,,,
18-Oct-19,34.01%,17.30%,19.83%,6.09%,9.93%,6.56%,,,,2.63%,,0.44%,,,
19-Oct-19,33.96%,17.28%,19.86%,6.14%,9.95%,6.55%,,,,2.65%,,0.44%,,,
20-Oct-19,33.91%,17.26%,19.88%,6.20%,9.96%,6.54%,,,,2.66%,,0.44%,,,
21-Oct-19,33.86%,17.24%,19.92%,6.25%,9.97%,6.52%,,,,2.67%,,0.44%,,,
22-Oct-19,33.81%,17.21%,19.95%,6.30%,9.98%,6.51%,,,,2.68%,,0.44%,,,
23-Oct-19,33.76%,17.20%,19.98%,6.35%,9.99%,6.50%,,,,2.70%,,0.44%,,,
24-Oct-19,33.71%,17.18%,20.00%,6.40%,10.00%,6.49%,,,,2.71%,,0.44%,,,
25-Oct-19,33.65%,17.16%,20.03%,6.45%,10.02%,6.48%,,,,2.72%,,0.44%,,,
26-Oct-19,33.60%,17.15%,20.06%,6.50%,10.03%,6.46%,,,,2.73%,,0.44%,,,
27-Oct-19,33.55%,17.13%,20.08%,6.55%,10.04%,6.45%,,,,2.75%,,0.44%,,,
28-Oct-19,33.52%,17.12%,20.10%,6.59%,10.05%,6.45%,,,,2.76%,,0.43%,,,
29-Oct-19,33.51%,17.10%,20.09%,6.62%,10.07%,6.44%,,,,2.77%,,0.43%,,,
30-Oct-19,33.50%,17.09%,20.09%,6.66%,10.08%,6.43%,,,,2.78%,,0.42%,,,
31-Oct-19,33.50%,17.09%,20.12%,6.66%,10.06%,6.42%,,,,2.79%,,0.42%,,,
01-Nov-19,33.50%,17.08%,20.15%,6.65%,10.04%,6.42%,,,,2.80%,,0.42%,,,
02-Nov-19,33.51%,17.08%,20.18%,6.65%,10.02%,6.41%,,,,2.80%,,0.42%,,,
03-Nov-19,33.51%,17.07%,20.21%,6.64%,10.00%,6.41%,,,,2.81%,,0.42%,,,
04-Nov-19,33.51%,17.07%,20.24%,6.64%,9.98%,6.40%,,,,2.82%,,0.42%,,,
05-Nov-19,33.52%,17.06%,20.27%,6.63%,9.96%,6.40%,,,,2.83%,,0.43%,,,
06-Nov-19,33.52%,17.06%,20.30%,6.63%,9.94%,6.39%,,,,2.84%,,0.43%,,,
07-Nov-19,33.53%,17.06%,20.32%,6.62%,9.92%,6.38%,,,,2.85%,,0.43%,,,
08-Nov-19,33.53%,17.05%,20.35%,6.62%,9.91%,6.38%,,,,2.85%,,0.43%,,,
09-Nov-19,33.54%,17.05%,20.38%,6.62%,9.89%,6.37%,,,,2.86%,,0.43%,,,
10-Nov-19,33.54%,17.05%,20.40%,6.61%,9.87%,6.36%,,,,2.87%,,0.44%,,,
11-Nov-19,33.55%,17.05%,20.44%,6.60%,9.85%,6.36%,,,,2.88%,,0.44%,,,
12-Nov-19,33.50%,17.04%,20.50%,6.60%,9.86%,6.34%,,,,2.88%,,0.44%,,,
13-Nov-19,33.40%,17.06%,20.49%,6.63%,9.94%,6.32%,,,,2.89%,,0.45%,,,
14-Nov-19,33.29%,17.08%,20.48%,6.66%,10.03%,6.31%,,,,2.91%,,0.47%,,,
15-Nov-19,33.19%,17.08%,20.48%,6.69%,10.11%,6.29%,,,,2.92%,,0.48%,,,
16-Nov-19,33.09%,17.09%,20.49%,6.71%,10.19%,6.28%,,,,2.92%,,0.49%,,,
17-Nov-19,32.99%,17.09%,20.49%,6.74%,10.28%,6.27%,,,,2.93%,,0.50%,,,
18-Nov-19,32.89%,17.10%,20.49%,6.76%,10.36%,6.25%,,,,2.94%,,0.51%,,,
19-Nov-19,32.79%,17.10%,20.50%,6.79%,10.44%,6.24%,,,,2.95%,,0.52%,,,
20-Nov-19,32.68%,17.11%,20.49%,6.82%,10.54%,6.23%,,,,2.96%,,0.53%,,,
21-Nov-19,32.57%,17.12%,20.49%,6.85%,10.63%,6.22%,,,,2.97%,,0.54%,,,
22-Nov-19,32.46%,17.13%,20.48%,6.88%,10.72%,6.20%,,,,2.98%,,0.55%,,,
23-Nov-19,32.35%,17.14%,20.48%,6.91%,10.81%,6.19%,,,,2.98%,,0.56%,,,
24-Nov-19,32.24%,17.14%,20.47%,6.94%,10.91%,6.18%,,,,2.99%,,0.58%,,,
25-Nov-19,32.14%,17.14%,20.47%,6.97%,11.00%,6.17%,,,,3.00%,,0.59%,,,
26-Nov-19,32.04%,17.13%,20.47%,7.00%,11.09%,6.16%,,,,3.01%,,0.60%,,,
27-Nov-19,31.97%,17.12%,20.43%,7.04%,11.16%,6.17%,,,,3.03%,,0.60%,,,
28-Nov-19,31.97%,17.10%,20.46%,7.03%,11.17%,6.17%,,,,3.03%,,0.60%,,,
29-Nov-19,31.99%,17.06%,20.50%,7.01%,11.16%,6.18%,,,,3.04%,,0.60%,,,
30-Nov-19,32.00%,17.03%,20.52%,7.00%,11.17%,6.19%,,,,3.05%,,0.60%,,,
01-Dec-19,32.00%,17.00%,20.55%,6.99%,11.17%,6.19%,,,,3.05%,,0.60%,,,
02-Dec-19,32.01%,16.97%,20.57%,6.98%,11.17%,6.20%,,,,3.06%,,0.60%,,,
03-Dec-19,32.02%,16.94%,20.59%,6.97%,11.18%,6.21%,,,,3.07%,,0.61%,,,
04-Dec-19,32.03%,16.90%,20.62%,6.96%,11.18%,6.21%,,,,3.08%,,0.61%,,,
05-Dec-19,32.04%,16.87%,20.64%,6.95%,11.18%,6.22%,,,,3.09%,,0.61%,,,
06-Dec-19,32.05%,16.84%,20.66%,6.93%,11.19%,6.22%,,,,3.09%,,0.61%,,,
07-Dec-19,32.06%,16.81%,20.68%,6.92%,11.19%,6.23%,,,,3.10%,,0.61%,,,
08-Dec-19,32.04%,16.78%,20.75%,6.89%,11.18%,6.22%,,,,3.10%,,0.61%,,,
09-Dec-19,32.03%,16.75%,20.82%,6.85%,11.17%,6.22%,,,,3.11%,,0.62%,,,
10-Dec-19,32.01%,16.73%,20.87%,6.83%,11.16%,6.21%,,,,3.11%,,0.62%,,,
11-Dec-19,31.99%,16.71%,20.93%,6.80%,11.14%,6.20%,,,,3.11%,,0.63%,,,
12-Dec-19,32.01%,16.68%,20.94%,6.78%,11.17%,6.19%,,,,3.10%,,0.62%,,,
13-Dec-19,32.04%,16.65%,20.95%,6.77%,11.19%,6.19%,,,,3.09%,,0.62%,,,
14-Dec-19,32.05%,16.63%,20.96%,6.76%,11.21%,6.17%,,,,3.07%,,0.61%,,,
15-Dec-19,32.06%,16.62%,20.96%,6.76%,11.24%,6.16%,,,,3.06%,,0.61%,,,
16-Dec-19,32.07%,16.60%,20.96%,6.76%,11.27%,6.15%,,,,3.04%,,0.61%,,,
17-Dec-19,32.08%,16.58%,20.97%,6.75%,11.29%,6.13%,,,,3.03%,,0.60%,,,
18-Dec-19,32.10%,16.55%,20.98%,6.75%,11.32%,6.12%,,,,3.01%,,0.59%,,,
19-Dec-19,32.12%,16.52%,20.98%,6.74%,11.34%,6.10%,,,,2.99%,,0.59%,,,
20-Dec-19,32.14%,16.50%,20.99%,6.74%,11.37%,6.09%,,,,2.98%,,0.58%,,,
21-Dec-19,32.15%,16.47%,21.00%,6.74%,11.40%,6.07%,,,,2.96%,,0.58%,,,
22-Dec-19,32.17%,16.44%,21.01%,6.73%,11.42%,6.06%,,,,2.95%,,0.57%,,,
23-Dec-19,32.22%,16.41%,20.98%,6.75%,11.46%,6.06%,,,,2.93%,,0.56%,,,
24-Dec-19,32.25%,16.38%,20.95%,6.76%,11.51%,6.05%,,,,2.92%,,0.56%,,,
25-Dec-19,32.29%,16.35%,20.92%,6.78%,11.56%,6.05%,,,,2.90%,,0.55%,,,
26-Dec-19,32.32%,16.32%,20.88%,6.80%,11.61%,6.05%,,,,2.89%,,0.54%,,,
27-Dec-19,32.32%,16.30%,20.90%,6.80%,11.62%,6.04%,,,,2.89%,,0.54%,,,
28-Dec-19,32.31%,16.28%,20.91%,6.80%,11.64%,6.04%,,,,2.89%,,0.54%,,,
29-Dec-19,32.31%,16.27%,20.93%,6.80%,11.65%,6.03%,,,,2.88%,,0.54%,,,
30-Dec-19,32.31%,16.25%,20.94%,6.80%,11.66%,6.03%,,,,2.88%,,0.54%,,,
31-Dec-19,32.30%,16.23%,20.95%,6.80%,11.68%,6.02%,,,,2.88%,,0.54%,,,
01-Jan-20,32.30%,16.22%,20.96%,6.80%,11.69%,6.02%,,,,2.88%,,0.54%,,,
02-Jan-20,32.29%,16.21%,20.97%,6.80%,11.70%,6.02%,,,,2.88%,,0.54%,,,
03-Jan-20,32.28%,16.20%,20.98%,6.80%,11.71%,6.01%,,,,2.88%,,0.54%,,,
04-Jan-20,32.27%,16.19%,20.99%,6.80%,11.72%,6.01%,,,,2.88%,,0.55%,,,
05-Jan-20,32.26%,16.19%,20.99%,6.80%,11.74%,6.01%,,,,2.88%,,0.55%,,,
06-Jan-20,32.26%,16.18%,21.00%,6.80%,11.75%,6.01%,,,,2.88%,,0.55%,,,
07-Jan-20,32.26%,16.17%,21.01%,6.80%,11.74%,6.00%,,,,2.87%,,0.55%,,,
08-Jan-20,32.27%,16.16%,21.02%,6.80%,11.74%,6.00%,,,,2.87%,,0.55%,,,
09-Jan-20,32.27%,16.16%,21.04%,6.80%,11.73%,6.00%,,,,2.87%,,0.55%,,,
10-Jan-20,32.28%,16.15%,21.05%,6.80%,11.73%,6.00%,,,,2.86%,,0.55%,,,
11-Jan-20,32.28%,16.14%,21.06%,6.80%,11.72%,6.00%,,,,2.86%,,0.55%,,,
12-Jan-20,32.29%,16.14%,21.07%,6.80%,11.72%,6.00%,,,,2.86%,,0.55%,,,
13-Jan-20,32.30%,16.13%,21.08%,6.79%,11.71%,6.00%,,,,2.86%,,0.55%,,,
14-Jan-20,32.31%,16.11%,21.11%,6.79%,11.70%,6.01%,,,,2.86%,,0.55%,,,
15-Jan-20,32.31%,16.09%,21.13%,6.79%,11.68%,6.02%,,,,2.86%,,0.55%,,,
16-Jan-20,32.32%,16.07%,21.16%,6.79%,11.66%,6.03%,,,,2.86%,,0.55%,,,
17-Jan-20,32.33%,16.05%,21.18%,6.79%,11.64%,6.04%,,,,2.86%,,0.55%,,,
18-Jan-20,32.33%,16.03%,21.21%,6.79%,11.62%,6.05%,,,,2.87%,,0.55%,,,
19-Jan-20,32.34%,16.01%,21.24%,6.79%,11.60%,6.06%,,,,2.87%,,0.55%,,,
20-Jan-20,32.35%,15.99%,21.26%,6.78%,11.58%,6.07%,,,,2.87%,,0.55%,,,
21-Jan-20,32.36%,15.96%,21.29%,6.78%,11.56%,6.08%,,,,2.87%,,0.55%,,,
22-Jan-20,32.36%,15.94%,21.31%,6.78%,11.55%,6.09%,,,,2.87%,,0.55%,,,
23-Jan-20,32.36%,15.92%,21.33%,6.77%,11.54%,6.10%,,,,2.87%,,0.55%,,,
24-Jan-20,32.38%,15.89%,21.36%,6.77%,11.52%,6.11%,,,,2.88%,,0.56%,,,
25-Jan-20,32.40%,15.86%,21.39%,6.77%,11.50%,6.12%,,,,2.88%,,0.56%,,,
26-Jan-20,32.36%,15.84%,21.33%,6.81%,11.53%,6.16%,,,,2.88%,,0.57%,,,
27-Jan-20,32.34%,15.80%,21.27%,6.85%,11.55%,6.20%,,,,2.89%,,0.58%,,,
28-Jan-20,32.33%,15.77%,21.21%,6.90%,11.57%,6.24%,,,,2.90%,,0.59%,,,
29-Jan-20,32.31%,15.75%,21.13%,6.94%,11.61%,6.28%,,,,2.91%,,0.60%,,,
30-Jan-20,32.29%,15.73%,21.05%,6.99%,11.65%,6.31%,,,,2.91%,,0.61%,,,
31-Jan-20,32.19%,15.74%,21.01%,7.04%,11.66%,6.34%,,,,2.92%,,0.62%,,,
01-Feb-20,32.09%,15.74%,20.98%,7.10%,11.67%,6.38%,,,,2.92%,,0.63%,,,
02-Feb-20,31.99%,15.75%,20.94%,7.15%,11.68%,6.42%,,,,2.93%,,0.65%,,,
03-Feb-20,31.91%,15.76%,20.90%,7.21%,11.69%,6.46%,,,,2.94%,,0.66%,,,
04-Feb-20,31.82%,15.77%,20.86%,7.27%,11.70%,6.49%,,,,2.94%,,0.67%,,,
05-Feb-20,31.73%,15.78%,20.82%,7.33%,11.70%,6.53%,,,,2.95%,,0.68%,,,
06-Feb-20,31.64%,15.79%,20.78%,7.40%,11.71%,6.56%,,,,2.95%,,0.69%,,,
07-Feb-20,31.55%,15.80%,20.74%,7.46%,11.71%,6.60%,,,,2.96%,,0.70%,,,
08-Feb-20,31.44%,15.81%,20.69%,7.52%,11.73%,6.64%,,,,2.97%,,0.71%,,,
09-Feb-20,31.34%,15.83%,20.64%,7.58%,11.74%,6.68%,,,,2.97%,,0.72%,,,
10-Feb-20,31.28%,15.84%,20.67%,7.60%,11.71%,6.69%,,,,2.97%,,0.72%,,,
11-Feb-20,31.22%,15.87%,20.71%,7.63%,11.66%,6.70%,,,,2.98%,,0.72%,,,
12-Feb-20,31.16%,15.89%,20.74%,7.65%,11.61%,6.71%,,,,2.98%,,0.73%,,,
13-Feb-20,31.10%,15.92%,20.78%,7.67%,11.56%,6.72%,,,,2.98%,,0.73%,,,
14-Feb-20,31.04%,15.95%,20.82%,7.69%,11.51%,6.73%,,,,2.98%,,0.73%,,,
15-Feb-20,31.05%,15.95%,20.81%,7.71%,11.49%,6.73%,,,,2.98%,,0.73%,,,
16-Feb-20,31.07%,15.95%,20.81%,7.73%,11.46%,6.74%,,,,2.98%,,0.73%,,,
17-Feb-20,31.09%,15.95%,20.80%,7.75%,11.43%,6.75%,,,,2.98%,,0.72%,,,
18-Feb-20,31.02%,15.96%,20.84%,7.78%,11.39%,6.73%,,,,2.97%,,0.72%,,,
19-Feb-20,30.95%,15.97%,20.88%,7.81%,11.33%,6.72%,,,,2.96%,,0.71%,,,
20-Feb-20,30.89%,15.97%,20.92%,7.85%,11.28%,6.71%,,,,2.95%,,0.70%,,,
21-Feb-20,30.82%,15.98%,20.96%,7.88%,11.23%,6.69%,,,,2.94%,,0.69%,,,
22-Feb-20,30.75%,15.99%,21.00%,7.92%,11.17%,6.68%,,,,2.93%,,0.68%,,,
23-Feb-20,30.68%,16.01%,21.04%,7.95%,11.12%,6.66%,,,,2.92%,,0.67%,,,
24-Feb-20,30.61%,16.02%,21.08%,7.99%,11.06%,6.64%,,,,2.91%,,0.66%,,,
25-Feb-20,30.55%,16.04%,21.07%,8.11%,11.03%,6.59%,,,,2.90%,,0.64%,,,
26-Feb-20,30.49%,16.07%,21.06%,8.22%,11.01%,6.54%,,,,2.89%,,0.63%,,,
27-Feb-20,30.43%,16.10%,21.05%,8.33%,10.99%,6.48%,,,,2.88%,,0.61%,,,
28-Feb-20,30.37%,16.12%,21.04%,8.44%,10.97%,6.43%,,,,2.86%,,0.59%,,,
29-Feb-20,30.31%,16.15%,21.02%,8.55%,10.96%,6.37%,,,,2.85%,,0.58%,,,
01-Mar-20,30.25%,16.18%,21.01%,8.67%,10.94%,6.32%,,,,2.84%,,0.56%,,,
02-Mar-20,30.20%,16.21%,21.01%,8.77%,10.91%,6.26%,,,,2.83%,,0.54%,,,
03-Mar-20,30.14%,16.24%,21.01%,8.88%,10.88%,6.20%,,,,2.82%,,0.52%,,,
04-Mar-20,30.16%,16.27%,20.96%,8.97%,10.87%,6.16%,,,,2.82%,,0.52%,,,
05-Mar-20,30.18%,16.30%,20.92%,9.06%,10.87%,6.13%,,,,2.82%,,0.51%,,,
06-Mar-20,30.20%,16.32%,20.87%,9.14%,10.87%,6.09%,,,,2.81%,,0.50%,,,
07-Mar-20,30.21%,16.35%,20.82%,9.23%,10.87%,6.06%,,,,2.81%,,0.49%,,,
08-Mar-20,30.23%,16.37%,20.78%,9.32%,10.87%,6.02%,,,,2.81%,,0.48%,,,
09-Mar-20,30.25%,16.40%,20.73%,9.41%,10.87%,5.98%,,,,2.81%,,0.48%,,,
10-Mar-20,30.26%,16.43%,20.69%,9.49%,10.87%,5.95%,,,,2.81%,,0.47%,,,
11-Mar-20,30.26%,16.44%,20.69%,9.49%,10.85%,5.95%,,,,2.81%,,0.47%,,,
12-Mar-20,30.25%,16.45%,20.70%,9.50%,10.83%,5.94%,,,,2.81%,,0.47%,,,
13-Mar-20,30.25%,16.45%,20.71%,9.51%,10.82%,5.94%,,,,2.81%,,0.47%,,,
14-Mar-20,30.24%,16.46%,20.72%,9.52%,10.80%,5.94%,,,,2.81%,,0.47%,,,
15-Mar-20,30.23%,16.47%,20.73%,9.53%,10.78%,5.94%,,,,2.81%,,0.47%,,,
16-Mar-20,30.18%,16.51%,20.75%,9.56%,10.74%,5.94%,,,,2.81%,,0.47%,,,
17-Mar-20,30.12%,16.55%,20.78%,9.60%,10.71%,5.94%,,,,2.81%,,0.48%,,,
18-Mar-20,30.06%,16.65%,20.76%,9.68%,10.69%,5.91%,,,,2.81%,,0.48%,,,
19-Mar-20,29.99%,16.74%,20.74%,9.76%,10.68%,5.89%,,,,2.81%,,0.47%,,,
20-Mar-20,29.93%,16.83%,20.72%,9.83%,10.67%,5.86%,,,,2.81%,,0.47%,,,
21-Mar-20,29.86%,16.93%,20.70%,9.91%,10.65%,5.84%,,,,2.81%,,0.47%,,,
22-Mar-20,29.80%,17.02%,20.68%,9.99%,10.64%,5.81%,,,,2.81%,,0.47%,,,
23-Mar-20,29.74%,17.12%,20.67%,10.05%,10.62%,5.79%,,,,2.82%,,0.46%,,,
24-Mar-20,29.68%,17.21%,20.66%,10.12%,10.60%,5.76%,,,,2.82%,,0.46%,,,
25-Mar-20,29.62%,17.30%,20.65%,10.19%,10.58%,5.73%,,,,2.82%,,0.46%,,,
26-Mar-20,29.56%,17.39%,20.64%,10.26%,10.56%,5.71%,,,,2.83%,,0.46%,,,
27-Mar-20,29.50%,17.48%,20.63%,10.32%,10.55%,5.68%,,,,2.83%,,0.45%,,,
28-Mar-20,29.44%,17.58%,20.62%,10.39%,10.53%,5.65%,,,,2.83%,,0.45%,,,
29-Mar-20,29.38%,17.67%,20.62%,10.46%,10.51%,5.62%,,,,2.83%,,0.45%,,,
30-Mar-20,29.33%,17.76%,20.63%,10.51%,10.49%,5.59%,,,,2.83%,,0.44%,,,
31-Mar-20,29.32%,17.81%,20.64%,10.54%,10.48%,5.56%,,,,2.83%,,0.44%,,,
01-Apr-20,29.31%,17.86%,20.63%,10.57%,10.48%,5.53%,,,,2.83%,,0.43%,,,
02-Apr-20,29.30%,17.86%,20.67%,10.57%,10.46%,5.52%,,,,2.83%,,0.43%,,,
03-Apr-20,29.30%,17.86%,20.71%,10.56%,10.44%,5.51%,,,,2.83%,,0.43%,,,
04-Apr-20,29.29%,17.86%,20.75%,10.55%,10.42%,5.50%,,,,2.83%,,0.42%,,,
05-Apr-20,29.29%,17.86%,20.80%,10.54%,10.41%,5.49%,,,,2.83%,,0.42%,,,
06-Apr-20,29.30%,17.85%,20.85%,10.53%,10.38%,5.48%,,,,2.83%,,0.42%,,,
07-Apr-20,29.28%,17.84%,20.92%,10.52%,10.34%,5.48%,,,,2.81%,,0.43%,,,
08-Apr-20,29.27%,17.82%,20.99%,10.52%,10.30%,5.49%,,,,2.80%,,0.43%,,,
09-Apr-20,29.25%,17.81%,21.06%,10.52%,10.25%,5.49%,,,,2.79%,,0.44%,,,
10-Apr-20,29.24%,17.79%,21.12%,10.52%,10.21%,5.49%,,,,2.78%,,0.44%,,,
11-Apr-20,29.23%,17.78%,21.19%,10.52%,10.17%,5.50%,,,,2.77%,,0.45%,,,
12-Apr-20,29.21%,17.76%,21.26%,10.52%,10.13%,5.50%,,,,2.75%,,0.45%,,,
13-Apr-20,29.20%,17.75%,21.33%,10.51%,10.08%,5.51%,,,,2.74%,,0.46%,,,
14-Apr-20,29.19%,17.74%,21.38%,10.51%,10.05%,5.52%,,,,2.73%,,0.46%,,,
15-Apr-20,29.19%,17.72%,21.43%,10.51%,10.01%,5.53%,,,,2.71%,,0.47%,,,
16-Apr-20,29.18%,17.71%,21.48%,10.51%,9.97%,5.54%,,,,2.70%,,0.47%,,,
17-Apr-20,29.18%,17.69%,21.53%,10.51%,9.93%,5.55%,,,,2.69%,,0.48%,,,
18-Apr-20,29.17%,17.68%,21.58%,10.51%,9.89%,5.56%,,,,2.67%,,0.48%,,,
19-Apr-20,29.17%,17.67%,21.64%,10.51%,9.85%,5.57%,,,,2.66%,,0.49%,,,
20-Apr-20,29.18%,17.65%,21.69%,10.50%,9.80%,5.58%,,,,2.65%,,0.49%,,,
21-Apr-20,29.18%,17.65%,21.73%,10.50%,9.76%,5.59%,,,,2.63%,,0.50%,,,
22-Apr-20,29.21%,17.67%,21.70%,10.53%,9.75%,5.57%,,,,2.63%,,0.52%,,,
23-Apr-20,29.24%,17.70%,21.66%,10.57%,9.74%,5.54%,,,,2.63%,,0.53%,,,
24-Apr-20,29.27%,17.72%,21.62%,10.61%,9.72%,5.52%,,,,2.63%,,0.55%,,,
25-Apr-20,29.30%,17.74%,21.59%,10.65%,9.71%,5.49%,,,,2.63%,,0.57%,,,
26-Apr-20,29.33%,17.77%,21.55%,10.68%,9.70%,5.46%,,,,2.63%,,0.59%,,,
27-Apr-20,29.36%,17.79%,21.54%,10.71%,9.68%,5.44%,,,,2.63%,,0.61%,,,
28-Apr-20,29.39%,17.81%,21.52%,10.73%,9.66%,5.41%,,,,2.63%,,0.63%,,,
29-Apr-20,29.41%,17.84%,21.49%,10.76%,9.65%,5.38%,,,,2.63%,,0.65%,,,
30-Apr-20,29.44%,17.87%,21.47%,10.80%,9.63%,5.36%,,,,2.63%,,0.66%,,,
01-May-20,29.46%,17.90%,21.45%,10.83%,9.62%,5.33%,,,,2.63%,,0.68%,,,
02-May-20,29.48%,17.92%,21.43%,10.86%,9.60%,5.30%,,,,2.63%,,0.70%,,,
03-May-20,29.50%,17.95%,21.40%,10.89%,9.59%,5.27%,,,,2.63%,,0.72%,,,
04-May-20,29.52%,17.98%,21.38%,10.93%,9.57%,5.24%,,,,2.63%,,0.74%,,,
05-May-20,29.53%,18.01%,21.36%,10.96%,9.56%,5.21%,,,,2.63%,,0.77%,,,
06-May-20,29.54%,18.04%,21.35%,11.00%,9.55%,5.18%,,,,2.63%,,0.79%,,,
07-May-20,29.54%,18.06%,21.38%,10.99%,9.53%,5.17%,,,,2.63%,,0.79%,,,
08-May-20,29.54%,18.07%,21.41%,10.98%,9.52%,5.16%,,,,2.63%,,0.79%,,,
09-May-20,29.54%,18.08%,21.44%,10.97%,9.50%,5.15%,,,,2.63%,,0.80%,,,
10-May-20,29.55%,18.09%,21.47%,10.96%,9.49%,5.14%,,,,2.62%,,0.80%,,,
11-May-20,29.55%,18.11%,21.50%,10.95%,9.47%,5.13%,,,,2.62%,,0.80%,,,
12-May-20,29.55%,18.12%,21.53%,10.94%,9.46%,5.13%,,,,2.62%,,0.80%,,,
13-May-20,29.55%,18.13%,21.55%,10.93%,9.44%,5.12%,,,,2.61%,,0.80%,,,
14-May-20,29.56%,18.14%,21.57%,10.92%,9.43%,5.12%,,,,2.61%,,0.80%,,,
15-May-20,29.56%,18.11%,21.65%,10.88%,9.39%,5.12%,,,,2.60%,,0.80%,,,
16-May-20,29.57%,18.09%,21.74%,10.84%,9.35%,5.13%,,,,2.59%,,0.79%,,,
17-May-20,29.58%,18.06%,21.82%,10.80%,9.32%,5.14%,,,,2.59%,,0.78%,,,
18-May-20,29.59%,18.03%,21.91%,10.74%,9.27%,5.14%,,,,2.58%,,0.78%,,,
19-May-20,29.60%,18.00%,22.00%,10.69%,9.23%,5.15%,,,,2.57%,,0.77%,,,
20-May-20,29.53%,18.02%,22.05%,10.70%,9.23%,5.14%,,,,2.55%,,0.75%,,,
21-May-20,29.47%,18.05%,22.10%,10.70%,9.24%,5.13%,,,,2.53%,,0.74%,,,
22-May-20,29.40%,18.07%,22.15%,10.70%,9.24%,5.13%,,,,2.52%,,0.72%,,,
23-May-20,29.34%,18.09%,22.20%,10.71%,9.24%,5.12%,,,,2.50%,,0.71%,,,
24-May-20,29.27%,18.11%,22.25%,10.71%,9.24%,5.11%,,,,2.48%,,0.69%,,,
25-May-20,29.21%,18.12%,22.31%,10.70%,9.23%,5.11%,,,,2.47%,,0.68%,,,
26-May-20,29.15%,18.12%,22.38%,10.69%,9.23%,5.11%,,,,2.46%,,0.66%,,,
27-May-20,29.10%,18.13%,22.43%,10.69%,9.23%,5.10%,,,,2.45%,,0.64%,,,
28-May-20,29.04%,18.14%,22.49%,10.69%,9.23%,5.10%,,,,2.43%,,0.63%,,,
29-May-20,28.98%,18.14%,22.54%,10.69%,9.23%,5.09%,,,,2.42%,,0.61%,,,
30-May-20,28.92%,18.18%,22.54%,10.72%,9.25%,5.08%,,,,2.42%,,0.61%,,,
31-May-20,28.85%,18.22%,22.54%,10.75%,9.28%,5.06%,,,,2.41%,,0.60%,,,
01-Jun-20,28.79%,18.26%,22.54%,10.78%,9.30%,5.05%,,,,2.40%,,0.59%,,,
02-Jun-20,28.73%,18.29%,22.54%,10.80%,9.33%,5.04%,,,,2.39%,,0.58%,,,
03-Jun-20,28.67%,18.33%,22.54%,10.83%,9.36%,5.03%,,,,2.39%,,0.57%,,,
04-Jun-20,28.68%,18.32%,22.57%,10.81%,9.35%,5.03%,,,,2.38%,,0.57%,,,
05-Jun-20,28.69%,18.30%,22.60%,10.78%,9.34%,5.04%,,,,2.38%,,0.57%,,,
06-Jun-20,28.70%,18.28%,22.63%,10.76%,9.33%,5.04%,,,,2.38%,,0.57%,,,
07-Jun-20,28.71%,18.26%,22.67%,10.74%,9.32%,5.05%,,,,2.38%,,0.57%,,,
08-Jun-20,28.72%,18.24%,22.70%,10.70%,9.30%,5.05%,,,,2.38%,,0.57%,,,
09-Jun-20,28.73%,18.25%,22.72%,10.68%,9.29%,5.05%,,,,2.38%,,0.57%,,,
10-Jun-20,28.73%,18.25%,22.74%,10.65%,9.28%,5.05%,,,,2.38%,,0.57%,,,
11-Jun-20,28.74%,18.25%,22.76%,10.63%,9.27%,5.05%,,,,2.37%,,0.57%,,,
12-Jun-20,28.74%,18.25%,22.78%,10.60%,9.26%,5.05%,,,,2.37%,,0.56%,,,
13-Jun-20,28.75%,18.25%,22.80%,10.58%,9.25%,5.05%,,,,2.37%,,0.56%,,,
14-Jun-20,28.74%,18.26%,22.76%,10.59%,9.25%,5.05%,,,,2.38%,,0.55%,,,
15-Jun-20,28.78%,18.25%,22.76%,10.58%,9.24%,5.03%,,,,2.38%,,0.54%,,,
16-Jun-20,28.81%,18.24%,22.77%,10.58%,9.23%,5.01%,,,,2.38%,,0.52%,,,
17-Jun-20,28.85%,18.23%,22.78%,10.58%,9.22%,4.99%,,,,2.39%,,0.51%,,,
18-Jun-20,28.89%,18.22%,22.79%,10.57%,9.21%,4.97%,,,,2.40%,,0.50%,,,
19-Jun-20,28.93%,18.21%,22.80%,10.57%,9.20%,4.95%,,,,2.40%,,0.48%,,,
20-Jun-20,28.97%,18.19%,22.80%,10.57%,9.18%,4.93%,,,,2.41%,,0.47%,,,
21-Jun-20,29.01%,18.18%,22.81%,10.56%,9.17%,4.91%,,,,2.41%,,0.46%,,,
22-Jun-20,29.05%,18.16%,22.83%,10.55%,9.16%,4.90%,,,,2.42%,,0.44%,,,
23-Jun-20,29.09%,18.14%,22.84%,10.56%,9.15%,4.88%,,,,2.42%,,0.43%,,,
24-Jun-20,29.13%,18.11%,22.86%,10.56%,9.15%,4.87%,,,,2.42%,,0.42%,,,
25-Jun-20,29.17%,18.08%,22.88%,10.56%,9.14%,4.85%,,,,2.42%,,0.40%,,,
26-Jun-20,29.21%,18.06%,22.89%,10.57%,9.13%,4.83%,,,,2.42%,,0.39%,,,
27-Jun-20,29.25%,18.03%,22.91%,10.57%,9.13%,4.82%,,,,2.42%,,0.38%,,,
28-Jun-20,29.29%,18.00%,22.92%,10.58%,9.12%,4.80%,,,,2.42%,,0.37%,,,
29-Jun-20,29.35%,17.97%,22.99%,10.54%,9.11%,4.79%,,,,2.41%,,0.36%,,,
30-Jun-20,29.36%,17.95%,23.02%,10.53%,9.10%,4.79%,,,,2.40%,,0.36%,,,
01-Jul-20,29.36%,17.94%,23.04%,10.52%,9.10%,4.79%,,,,2.40%,,0.36%,,,
02-Jul-20,29.37%,17.94%,23.05%,10.52%,9.10%,4.79%,,,,2.40%,,0.36%,,,
03-Jul-20,29.37%,17.93%,23.06%,10.51%,9.10%,4.79%,,,,2.39%,,0.36%,,,
04-Jul-20,29.38%,17.92%,23.08%,10.51%,9.10%,4.79%,,,,2.39%,,0.36%,,,
05-Jul-20,29.38%,17.91%,23.09%,10.50%,9.10%,4.79%,,,,2.38%,,0.35%,,,
06-Jul-20,29.40%,17.90%,23.10%,10.49%,9.10%,4.80%,,,,2.38%,,0.35%,,,
07-Jul-20,29.41%,17.89%,23.10%,10.49%,9.10%,4.80%,,,,2.38%,,0.35%,,,
08-Jul-20,29.42%,17.88%,23.10%,10.49%,9.11%,4.80%,,,,2.38%,,0.35%,,,
09-Jul-20,29.43%,17.87%,23.10%,10.48%,9.11%,4.80%,,,,2.38%,,0.35%,,,
10-Jul-20,29.44%,17.86%,23.10%,10.48%,9.11%,4.80%,,,,2.38%,,0.34%,,,
11-Jul-20,29.45%,17.85%,23.10%,10.48%,9.11%,4.80%,,,,2.38%,,0.34%,,,
12-Jul-20,29.46%,17.84%,23.10%,10.47%,9.12%,4.81%,,,,2.38%,,0.34%,,,
13-Jul-20,29.48%,17.82%,23.10%,10.46%,9.12%,4.80%,,,,2.38%,,0.33%,,,
14-Jul-20,29.50%,17.80%,23.10%,10.44%,9.13%,4.80%,,,,2.38%,,0.33%,,,
15-Jul-20,29.53%,17.78%,23.10%,10.43%,9.14%,4.80%,,,,2.38%,,0.33%,,,
16-Jul-20,29.55%,17.77%,23.11%,10.41%,9.14%,4.80%,,,,2.39%,,0.33%,,,
17-Jul-20,29.57%,17.75%,23.11%,10.40%,9.15%,4.80%,,,,2.39%,,0.32%,,,
18-Jul-20,29.59%,17.73%,23.11%,10.38%,9.16%,4.80%,,,,2.39%,,0.32%,,,
19-Jul-20,29.62%,17.71%,23.12%,10.36%,9.16%,4.80%,,,,2.39%,,0.32%,,,
20-Jul-20,29.66%,17.68%,23.12%,10.33%,9.17%,4.81%,,,,2.38%,,0.31%,,,
21-Jul-20,29.69%,17.67%,23.13%,10.30%,9.17%,4.80%,,,,2.38%,,0.31%,,,
22-Jul-20,29.74%,17.66%,23.03%,10.34%,9.17%,4.82%,,,,2.39%,,0.30%,,,
23-Jul-20,29.78%,17.66%,22.94%,10.38%,9.17%,4.84%,,,,2.40%,,0.29%,,,
24-Jul-20,29.83%,17.65%,22.84%,10.41%,9.17%,4.86%,,,,2.41%,,0.28%,,,
25-Jul-20,29.88%,17.64%,22.75%,10.45%,9.17%,4.88%,,,,2.42%,,0.27%,,,
26-Jul-20,29.93%,17.63%,22.65%,10.49%,9.17%,4.90%,,,,2.43%,,0.27%,,,
27-Jul-20,29.98%,17.62%,22.55%,10.52%,9.17%,4.92%,,,,2.44%,,0.26%,,,
28-Jul-20,30.02%,17.62%,22.46%,10.56%,9.17%,4.95%,,,,2.45%,,0.25%,,,
29-Jul-20,30.07%,17.63%,22.37%,10.59%,9.16%,4.98%,,,,2.46%,,0.24%,,,
30-Jul-20,30.11%,17.63%,22.28%,10.63%,9.15%,5.01%,,,,2.47%,,0.23%,,,
31-Jul-20,30.16%,17.63%,22.19%,10.66%,9.14%,5.04%,,,,2.48%,,0.23%,,,
01-Aug-20,30.20%,17.63%,22.09%,10.70%,9.14%,5.07%,,,,2.48%,,0.22%,,,
02-Aug-20,30.25%,17.63%,22.00%,10.73%,9.13%,5.10%,,,,2.49%,,0.21%,,,
03-Aug-20,30.31%,17.64%,21.90%,10.76%,9.12%,5.13%,,,,2.50%,,0.21%,,,
04-Aug-20,30.35%,17.64%,21.81%,10.79%,9.11%,5.16%,,,,2.51%,,0.20%,,,
05-Aug-20,30.39%,17.65%,21.71%,10.83%,9.11%,5.19%,,,,2.52%,,0.20%,,,
06-Aug-20,30.41%,17.65%,21.71%,10.80%,9.10%,5.21%,,,,2.53%,,0.20%,,,
07-Aug-20,30.44%,17.65%,21.70%,10.78%,9.10%,5.22%,,,,2.53%,,0.20%,,,
08-Aug-20,30.47%,17.66%,21.70%,10.75%,9.10%,5.23%,,,,2.53%,,0.20%,,,
09-Aug-20,30.49%,17.66%,21.70%,10.72%,9.09%,5.24%,,,,2.53%,,0.21%,,,
10-Aug-20,30.53%,17.66%,21.69%,10.69%,9.09%,5.25%,,,,2.52%,,0.21%,,,
11-Aug-20,30.56%,17.67%,21.67%,10.66%,9.08%,5.27%,,,,2.52%,,0.22%,,,
12-Aug-20,30.59%,17.68%,21.65%,10.64%,9.07%,5.28%,,,,2.51%,,0.23%,,,
13-Aug-20,30.63%,17.68%,21.63%,10.63%,9.07%,5.29%,,,,2.51%,,0.23%,,,
14-Aug-20,30.66%,17.69%,21.60%,10.61%,9.06%,5.30%,,,,2.51%,,0.24%,,,
15-Aug-20,30.70%,17.69%,21.58%,10.59%,9.06%,5.31%,,,,2.50%,,0.24%,,,
16-Aug-20,30.73%,17.70%,21.55%,10.58%,9.05%,5.32%,,,,2.50%,,0.25%,,,
17-Aug-20,30.78%,17.69%,21.53%,10.55%,9.05%,5.34%,,,,2.50%,,0.26%,,,
18-Aug-20,30.81%,17.69%,21.51%,10.53%,9.05%,5.35%,,,,2.49%,,0.27%,,,
19-Aug-20,30.83%,17.67%,21.41%,10.58%,9.12%,5.35%,,,,2.48%,,0.28%,,,
20-Aug-20,30.85%,17.65%,21.30%,10.63%,9.19%,5.36%,,,,2.47%,,0.30%,,,
21-Aug-20,30.86%,17.63%,21.20%,10.68%,9.26%,5.36%,,,,2.46%,,0.32%,,,
22-Aug-20,30.88%,17.61%,21.10%,10.73%,9.33%,5.37%,,,,2.44%,,0.34%,,,
23-Aug-20,30.90%,17.60%,20.99%,10.78%,9.40%,5.37%,,,,2.43%,,0.36%,,,
24-Aug-20,30.83%,17.61%,20.96%,10.81%,9.47%,5.37%,,,,2.41%,,0.37%,,,
25-Aug-20,30.76%,17.61%,20.93%,10.83%,9.54%,5.37%,,,,2.40%,,0.38%,,,
26-Aug-20,30.70%,17.61%,20.90%,10.86%,9.60%,5.37%,,,,2.38%,,0.39%,,,
27-Aug-20,30.64%,17.61%,20.88%,10.88%,9.66%,5.36%,,,,2.37%,,0.40%,,,
28-Aug-20,30.58%,17.60%,20.85%,10.90%,9.73%,5.36%,,,,2.35%,,0.42%,,,
29-Aug-20,30.51%,17.60%,20.83%,10.93%,9.79%,5.36%,,,,2.34%,,0.43%,,,
30-Aug-20,30.44%,17.60%,20.80%,10.95%,9.85%,5.36%,,,,2.32%,,0.44%,,,
31-Aug-20,30.38%,17.60%,20.79%,10.97%,9.92%,5.35%,,,,2.31%,,0.45%,,,
01-Sep-20,30.31%,17.61%,20.78%,10.99%,9.97%,5.34%,,,,2.29%,,0.46%,,,
02-Sep-20,30.24%,17.61%,20.76%,11.02%,10.03%,5.33%,,,,2.28%,,0.48%,,,
03-Sep-20,30.18%,17.63%,20.82%,10.98%,10.02%,5.33%,,,,2.28%,,0.48%,,,
04-Sep-20,30.13%,17.65%,20.89%,10.94%,10.01%,5.32%,,,,2.27%,,0.48%,,,
05-Sep-20,30.07%,17.66%,20.95%,10.91%,10.00%,5.32%,,,,2.27%,,0.48%,,,
06-Sep-20,30.01%,17.68%,21.02%,10.87%,9.99%,5.32%,,,,2.26%,,0.48%,,,
07-Sep-20,29.95%,17.70%,21.09%,10.83%,9.98%,5.31%,,,,2.26%,,0.47%,,,
08-Sep-20,29.97%,17.69%,21.09%,10.82%,9.97%,5.31%,,,,2.25%,,0.48%,,,
09-Sep-20,29.99%,17.68%,21.11%,10.80%,9.97%,5.31%,,,,2.26%,,0.49%,,,
10-Sep-20,30.01%,17.66%,21.13%,10.78%,9.97%,5.30%,,,,2.26%,,0.49%,,,
11-Sep-20,30.03%,17.65%,21.15%,10.76%,9.96%,5.30%,,,,2.26%,,0.50%,,,
12-Sep-20,30.05%,17.64%,21.18%,10.75%,9.96%,5.29%,,,,2.26%,,0.50%,,,
13-Sep-20,30.06%,17.63%,21.20%,10.73%,9.96%,5.29%,,,,2.26%,,0.51%,,,
14-Sep-20,30.08%,17.62%,21.22%,10.71%,9.95%,5.29%,,,,2.26%,,0.52%,,,
15-Sep-20,30.10%,17.59%,21.24%,10.70%,9.95%,5.29%,,,,2.26%,,0.52%,,,
16-Sep-20,30.12%,17.57%,21.25%,10.69%,9.95%,5.29%,,,,2.25%,,0.53%,,,
17-Sep-20,30.09%,17.53%,21.30%,10.66%,9.96%,5.29%,,,,2.26%,,0.57%,,,
18-Sep-20,30.07%,17.49%,21.35%,10.63%,9.97%,5.29%,,,,2.27%,,0.60%,,,
19-Sep-20,30.05%,17.45%,21.40%,10.59%,9.98%,5.29%,,,,2.28%,,0.64%,,,
20-Sep-20,30.02%,17.41%,21.45%,10.56%,9.99%,5.28%,,,,2.28%,,0.68%,,,
21-Sep-20,30.02%,17.36%,21.50%,10.52%,10.00%,5.28%,,,,2.29%,,0.72%,,,
22-Sep-20,30.01%,17.31%,21.55%,10.48%,10.00%,5.28%,,,,2.30%,,0.76%,,,
23-Sep-20,30.04%,17.20%,21.55%,10.48%,10.03%,5.28%,,,,2.32%,,0.81%,,,
24-Sep-20,30.05%,17.11%,21.52%,10.49%,10.07%,5.29%,,,,2.34%,,0.86%,,,
25-Sep-20,30.06%,17.01%,21.50%,10.50%,10.11%,5.30%,,,,2.36%,,0.91%,,,
26-Sep-20,30.07%,16.91%,21.48%,10.51%,10.15%,5.31%,,,,2.38%,,0.96%,,,
27-Sep-20,30.09%,16.80%,21.45%,10.51%,10.18%,5.32%,,,,2.40%,,1.01%,,,
28-Sep-20,30.10%,16.71%,21.44%,10.51%,10.23%,5.33%,,,,2.43%,,1.06%,,,
29-Sep-20,30.12%,16.61%,21.42%,10.50%,10.27%,5.33%,,,,2.45%,,1.11%,,,
30-Sep-20,30.12%,16.52%,21.40%,10.50%,10.31%,5.34%,,,,2.47%,,1.16%,,,
01-Oct-20,30.13%,16.44%,21.38%,10.50%,10.36%,5.34%,,,,2.49%,,1.21%,,,
02-Oct-20,30.18%,16.37%,21.33%,10.51%,10.39%,5.34%,,,,2.51%,,1.22%,,,
03-Oct-20,30.22%,16.30%,21.28%,10.53%,10.42%,5.35%,,,,2.52%,,1.24%,,,
04-Oct-20,30.27%,16.23%,21.23%,10.55%,10.45%,5.35%,,,,2.53%,,1.26%,,,
05-Oct-20,30.33%,16.16%,21.18%,10.56%,10.48%,5.36%,,,,2.55%,,1.27%,,,
06-Oct-20,30.38%,16.10%,21.13%,10.57%,10.52%,5.37%,,,,2.55%,,1.29%,,,
07-Oct-20,30.42%,16.04%,21.08%,10.59%,10.55%,5.37%,,,,2.56%,,1.30%,,,
08-Oct-20,30.44%,16.03%,21.09%,10.57%,10.56%,5.37%,,,,2.57%,,1.31%,,,
09-Oct-20,30.46%,16.03%,21.09%,10.54%,10.56%,5.37%,,,,2.57%,,1.31%,,,
10-Oct-20,30.47%,16.02%,21.10%,10.52%,10.57%,5.36%,,,,2.57%,,1.31%,,,
11-Oct-20,30.49%,16.01%,21.11%,10.50%,10.58%,5.36%,,,,2.57%,,1.31%,,,
12-Oct-20,30.51%,16.01%,21.12%,10.47%,10.58%,5.36%,,,,2.57%,,1.32%,,,
13-Oct-20,30.53%,16.01%,21.13%,10.45%,10.58%,5.35%,,,,2.57%,,1.32%,,,
14-Oct-20,30.58%,15.99%,21.07%,10.47%,10.58%,5.34%,,,,2.58%,,1.33%,,,
15-Oct-20,30.59%,15.99%,21.08%,10.46%,10.57%,5.33%,,,,2.59%,,1.34%,,,
16-Oct-20,30.59%,15.99%,21.09%,10.44%,10.56%,5.32%,,,,2.60%,,1.35%,,,
17-Oct-20,30.60%,16.00%,21.09%,10.43%,10.55%,5.31%,,,,2.62%,,1.36%,,,
18-Oct-20,30.61%,16.00%,21.10%,10.41%,10.54%,5.30%,,,,2.63%,,1.37%,,,
19-Oct-20,30.62%,16.00%,21.11%,10.40%,10.53%,5.29%,,,,2.64%,,1.37%,,,
20-Oct-20,30.60%,16.01%,21.12%,10.39%,10.51%,5.29%,,,,2.65%,,1.38%,,,
21-Oct-20,30.59%,16.01%,21.14%,10.38%,10.50%,5.28%,,,,2.66%,,1.39%,,,
22-Oct-20,30.58%,16.02%,21.16%,10.37%,10.49%,5.27%,,,,2.67%,,1.39%,,,
23-Oct-20,30.57%,16.02%,21.18%,10.36%,10.48%,5.26%,,,,2.68%,,1.40%,,,
24-Oct-20,30.56%,16.03%,21.19%,10.35%,10.46%,5.25%,,,,2.69%,,1.40%,,,
25-Oct-20,30.55%,16.04%,21.21%,10.34%,10.45%,5.24%,,,,2.71%,,1.41%,,,
26-Oct-20,30.56%,16.04%,21.23%,10.32%,10.43%,5.24%,,,,2.72%,,1.41%,,,
27-Oct-20,30.56%,16.04%,21.24%,10.31%,10.41%,5.23%,,,,2.73%,,1.42%,,,
28-Oct-20,30.56%,16.03%,21.25%,10.30%,10.40%,5.23%,,,,2.74%,,1.42%,,,
29-Oct-20,30.52%,16.04%,21.32%,10.26%,10.38%,5.23%,,,,2.74%,,1.42%,,,
30-Oct-20,30.53%,16.03%,21.34%,10.25%,10.38%,5.24%,,,,2.75%,,1.42%,,,
31-Oct-20,30.54%,16.02%,21.35%,10.23%,10.37%,5.24%,,,,2.75%,,1.42%,,,
01-Nov-20,30.55%,16.01%,21.36%,10.22%,10.36%,5.25%,,,,2.75%,,1.42%,,,
02-Nov-20,30.57%,16.01%,21.37%,10.21%,10.35%,5.25%,,,,2.75%,,1.42%,,,
03-Nov-20,30.58%,16.00%,21.39%,10.20%,10.33%,5.26%,,,,2.75%,,1.41%,,,
04-Nov-20,30.60%,16.00%,21.39%,10.19%,10.32%,5.26%,,,,2.75%,,1.41%,,,
05-Nov-20,30.62%,15.99%,21.39%,10.18%,10.30%,5.26%,,,,2.76%,,1.41%,,,
06-Nov-20,30.63%,15.98%,21.39%,10.18%,10.29%,5.26%,,,,2.76%,,1.41%,,,
07-Nov-20,30.65%,15.98%,21.39%,10.17%,10.28%,5.26%,,,,2.76%,,1.40%,,,
08-Nov-20,30.67%,15.97%,21.39%,10.16%,10.26%,5.27%,,,,2.77%,,1.40%,,,
09-Nov-20,30.61%,15.95%,21.41%,10.18%,10.24%,5.28%,,,,2.78%,,1.39%,,,
10-Nov-20,30.54%,15.95%,21.45%,10.21%,10.23%,5.28%,,,,2.80%,,1.39%,,,
11-Nov-20,30.46%,15.94%,21.48%,10.24%,10.21%,5.28%,,,,2.81%,,1.38%,,,
12-Nov-20,30.39%,15.93%,21.52%,10.27%,10.20%,5.29%,,,,2.83%,,1.37%,,,
13-Nov-20,30.31%,15.92%,21.56%,10.30%,10.18%,5.29%,,,,2.84%,,1.36%,,,
14-Nov-20,30.24%,15.91%,21.59%,10.33%,10.16%,5.30%,,,,2.86%,,1.35%,,,
15-Nov-20,30.16%,15.91%,21.63%,10.37%,10.14%,5.30%,,,,2.87%,,1.35%,,,
16-Nov-20,30.10%,15.90%,21.66%,10.41%,10.12%,5.31%,,,,2.89%,,1.34%,,,
17-Nov-20,30.03%,15.88%,21.69%,10.45%,10.11%,5.31%,,,,2.90%,,1.33%,,,
18-Nov-20,29.94%,15.86%,21.66%,10.58%,10.09%,5.33%,,,,2.92%,,1.33%,,,
19-Nov-20,29.85%,15.85%,21.63%,10.72%,10.08%,5.35%,,,,2.93%,,1.33%,,,
20-Nov-20,29.76%,15.83%,21.59%,10.85%,10.06%,5.36%,,,,2.95%,,1.33%,,,
21-Nov-20,29.67%,15.82%,21.56%,10.99%,10.05%,5.38%,,,,2.96%,,1.34%,,,
22-Nov-20,29.58%,15.80%,21.53%,11.13%,10.03%,5.40%,,,,2.98%,,1.34%,,,
23-Nov-20,29.48%,15.78%,21.50%,11.28%,10.02%,5.41%,,,,2.99%,,1.34%,,,
24-Nov-20,29.47%,15.77%,21.44%,11.40%,10.00%,5.43%,,,,2.99%,,1.34%,,,
25-Nov-20,29.46%,15.76%,21.37%,11.52%,9.99%,5.44%,,,,3.00%,,1.34%,,,
26-Nov-20,29.44%,15.74%,21.30%,11.63%,9.98%,5.46%,,,,3.00%,,1.35%,,,
27-Nov-20,29.43%,15.73%,21.23%,11.75%,9.96%,5.47%,,,,3.00%,,1.36%,,,
28-Nov-20,29.42%,15.72%,21.16%,11.88%,9.95%,5.49%,,,,3.01%,,1.36%,,,
29-Nov-20,29.41%,15.70%,21.08%,12.00%,9.94%,5.50%,,,,3.01%,,1.37%,,,
30-Nov-20,29.39%,15.69%,21.01%,12.13%,9.92%,5.52%,,,,3.01%,,1.37%,,,
01-Dec-20,29.36%,15.67%,20.95%,12.26%,9.90%,5.53%,,,,3.02%,,1.38%,,,
02-Dec-20,29.34%,15.66%,20.89%,12.39%,9.88%,5.54%,,,,3.02%,,1.39%,,,
03-Dec-20,29.33%,15.65%,20.89%,12.42%,9.87%,5.54%,,,,3.03%,,1.38%,,,
04-Dec-20,29.32%,15.63%,20.89%,12.45%,9.85%,5.55%,,,,3.04%,,1.38%,,,
05-Dec-20,29.32%,15.62%,20.88%,12.49%,9.83%,5.55%,,,,3.04%,,1.38%,,,
06-Dec-20,29.31%,15.60%,20.88%,12.53%,9.82%,5.56%,,,,3.05%,,1.37%,,,
07-Dec-20,29.22%,15.57%,20.92%,12.64%,9.79%,5.55%,,,,3.05%,,1.37%,,,
08-Dec-20,29.13%,15.55%,20.96%,12.75%,9.77%,5.55%,,,,3.05%,,1.36%,,,
09-Dec-20,29.03%,15.54%,20.94%,12.90%,9.74%,5.56%,,,,3.07%,,1.35%,,,
10-Dec-20,28.93%,15.53%,20.91%,13.06%,9.70%,5.58%,,,,3.10%,,1.33%,,,
11-Dec-20,28.83%,15.53%,20.89%,13.22%,9.67%,5.59%,,,,3.12%,,1.32%,,,
12-Dec-20,28.73%,15.52%,20.86%,13.38%,9.64%,5.60%,,,,3.14%,,1.31%,,,
13-Dec-20,28.63%,15.52%,20.83%,13.54%,9.61%,5.62%,,,,3.17%,,1.29%,,,
14-Dec-20,28.52%,15.51%,20.81%,13.71%,9.57%,5.63%,,,,3.19%,,1.28%,,,
15-Dec-20,28.41%,15.51%,20.78%,13.87%,9.55%,5.64%,,,,3.21%,,1.26%,,,
16-Dec-20,28.30%,15.51%,20.76%,14.04%,9.52%,5.66%,,,,3.23%,,1.25%,,,
17-Dec-20,28.19%,15.50%,20.73%,14.20%,9.50%,5.68%,,,,3.25%,,1.23%,,,
18-Dec-20,28.08%,15.50%,20.70%,14.36%,9.47%,5.69%,,,,3.27%,,1.21%,,,
19-Dec-20,27.97%,15.50%,20.68%,14.53%,9.44%,5.71%,,,,3.29%,,1.20%,,,
20-Dec-20,27.86%,15.49%,20.65%,14.70%,9.42%,5.72%,,,,3.31%,,1.18%,,,
21-Dec-20,27.75%,15.49%,20.62%,14.87%,9.38%,5.74%,,,,3.33%,,1.16%,,,
22-Dec-20,27.72%,15.51%,20.55%,14.97%,9.35%,5.77%,,,,3.35%,,1.14%,,,
23-Dec-20,27.68%,15.53%,20.49%,15.07%,9.33%,5.80%,,,,3.37%,,1.13%,,,
24-Dec-20,27.66%,15.53%,20.48%,15.12%,9.31%,5.80%,,,,3.37%,,1.12%,,,
25-Dec-20,27.63%,15.53%,20.48%,15.17%,9.29%,5.81%,,,,3.37%,,1.11%,,,
26-Dec-20,27.61%,15.53%,20.48%,15.22%,9.27%,5.82%,,,,3.37%,,1.10%,,,
27-Dec-20,27.58%,15.53%,20.47%,15.28%,9.25%,5.83%,,,,3.37%,,1.09%,,,
28-Dec-20,27.55%,15.52%,20.47%,15.33%,9.23%,5.84%,,,,3.37%,,1.08%,,,
29-Dec-20,27.53%,15.53%,20.47%,15.38%,9.21%,5.85%,,,,3.37%,,1.07%,,,
30-Dec-20,27.50%,15.53%,20.46%,15.42%,9.19%,5.86%,,,,3.37%,,1.06%,,,
31-Dec-20,27.48%,15.53%,20.46%,15.47%,9.18%,5.87%,,,,3.37%,,1.05%,,,
01-Jan-21,27.45%,15.54%,20.46%,15.52%,9.16%,5.87%,,,,3.37%,,1.04%,,,
02-Jan-21,27.43%,15.54%,20.45%,15.56%,9.14%,5.88%,,,,3.37%,,1.03%,,,
03-Jan-21,27.40%,15.54%,20.45%,15.61%,9.12%,5.89%,,,,3.37%,,1.03%,,,
04-Jan-21,27.38%,15.54%,20.45%,15.66%,9.10%,5.90%,,,,3.36%,,1.02%,,,
05-Jan-21,27.37%,15.54%,20.45%,15.69%,9.09%,5.90%,,,,3.36%,,1.01%,,,
06-Jan-21,27.35%,15.54%,20.45%,15.73%,9.08%,5.91%,,,,3.36%,,1.00%,,,
07-Jan-21,27.33%,15.53%,20.46%,15.77%,9.07%,5.91%,,,,3.36%,,0.99%,,,
08-Jan-21,27.31%,15.53%,20.46%,15.81%,9.05%,5.91%,,,,3.36%,,0.99%,,,
09-Jan-21,27.30%,15.52%,20.46%,15.85%,9.04%,5.92%,,,,3.35%,,0.98%,,,
10-Jan-21,27.28%,15.52%,20.46%,15.89%,9.04%,5.92%,,,,3.35%,,0.97%,,,
11-Jan-21,27.27%,15.51%,20.46%,15.92%,9.02%,5.92%,,,,3.34%,,0.96%,,,
12-Jan-21,27.27%,15.50%,20.47%,15.95%,9.01%,5.92%,,,,3.34%,,0.95%,,,
13-Jan-21,27.26%,15.50%,20.47%,15.99%,9.00%,5.92%,,,,3.33%,,0.94%,,,
14-Jan-21,27.25%,15.49%,20.47%,16.02%,9.00%,5.92%,,,,3.32%,,0.93%,,,
15-Jan-21,27.25%,15.48%,20.47%,16.06%,8.99%,5.92%,,,,3.31%,,0.92%,,,
16-Jan-21,27.25%,15.47%,20.47%,16.09%,8.98%,5.92%,,,,3.30%,,0.91%,,,
17-Jan-21,27.24%,15.46%,20.47%,16.13%,8.97%,5.92%,,,,3.29%,,0.90%,,,
18-Jan-21,27.25%,15.45%,20.48%,16.16%,8.95%,5.93%,,,,3.28%,,0.88%,,,
19-Jan-21,27.24%,15.42%,20.45%,16.20%,8.94%,5.97%,,,,3.29%,,0.88%,,,
20-Jan-21,27.23%,15.40%,20.43%,16.24%,8.93%,6.01%,,,,3.30%,,0.87%,,,
21-Jan-21,27.22%,15.39%,20.40%,16.25%,8.91%,6.04%,,,,3.30%,,0.85%,,,
22-Jan-21,27.21%,15.38%,20.37%,16.27%,8.89%,6.08%,,,,3.30%,,0.84%,,,
23-Jan-21,27.20%,15.37%,20.35%,16.28%,8.87%,6.11%,,,,3.30%,,0.82%,,,
24-Jan-21,27.19%,15.36%,20.32%,16.29%,8.85%,6.15%,,,,3.31%,,0.80%,,,
25-Jan-21,27.20%,15.37%,20.30%,16.29%,8.82%,6.18%,,,,3.30%,,0.78%,,,
26-Jan-21,27.20%,15.37%,20.27%,16.30%,8.79%,6.22%,,,,3.31%,,0.77%,,,
27-Jan-21,27.20%,15.38%,20.24%,16.30%,8.76%,6.25%,,,,3.31%,,0.76%,,,
28-Jan-21,27.20%,15.38%,20.22%,16.30%,8.73%,6.29%,,,,3.32%,,0.74%,,,
29-Jan-21,27.20%,15.39%,20.19%,16.30%,8.71%,6.32%,,,,3.32%,,0.73%,,,
30-Jan-21,27.21%,15.40%,20.16%,16.30%,8.68%,6.36%,,,,3.33%,,0.71%,,,
31-Jan-21,27.22%,15.41%,20.14%,16.29%,8.65%,6.39%,,,,3.33%,,0.70%,,,
01-Feb-21,27.24%,15.42%,20.11%,16.28%,8.62%,6.42%,,,,3.33%,,0.68%,,,
02-Feb-21,27.26%,15.43%,20.07%,16.27%,8.59%,6.44%,,,,3.34%,,0.67%,,,
03-Feb-21,27.28%,15.47%,20.06%,16.25%,8.57%,6.44%,,,,3.33%,,0.66%,,,
04-Feb-21,27.31%,15.50%,20.05%,16.23%,8.54%,6.43%,,,,3.32%,,0.64%,,,
05-Feb-21,27.34%,15.52%,20.04%,16.23%,8.52%,6.42%,,,,3.31%,,0.63%,,,
06-Feb-21,27.37%,15.54%,20.03%,16.23%,8.50%,6.42%,,,,3.31%,,0.62%,,,
07-Feb-21,27.40%,15.55%,20.02%,16.23%,8.48%,6.41%,,,,3.30%,,0.62%,,,
08-Feb-21,27.46%,15.59%,20.02%,16.21%,8.45%,6.41%,,,,3.29%,,0.61%,,,
09-Feb-21,27.50%,15.60%,20.01%,16.20%,8.43%,6.41%,,,,3.28%,,0.60%,,,
10-Feb-21,27.55%,15.62%,20.01%,16.18%,8.41%,6.41%,,,,3.27%,,0.59%,,,
11-Feb-21,27.60%,15.64%,20.00%,16.17%,8.39%,6.40%,,,,3.26%,,0.58%,,,
12-Feb-21,27.64%,15.66%,19.99%,16.15%,8.37%,6.40%,,,,3.25%,,0.58%,,,
13-Feb-21,27.69%,15.68%,19.98%,16.13%,8.35%,6.40%,,,,3.24%,,0.57%,,,
14-Feb-21,27.74%,15.70%,19.98%,16.12%,8.32%,6.40%,,,,3.23%,,0.56%,,,
15-Feb-21,27.82%,15.74%,19.95%,16.09%,8.30%,6.39%,,,,3.21%,,0.55%,,,
16-Feb-21,27.91%,15.84%,19.89%,16.05%,8.29%,6.37%,,,,3.18%,,0.55%,,,
17-Feb-21,27.99%,15.96%,19.81%,16.01%,8.27%,6.34%,,,,3.15%,,0.54%,,,
18-Feb-21,28.07%,16.09%,19.72%,15.98%,8.24%,6.32%,,,,3.11%,,0.54%,,,
19-Feb-21,28.16%,16.21%,19.64%,15.94%,8.22%,6.29%,,,,3.07%,,0.53%,,,
20-Feb-21,28.24%,16.34%,19.56%,15.90%,8.20%,6.27%,,,,3.03%,,0.52%,,,
21-Feb-21,28.32%,16.47%,19.47%,15.86%,8.18%,6.24%,,,,2.99%,,0.52%,,,
22-Feb-21,28.42%,16.60%,19.39%,15.81%,8.15%,6.22%,,,,2.95%,,0.51%,,,
23-Feb-21,28.50%,16.72%,19.31%,15.77%,8.14%,6.19%,,,,2.91%,,0.50%,,,
24-Feb-21,28.58%,16.84%,19.22%,15.74%,8.12%,6.16%,,,,2.88%,,0.50%,,,
25-Feb-21,28.65%,16.96%,19.14%,15.70%,8.11%,6.13%,,,,2.84%,,0.49%,,,
26-Feb-21,28.73%,17.08%,19.06%,15.66%,8.09%,6.10%,,,,2.81%,,0.49%,,,
27-Feb-21,28.81%,17.21%,18.97%,15.63%,8.08%,6.07%,,,,2.77%,,0.48%,,,
28-Feb-21,28.89%,17.33%,18.88%,15.59%,8.06%,6.04%,,,,2.73%,,0.48%,,,
01-Mar-21,28.98%,17.46%,18.80%,15.54%,8.04%,6.01%,,,,2.69%,,0.47%,,,
02-Mar-21,29.05%,17.58%,18.73%,15.49%,8.03%,5.98%,,,,2.66%,,0.47%,,,
03-Mar-21,29.10%,17.64%,18.70%,15.46%,8.00%,5.98%,,,,2.64%,,0.46%,,,
04-Mar-21,29.15%,17.67%,18.70%,15.42%,7.98%,5.97%,,,,2.63%,,0.45%,,,
05-Mar-21,29.21%,17.69%,18.69%,15.39%,7.96%,5.96%,,,,2.62%,,0.44%,,,
06-Mar-21,29.26%,17.72%,18.68%,15.35%,7.95%,5.96%,,,,2.61%,,0.44%,,,
07-Mar-21,29.32%,17.75%,18.67%,15.31%,7.93%,5.95%,,,,2.60%,,0.43%,,,
08-Mar-21,29.40%,17.79%,18.66%,15.26%,7.90%,5.94%,,,,2.59%,,0.43%,,,
09-Mar-21,29.47%,17.83%,18.64%,15.22%,7.88%,5.94%,,,,2.58%,,0.42%,,,
10-Mar-21,29.53%,17.86%,18.63%,15.17%,7.86%,5.93%,,,,2.58%,,0.42%,,,
11-Mar-21,29.60%,17.90%,18.61%,15.13%,7.85%,5.93%,,,,2.57%,,0.41%,,,
12-Mar-21,29.67%,17.94%,18.59%,15.08%,7.83%,5.92%,,,,2.56%,,0.41%,,,
13-Mar-21,29.73%,17.97%,18.57%,15.03%,7.81%,5.92%,,,,2.55%,,0.40%,,,
14-Mar-21,29.80%,18.01%,18.56%,14.99%,7.79%,5.91%,,,,2.54%,,0.40%,,,
15-Mar-21,29.88%,18.06%,18.55%,14.92%,7.76%,5.90%,,,,2.53%,,0.39%,,,
16-Mar-21,29.89%,18.10%,18.57%,14.88%,7.76%,5.90%,,,,2.53%,,0.38%,,,
17-Mar-21,29.88%,18.15%,18.57%,14.85%,7.77%,5.88%,,,,2.55%,,0.38%,,,
18-Mar-21,29.86%,18.20%,18.57%,14.82%,7.78%,5.87%,,,,2.56%,,0.38%,,,
19-Mar-21,29.85%,18.26%,18.58%,14.80%,7.79%,5.85%,,,,2.58%,,0.38%,,,
20-Mar-21,29.83%,18.31%,18.58%,14.77%,7.80%,5.84%,,,,2.60%,,0.38%,,,
21-Mar-21,29.81%,18.36%,18.59%,14.75%,7.81%,5.82%,,,,2.62%,,0.39%,,,
22-Mar-21,29.81%,18.40%,18.59%,14.71%,7.82%,5.81%,,,,2.64%,,0.39%,,,
23-Mar-21,29.77%,18.44%,18.61%,14.70%,7.84%,5.79%,,,,2.65%,,0.39%,,,
24-Mar-21,29.74%,18.48%,18.62%,14.69%,7.86%,5.78%,,,,2.67%,,0.39%,,,
25-Mar-21,29.70%,18.51%,18.64%,14.68%,7.88%,5.76%,,,,2.69%,,0.39%,,,
26-Mar-21,29.66%,18.55%,18.65%,14.66%,7.90%,5.75%,,,,2.71%,,0.39%,,,
27-Mar-21,29.62%,18.58%,18.67%,14.66%,7.91%,5.73%,,,,2.73%,,0.40%,,,
28-Mar-21,29.58%,18.62%,18.69%,14.65%,7.93%,5.72%,,,,2.75%,,0.40%,,,
29-Mar-21,29.55%,18.65%,18.71%,14.63%,7.95%,5.70%,,,,2.77%,,0.40%,,,
30-Mar-21,29.51%,18.67%,18.72%,14.64%,7.97%,5.69%,,,,2.79%,,0.40%,,,
31-Mar-21,29.52%,18.68%,18.71%,14.64%,7.97%,5.68%,,,,2.80%,,0.41%,,,
01-Apr-21,29.55%,18.69%,18.71%,14.62%,7.96%,5.67%,,,,2.80%,,0.41%,,,
02-Apr-21,29.59%,18.70%,18.72%,14.60%,7.95%,5.67%,,,,2.79%,,0.41%,,,
03-Apr-21,29.62%,18.70%,18.72%,14.58%,7.94%,5.67%,,,,2.79%,,0.40%,,,
04-Apr-21,29.65%,18.71%,18.73%,14.57%,7.93%,5.67%,,,,2.79%,,0.40%,,,
05-Apr-21,29.69%,18.72%,18.74%,14.54%,7.92%,5.67%,,,,2.78%,,0.40%,,,
06-Apr-21,29.73%,18.73%,18.74%,14.52%,7.90%,5.66%,,,,2.78%,,0.40%,,,
07-Apr-21,29.76%,18.75%,18.75%,14.49%,7.89%,5.65%,,,,2.77%,,0.39%,,,
08-Apr-21,29.80%,18.76%,18.76%,14.47%,7.88%,5.65%,,,,2.76%,,0.39%,,,
09-Apr-21,29.84%,18.77%,18.76%,14.45%,7.87%,5.64%,,,,2.76%,,0.39%,,,
10-Apr-21,29.87%,18.78%,18.77%,14.43%,7.85%,5.63%,,,,2.75%,,0.39%,,,
11-Apr-21,29.91%,18.80%,18.78%,14.40%,7.84%,5.63%,,,,2.75%,,0.38%,,,
12-Apr-21,29.95%,18.82%,18.78%,14.38%,7.83%,5.62%,,,,2.74%,,0.38%,,,
13-Apr-21,29.97%,18.84%,18.78%,14.36%,7.82%,5.61%,,,,2.73%,,0.38%,,,
14-Apr-21,29.96%,18.91%,18.78%,14.32%,7.81%,5.60%,,,,2.72%,,0.37%,,,
15-Apr-21,29.95%,18.97%,18.77%,14.29%,7.80%,5.59%,,,,2.70%,,0.36%,,,
16-Apr-21,29.94%,19.04%,18.77%,14.26%,7.78%,5.58%,,,,2.69%,,0.36%,,,
17-Apr-21,29.93%,19.11%,18.77%,14.22%,7.77%,5.57%,,,,2.67%,,0.35%,,,
18-Apr-21,29.92%,19.18%,18.77%,14.19%,7.75%,5.55%,,,,2.66%,,0.34%,,,
19-Apr-21,29.91%,19.24%,18.77%,14.16%,7.74%,5.54%,,,,2.64%,,0.34%,,,
20-Apr-21,29.88%,19.30%,18.77%,14.15%,7.73%,5.53%,,,,2.63%,,0.33%,,,
21-Apr-21,29.82%,19.38%,18.77%,14.13%,7.72%,5.52%,,,,2.62%,,0.35%,,,
22-Apr-21,29.76%,19.45%,18.77%,14.12%,7.71%,5.50%,,,,2.61%,,0.36%,,,
23-Apr-21,29.70%,19.53%,18.77%,14.10%,7.70%,5.49%,,,,2.60%,,0.38%,,,
24-Apr-21,29.63%,19.61%,18.77%,14.09%,7.70%,5.47%,,,,2.60%,,0.40%,,,
25-Apr-21,29.57%,19.69%,18.78%,14.07%,7.69%,5.45%,,,,2.59%,,0.41%,,,
26-Apr-21,29.52%,19.75%,18.79%,14.05%,7.68%,5.44%,,,,2.58%,,0.43%,,,
27-Apr-21,29.46%,19.81%,18.80%,14.03%,7.67%,5.42%,,,,2.57%,,0.45%,,,
28-Apr-21,29.41%,19.87%,18.82%,14.01%,7.66%,5.40%,,,,2.57%,,0.46%,,,
29-Apr-21,29.39%,19.89%,18.83%,14.01%,7.66%,5.39%,,,,2.57%,,0.48%,,,
30-Apr-21,29.36%,19.91%,18.85%,14.00%,7.66%,5.38%,,,,2.57%,,0.51%,,,
01-May-21,29.34%,19.92%,18.86%,14.00%,7.65%,5.37%,,,,2.57%,,0.53%,,,
02-May-21,29.32%,19.94%,18.88%,13.99%,7.65%,5.36%,,,,2.57%,,0.55%,,,
03-May-21,29.29%,19.96%,18.90%,13.98%,7.65%,5.35%,,,,2.57%,,0.57%,,,
04-May-21,29.26%,20.00%,18.92%,13.96%,7.64%,5.34%,,,,2.57%,,0.59%,,,
05-May-21,29.24%,20.03%,18.94%,13.94%,7.64%,5.33%,,,,2.57%,,0.61%,,,
06-May-21,29.24%,20.04%,18.96%,13.92%,7.63%,5.33%,,,,2.57%,,0.61%,,,
07-May-21,29.25%,20.05%,18.98%,13.90%,7.62%,5.32%,,,,2.56%,,0.61%,,,
08-May-21,29.25%,20.07%,19.00%,13.89%,7.61%,5.32%,,,,2.56%,,0.61%,,,
09-May-21,29.26%,20.08%,19.02%,13.87%,7.61%,5.31%,,,,2.55%,,0.60%,,,
10-May-21,29.27%,20.09%,19.04%,13.86%,7.60%,5.31%,,,,2.55%,,0.60%,,,
11-May-21,29.23%,20.12%,19.05%,13.86%,7.60%,5.30%,,,,2.54%,,0.59%,,,
12-May-21,29.19%,20.15%,19.07%,13.87%,7.60%,5.29%,,,,2.53%,,0.59%,,,
13-May-21,29.15%,20.17%,19.09%,13.87%,7.60%,5.28%,,,,2.52%,,0.58%,,,
14-May-21,29.11%,20.20%,19.11%,13.88%,7.60%,5.27%,,,,2.51%,,0.57%,,,
15-May-21,29.07%,20.23%,19.13%,13.89%,7.61%,5.26%,,,,2.50%,,0.56%,,,
16-May-21,29.03%,20.25%,19.15%,13.89%,7.61%,5.25%,,,,2.49%,,0.55%,,,
17-May-21,29.00%,20.28%,19.17%,13.90%,7.61%,5.24%,,,,2.47%,,0.54%,,,
18-May-21,28.95%,20.28%,19.14%,13.93%,7.66%,5.26%,,,,2.47%,,0.55%,,,
19-May-21,28.91%,20.27%,19.10%,13.96%,7.70%,5.27%,,,,2.46%,,0.57%,,,
20-May-21,28.86%,20.26%,19.07%,14.00%,7.75%,5.29%,,,,2.46%,,0.58%,,,
21-May-21,28.81%,20.26%,19.03%,14.03%,7.80%,5.30%,,,,2.45%,,0.59%,,,
22-May-21,28.76%,20.25%,19.00%,14.07%,7.85%,5.32%,,,,2.45%,,0.60%,,,
23-May-21,28.71%,20.24%,18.96%,14.10%,7.90%,5.33%,,,,2.44%,,0.61%,,,
24-May-21,28.66%,20.23%,18.92%,14.14%,7.95%,5.35%,,,,2.44%,,0.62%,,,
25-May-21,28.62%,20.23%,18.89%,14.17%,7.99%,5.36%,,,,2.44%,,0.64%,,,
26-May-21,28.61%,20.21%,18.84%,14.18%,8.03%,5.39%,,,,2.44%,,0.65%,,,
27-May-21,28.60%,20.19%,18.79%,14.20%,8.08%,5.41%,,,,2.45%,,0.67%,,,
28-May-21,28.59%,20.18%,18.74%,14.22%,8.12%,5.43%,,,,2.45%,,0.69%,,,
29-May-21,28.58%,20.16%,18.69%,14.24%,8.16%,5.45%,,,,2.45%,,0.71%,,,
30-May-21,28.57%,20.15%,18.64%,14.26%,8.20%,5.47%,,,,2.46%,,0.73%,,,
31-May-21,28.57%,20.13%,18.60%,14.27%,8.24%,5.49%,,,,2.46%,,0.74%,,,
01-Jun-21,28.55%,20.11%,18.56%,14.28%,8.28%,5.52%,,,,2.47%,,0.76%,,,
02-Jun-21,28.55%,20.11%,18.57%,14.27%,8.28%,5.52%,,,,2.47%,,0.76%,,,
03-Jun-21,28.55%,20.12%,18.57%,14.26%,8.29%,5.52%,,,,2.47%,,0.76%,,,
04-Jun-21,28.55%,20.12%,18.58%,14.25%,8.29%,5.53%,,,,2.47%,,0.75%,,,
05-Jun-21,28.55%,20.12%,18.58%,14.24%,8.29%,5.53%,,,,2.47%,,0.75%,,,
06-Jun-21,28.56%,20.13%,18.58%,14.23%,8.29%,5.53%,,,,2.47%,,0.75%,,,
07-Jun-21,28.56%,20.13%,18.59%,14.22%,8.29%,5.53%,,,,2.46%,,0.75%,,,
08-Jun-21,28.57%,20.14%,18.60%,14.21%,8.28%,5.53%,,,,2.46%,,0.74%,,,
09-Jun-21,28.57%,20.14%,18.61%,14.21%,8.28%,5.53%,,,,2.45%,,0.74%,,,
10-Jun-21,28.52%,20.18%,18.63%,14.19%,8.29%,5.55%,,,,2.46%,,0.73%,,,
11-Jun-21,28.47%,20.21%,18.64%,14.17%,8.30%,5.57%,,,,2.46%,,0.72%,,,
12-Jun-21,28.42%,20.25%,18.65%,14.15%,8.31%,5.59%,,,,2.46%,,0.71%,,,
13-Jun-21,28.37%,20.28%,18.67%,14.13%,8.31%,5.60%,,,,2.46%,,0.70%,,,
14-Jun-21,28.31%,20.34%,18.68%,14.10%,8.32%,5.62%,,,,2.46%,,0.68%,,,
15-Jun-21,28.26%,20.39%,18.69%,14.08%,8.33%,5.63%,,,,2.46%,,0.67%,,,
16-Jun-21,28.16%,20.43%,18.68%,14.08%,8.40%,5.63%,,,,2.45%,,0.67%,,,
17-Jun-21,28.07%,20.47%,18.68%,14.09%,8.47%,5.62%,,,,2.44%,,0.66%,,,
18-Jun-21,27.98%,20.51%,18.68%,14.10%,8.53%,5.61%,,,,2.43%,,0.66%,,,
19-Jun-21,27.89%,20.55%,18.67%,14.10%,8.60%,5.61%,,,,2.43%,,0.65%,,,
20-Jun-21,27.79%,20.59%,18.67%,14.11%,8.67%,5.60%,,,,2.42%,,0.65%,,,
21-Jun-21,27.71%,20.64%,18.67%,14.11%,8.74%,5.59%,,,,2.41%,,0.64%,,,
22-Jun-21,27.61%,20.68%,18.66%,14.12%,8.82%,5.58%,,,,2.40%,,0.64%,,,
23-Jun-21,27.52%,20.72%,18.65%,14.12%,8.89%,5.57%,,,,2.40%,,0.63%,,,
24-Jun-21,27.42%,20.76%,18.64%,14.13%,8.97%,5.56%,,,,2.39%,,0.63%,,,
25-Jun-21,27.38%,20.77%,18.63%,14.14%,9.03%,5.54%,,,,2.38%,,0.63%,,,
26-Jun-21,27.33%,20.78%,18.61%,14.16%,9.10%,5.51%,,,,2.37%,,0.63%,,,
27-Jun-21,27.28%,20.80%,18.60%,14.18%,9.17%,5.49%,,,,2.36%,,0.63%,,,
28-Jun-21,27.23%,20.81%,18.59%,14.19%,9.24%,5.46%,,,,2.34%,,0.64%,,,
29-Jun-21,27.19%,20.80%,18.58%,14.22%,9.31%,5.44%,,,,2.34%,,0.64%,,,
30-Jun-21,27.15%,20.80%,18.56%,14.25%,9.38%,5.41%,,,,2.33%,,0.64%,,,
01-Jul-21,27.14%,20.81%,18.56%,14.25%,9.40%,5.41%,,,,2.32%,,0.64%,,,
02-Jul-21,27.13%,20.81%,18.56%,14.25%,9.41%,5.41%,,,,2.32%,,0.64%,,,
03-Jul-21,27.12%,20.82%,18.55%,14.25%,9.42%,5.41%,,,,2.32%,,0.64%,,,
04-Jul-21,27.12%,20.83%,18.56%,14.24%,9.42%,5.41%,,,,2.32%,,0.64%,,,
05-Jul-21,27.12%,20.83%,18.56%,14.23%,9.43%,5.41%,,,,2.32%,,0.63%,,,
06-Jul-21,27.12%,20.84%,18.56%,14.22%,9.43%,5.41%,,,,2.32%,,0.63%,,,
07-Jul-21,27.11%,20.84%,18.57%,14.22%,9.44%,5.41%,,,,2.32%,,0.63%,,,
08-Jul-21,27.11%,20.85%,18.57%,14.21%,9.44%,5.42%,,,,2.32%,,0.62%,,,
09-Jul-21,27.10%,20.85%,18.57%,14.20%,9.45%,5.42%,,,,2.32%,,0.62%,,,
10-Jul-21,27.10%,20.85%,18.58%,14.20%,9.45%,5.42%,,,,2.32%,,0.62%,,,
11-Jul-21,27.10%,20.85%,18.58%,14.19%,9.45%,5.42%,,,,2.32%,,0.62%,,,
12-Jul-21,27.10%,20.87%,18.58%,14.18%,9.45%,5.43%,,,,2.31%,,0.61%,,,
13-Jul-21,27.11%,20.89%,18.58%,14.17%,9.45%,5.44%,,,,2.31%,,0.61%,,,
14-Jul-21,27.11%,20.90%,18.58%,14.15%,9.44%,5.44%,,,,2.30%,,0.60%,,,
15-Jul-21,27.11%,20.92%,18.58%,14.14%,9.44%,5.45%,,,,2.30%,,0.60%,,,
16-Jul-21,27.12%,20.93%,18.58%,14.13%,9.43%,5.45%,,,,2.29%,,0.59%,,,
17-Jul-21,27.12%,20.95%,18.58%,14.11%,9.43%,5.46%,,,,2.29%,,0.59%,,,
18-Jul-21,27.13%,20.97%,18.58%,14.10%,9.42%,5.47%,,,,2.28%,,0.58%,,,
19-Jul-21,27.14%,21.00%,18.57%,14.09%,9.42%,5.47%,,,,2.27%,,0.57%,,,
20-Jul-21,27.14%,21.04%,18.55%,14.08%,9.41%,5.48%,,,,2.26%,,0.57%,,,
21-Jul-21,27.15%,21.08%,18.53%,14.07%,9.40%,5.49%,,,,2.26%,,0.56%,,,
22-Jul-21,27.09%,21.18%,18.55%,14.08%,9.39%,5.47%,,,,2.26%,,0.56%,,,
23-Jul-21,27.02%,21.28%,18.56%,14.08%,9.38%,5.45%,,,,2.26%,,0.57%,,,
24-Jul-21,26.96%,21.38%,18.57%,14.09%,9.37%,5.43%,,,,2.27%,,0.57%,,,
25-Jul-21,26.89%,21.48%,18.58%,14.09%,9.35%,5.41%,,,,2.27%,,0.57%,,,
26-Jul-21,26.83%,21.59%,18.59%,14.10%,9.34%,5.39%,,,,2.28%,,0.57%,,,
27-Jul-21,26.78%,21.68%,18.60%,14.11%,9.33%,5.37%,,,,2.28%,,0.57%,,,
28-Jul-21,26.74%,21.78%,18.60%,14.11%,9.31%,5.35%,,,,2.29%,,0.57%,,,
29-Jul-21,26.69%,21.87%,18.60%,14.12%,9.30%,5.32%,,,,2.30%,,0.57%,,,
30-Jul-21,26.65%,21.97%,18.60%,14.13%,9.28%,5.30%,,,,2.31%,,0.58%,,,
31-Jul-21,26.60%,22.07%,18.61%,14.13%,9.27%,5.28%,,,,2.32%,,0.58%,,,
01-Aug-21,26.56%,22.17%,18.61%,14.14%,9.25%,5.25%,,,,2.33%,,0.58%,,,
02-Aug-21,26.52%,22.28%,18.61%,14.14%,9.23%,5.23%,,,,2.34%,,0.58%,,,
03-Aug-21,26.47%,22.37%,18.62%,14.14%,9.22%,5.21%,,,,2.35%,,0.58%,,,
04-Aug-21,26.42%,22.46%,18.63%,14.15%,9.20%,5.18%,,,,2.37%,,0.58%,,,
05-Aug-21,26.38%,22.55%,18.64%,14.15%,9.19%,5.16%,,,,2.38%,,0.58%,,,
06-Aug-21,26.40%,22.58%,18.62%,14.14%,9.17%,5.16%,,,,2.38%,,0.58%,,,
07-Aug-21,26.44%,22.62%,18.61%,14.11%,9.16%,5.16%,,,,2.38%,,0.57%,,,
08-Aug-21,26.48%,22.65%,18.59%,14.08%,9.15%,5.16%,,,,2.38%,,0.56%,,,
09-Aug-21,26.51%,22.69%,18.58%,14.05%,9.14%,5.16%,,,,2.37%,,0.55%,,,
10-Aug-21,26.55%,22.72%,18.56%,14.02%,9.12%,5.17%,,,,2.37%,,0.55%,,,
11-Aug-21,26.57%,22.76%,18.56%,14.00%,9.12%,5.17%,,,,2.37%,,0.54%,,,
12-Aug-21,26.58%,22.79%,18.56%,13.97%,9.11%,5.17%,,,,2.37%,,0.53%,,,
13-Aug-21,26.56%,22.80%,18.54%,13.97%,9.10%,5.17%,,,,2.39%,,0.52%,,,
14-Aug-21,26.54%,22.80%,18.52%,13.97%,9.09%,5.17%,,,,2.41%,,0.51%,,,
15-Aug-21,26.52%,22.81%,18.49%,13.98%,9.08%,5.17%,,,,2.43%,,0.50%,,,
16-Aug-21,26.52%,22.80%,18.47%,13.98%,9.07%,5.16%,,,,2.45%,,0.49%,,,
17-Aug-21,26.49%,22.81%,18.42%,14.00%,9.09%,5.14%,,,,2.49%,,0.48%,,,
18-Aug-21,26.46%,22.81%,18.36%,14.02%,9.11%,5.12%,,,,2.53%,,0.48%,,,
19-Aug-21,26.44%,22.81%,18.31%,14.05%,9.14%,5.10%,,,,2.57%,,0.48%,,,
20-Aug-21,26.41%,22.82%,18.25%,14.07%,9.16%,5.08%,,,,2.61%,,0.48%,,,
21-Aug-21,26.38%,22.82%,18.20%,14.09%,9.18%,5.06%,,,,2.65%,,0.47%,,,
22-Aug-21,26.34%,22.82%,18.14%,14.13%,9.21%,5.04%,,,,2.69%,,0.47%,,,
23-Aug-21,26.30%,22.82%,18.08%,14.17%,9.23%,5.01%,,,,2.74%,,0.47%,,,
24-Aug-21,26.27%,22.82%,18.03%,14.20%,9.25%,4.99%,,,,2.78%,,0.47%,,,
25-Aug-21,26.24%,22.82%,17.97%,14.23%,9.28%,4.97%,,,,2.82%,,0.47%,,,
26-Aug-21,26.21%,22.82%,17.91%,14.26%,9.30%,4.95%,,,,2.86%,,0.47%,,,
27-Aug-21,26.18%,22.82%,17.86%,14.30%,9.32%,4.92%,,,,2.90%,,0.46%,,,
28-Aug-21,26.18%,22.84%,17.82%,14.30%,9.35%,4.90%,,,,2.92%,,0.47%,,,
29-Aug-21,26.19%,22.86%,17.78%,14.31%,9.37%,4.88%,,,,2.94%,,0.47%,,,
30-Aug-21,26.20%,22.88%,17.74%,14.31%,9.40%,4.86%,,,,2.96%,,0.48%,,,
31-Aug-21,26.19%,22.92%,17.70%,14.31%,9.42%,4.86%,,,,2.98%,,0.48%,,,
01-Sep-21,26.20%,22.92%,17.70%,14.30%,9.41%,4.86%,,,,2.98%,,0.48%,,,
02-Sep-21,26.22%,22.93%,17.70%,14.29%,9.40%,4.87%,,,,2.98%,,0.47%,,,
03-Sep-21,26.23%,22.94%,17.69%,14.28%,9.39%,4.88%,,,,2.98%,,0.47%,,,
04-Sep-21,26.25%,22.95%,17.69%,14.27%,9.38%,4.89%,,,,2.98%,,0.47%,,,
05-Sep-21,26.27%,22.96%,17.68%,14.26%,9.37%,4.90%,,,,2.97%,,0.46%,,,
06-Sep-21,26.28%,22.96%,17.68%,14.26%,9.36%,4.91%,,,,2.97%,,0.46%,,,
07-Sep-21,26.29%,22.97%,17.68%,14.24%,9.35%,4.93%,,,,2.97%,,0.45%,,,
08-Sep-21,26.29%,22.98%,17.68%,14.23%,9.33%,4.95%,,,,2.97%,,0.45%,,,
09-Sep-21,26.29%,22.99%,17.67%,14.23%,9.32%,4.97%,,,,2.97%,,0.45%,,,
10-Sep-21,26.30%,23.00%,17.67%,14.22%,9.30%,4.99%,,,,2.97%,,0.44%,,,
11-Sep-21,26.30%,23.01%,17.67%,14.21%,9.28%,5.01%,,,,2.97%,,0.44%,,,
12-Sep-21,26.30%,23.02%,17.67%,14.21%,9.26%,5.03%,,,,2.97%,,0.44%,,,
13-Sep-21,26.30%,23.03%,17.68%,14.18%,9.25%,5.06%,,,,2.96%,,0.43%,,,
14-Sep-21,26.30%,23.04%,17.69%,14.16%,9.23%,5.08%,,,,2.96%,,0.43%,,,
15-Sep-21,26.26%,23.04%,17.69%,14.17%,9.20%,5.13%,,,,2.96%,,0.42%,,,
16-Sep-21,26.23%,23.05%,17.69%,14.17%,9.16%,5.18%,,,,2.96%,,0.41%,,,
17-Sep-21,26.20%,23.05%,17.69%,14.17%,9.13%,5.24%,,,,2.96%,,0.40%,,,
18-Sep-21,26.16%,23.05%,17.70%,14.18%,9.09%,5.29%,,,,2.96%,,0.40%,,,
19-Sep-21,26.13%,23.05%,17.70%,14.18%,9.05%,5.34%,,,,2.96%,,0.39%,,,
20-Sep-21,26.09%,23.06%,17.69%,14.18%,9.02%,5.39%,,,,2.96%,,0.38%,,,
21-Sep-21,26.07%,23.05%,17.67%,14.21%,8.99%,5.45%,,,,2.96%,,0.38%,,,
22-Sep-21,26.05%,23.04%,17.63%,14.25%,8.96%,5.50%,,,,2.96%,,0.38%,,,
23-Sep-21,26.03%,23.03%,17.60%,14.28%,8.94%,5.54%,,,,2.96%,,0.38%,,,
24-Sep-21,26.02%,23.01%,17.57%,14.31%,8.92%,5.59%,,,,2.95%,,0.38%,,,
25-Sep-21,26.00%,23.00%,17.54%,14.35%,8.89%,5.63%,,,,2.95%,,0.38%,,,
26-Sep-21,25.98%,22.99%,17.50%,14.38%,8.87%,5.68%,,,,2.95%,,0.39%,,,
27-Sep-21,25.95%,22.98%,17.49%,14.41%,8.85%,5.73%,,,,2.95%,,0.39%,,,
28-Sep-21,25.93%,22.97%,17.46%,14.45%,8.82%,5.78%,,,,2.94%,,0.39%,,,
29-Sep-21,25.90%,22.96%,17.42%,14.49%,8.80%,5.83%,,,,2.94%,,0.39%,,,
30-Sep-21,25.90%,22.96%,17.40%,14.50%,8.80%,5.85%,,,,2.94%,,0.40%,,,
01-Oct-21,25.90%,22.96%,17.38%,14.52%,8.81%,5.87%,,,,2.93%,,0.40%,,,
02-Oct-21,25.90%,22.96%,17.36%,14.53%,8.81%,5.88%,,,,2.93%,,0.41%,,,
03-Oct-21,25.90%,22.96%,17.35%,14.55%,8.81%,5.90%,,,,2.92%,,0.42%,,,
04-Oct-21,25.90%,22.96%,17.33%,14.56%,8.82%,5.92%,,,,2.92%,,0.42%,,,
05-Oct-21,25.89%,22.95%,17.32%,14.57%,8.82%,5.94%,,,,2.91%,,0.43%,,,
06-Oct-21,25.87%,22.97%,17.34%,14.56%,8.82%,5.95%,,,,2.91%,,0.43%,,,
07-Oct-21,25.85%,22.98%,17.36%,14.54%,8.81%,5.97%,,,,2.90%,,0.43%,,,
08-Oct-21,25.81%,23.00%,17.40%,14.51%,8.79%,5.99%,,,,2.90%,,0.42%,,,
09-Oct-21,25.77%,23.01%,17.43%,14.48%,8.77%,6.02%,,,,2.89%,,0.41%,,,
10-Oct-21,25.73%,23.02%,17.47%,14.45%,8.75%,6.04%,,,,2.89%,,0.41%,,,
11-Oct-21,25.68%,23.03%,17.50%,14.42%,8.73%,6.07%,,,,2.88%,,0.40%,,,
12-Oct-21,25.66%,23.04%,17.53%,14.40%,8.71%,6.09%,,,,2.88%,,0.39%,,,
13-Oct-21,25.63%,23.04%,17.56%,14.37%,8.69%,6.11%,,,,2.88%,,0.38%,,,
14-Oct-21,25.60%,23.04%,17.58%,14.34%,8.66%,6.13%,,,,2.88%,,0.38%,,,
15-Oct-21,25.57%,23.05%,17.61%,14.32%,8.64%,6.15%,,,,2.88%,,0.37%,,,
16-Oct-21,25.54%,23.05%,17.64%,14.29%,8.62%,6.17%,,,,2.87%,,0.36%,,,
17-Oct-21,25.51%,23.05%,17.67%,14.26%,8.59%,6.19%,,,,2.87%,,0.36%,,,
18-Oct-21,25.48%,23.07%,17.70%,14.22%,8.57%,6.23%,,,,2.87%,,0.35%,,,
19-Oct-21,25.44%,23.08%,17.73%,14.18%,8.55%,6.26%,,,,2.86%,,0.34%,,,
20-Oct-21,25.38%,23.05%,17.75%,14.18%,8.55%,6.30%,,,,2.87%,,0.34%,,,
21-Oct-21,25.32%,23.02%,17.77%,14.17%,8.55%,6.35%,,,,2.88%,,0.34%,,,
22-Oct-21,25.26%,22.99%,17.79%,14.16%,8.55%,6.40%,,,,2.90%,,0.35%,,,
23-Oct-21,25.22%,22.96%,17.80%,14.17%,8.57%,6.44%,,,,2.91%,,0.35%,,,
24-Oct-21,25.18%,22.94%,17.81%,14.18%,8.59%,6.48%,,,,2.92%,,0.36%,,,
25-Oct-21,25.13%,22.91%,17.82%,14.19%,8.60%,6.52%,,,,2.92%,,0.36%,,,
26-Oct-21,25.08%,22.88%,17.84%,14.19%,8.61%,6.57%,,,,2.93%,,0.37%,,,
27-Oct-21,25.03%,22.86%,17.85%,14.21%,8.63%,6.61%,,,,2.94%,,0.38%,,,
28-Oct-21,24.97%,22.84%,17.86%,14.22%,8.64%,6.66%,,,,2.94%,,0.38%,,,
29-Oct-21,24.92%,22.81%,17.86%,14.24%,8.66%,6.70%,,,,2.95%,,0.39%,,,
30-Oct-21,24.86%,22.79%,17.87%,14.25%,8.67%,6.75%,,,,2.96%,,0.39%,,,
31-Oct-21,24.81%,22.77%,17.88%,14.27%,8.69%,6.79%,,,,2.97%,,0.40%,,,
01-Nov-21,24.75%,22.75%,17.89%,14.28%,8.70%,6.84%,,,,2.97%,,0.41%,,,
02-Nov-21,24.69%,22.71%,17.92%,14.32%,8.71%,6.88%,,,,2.98%,,0.41%,,,
03-Nov-21,24.63%,22.67%,17.94%,14.35%,8.72%,6.91%,,,,2.99%,,0.42%,,,
04-Nov-21,24.60%,22.67%,17.97%,14.36%,8.71%,6.93%,,,,2.98%,,0.42%,,,
05-Nov-21,24.57%,22.67%,17.99%,14.36%,8.71%,6.95%,,,,2.97%,,0.42%,,,
06-Nov-21,24.54%,22.67%,18.02%,14.37%,8.70%,6.97%,,,,2.96%,,0.41%,,,
07-Nov-21,24.51%,22.66%,18.05%,14.38%,8.69%,6.99%,,,,2.95%,,0.41%,,,
08-Nov-21,24.47%,22.67%,18.08%,14.38%,8.68%,7.01%,,,,2.94%,,0.41%,,,
09-Nov-21,24.40%,22.64%,18.10%,14.43%,8.70%,7.05%,,,,2.92%,,0.40%,,,
10-Nov-21,24.33%,22.60%,18.11%,14.48%,8.71%,7.09%,,,,2.91%,,0.39%,,,
11-Nov-21,24.26%,22.57%,18.13%,14.53%,8.72%,7.12%,,,,2.89%,,0.39%,,,
12-Nov-21,24.18%,22.54%,18.14%,14.59%,8.73%,7.16%,,,,2.88%,,0.38%,,,
13-Nov-21,24.11%,22.50%,18.16%,14.64%,8.74%,7.20%,,,,2.86%,,0.38%,,,
14-Nov-21,24.04%,22.47%,18.18%,14.69%,8.75%,7.23%,,,,2.84%,,0.37%,,,
15-Nov-21,23.96%,22.44%,18.21%,14.74%,8.76%,7.27%,,,,2.82%,,0.36%,,,
16-Nov-21,23.88%,22.41%,18.25%,14.78%,8.77%,7.31%,,,,2.81%,,0.35%,,,
17-Nov-21,23.77%,22.35%,18.23%,14.87%,8.83%,7.37%,,,,2.79%,,0.36%,,,
18-Nov-21,23.65%,22.28%,18.22%,14.96%,8.88%,7.44%,,,,2.78%,,0.36%,,,
19-Nov-21,23.54%,22.22%,18.20%,15.05%,8.94%,7.50%,,,,2.77%,,0.36%,,,
20-Nov-21,23.42%,22.16%,18.18%,15.14%,8.99%,7.57%,,,,2.76%,,0.36%,,,
21-Nov-21,23.31%,22.10%,18.17%,15.23%,9.05%,7.64%,,,,2.75%,,0.37%,,,
22-Nov-21,23.18%,22.04%,18.16%,15.32%,9.10%,7.70%,,,,2.73%,,0.37%,,,
23-Nov-21,23.07%,21.98%,18.14%,15.41%,9.15%,7.77%,,,,2.72%,,0.37%,,,
24-Nov-21,22.99%,21.95%,18.14%,15.46%,9.19%,7.81%,,,,2.72%,,0.38%,,,
25-Nov-21,22.91%,21.92%,18.13%,15.51%,9.23%,7.86%,,,,2.71%,,0.39%,,,
26-Nov-21,22.83%,21.89%,18.13%,15.56%,9.27%,7.90%,,,,2.71%,,0.39%,,,
27-Nov-21,22.75%,21.86%,18.13%,15.61%,9.31%,7.95%,,,,2.71%,,0.40%,,,
28-Nov-21,22.66%,21.83%,18.12%,15.66%,9.35%,7.99%,,,,2.70%,,0.41%,,,
29-Nov-21,22.58%,21.80%,18.13%,15.71%,9.39%,8.04%,,,,2.69%,,0.41%,,,
30-Nov-21,22.49%,21.77%,18.12%,15.77%,9.44%,8.08%,,,,2.69%,,0.42%,,,
01-Dec-21,22.41%,21.74%,18.11%,15.83%,9.48%,8.12%,,,,2.69%,,0.42%,,,
02-Dec-21,22.37%,21.73%,18.13%,15.84%,9.48%,8.14%,,,,2.68%,,0.42%,,,
03-Dec-21,22.33%,21.73%,18.16%,15.85%,9.49%,8.15%,,,,2.67%,,0.42%,,,
04-Dec-21,22.30%,21.73%,18.18%,15.86%,9.49%,8.16%,,,,2.66%,,0.42%,,,
05-Dec-21,22.26%,21.73%,18.21%,15.87%,9.50%,8.17%,,,,2.65%,,0.42%,,,
06-Dec-21,22.22%,21.73%,18.23%,15.88%,9.50%,8.18%,,,,2.65%,,0.41%,,,
07-Dec-21,22.18%,21.72%,18.26%,15.91%,9.49%,8.17%,,,,2.63%,,0.41%,,,
08-Dec-21,22.15%,21.71%,18.30%,15.94%,9.48%,8.17%,,,,2.62%,,0.40%,,,
09-Dec-21,22.11%,21.70%,18.33%,15.98%,9.46%,8.16%,,,,2.61%,,0.40%,,,
10-Dec-21,22.07%,21.68%,18.37%,16.01%,9.45%,8.16%,,,,2.60%,,0.39%,,,
11-Dec-21,22.03%,21.67%,18.40%,16.04%,9.44%,8.15%,,,,2.59%,,0.38%,,,
12-Dec-21,22.00%,21.66%,18.44%,16.08%,9.42%,8.15%,,,,2.58%,,0.38%,,,
13-Dec-21,21.97%,21.65%,18.47%,16.10%,9.40%,8.14%,,,,2.56%,,0.37%,,,
14-Dec-21,21.96%,21.64%,18.50%,16.13%,9.39%,8.14%,,,,2.55%,,0.37%,,,
15-Dec-21,21.91%,21.64%,18.50%,16.21%,9.38%,8.12%,,,,2.55%,,0.37%,,,
16-Dec-21,21.86%,21.64%,18.50%,16.28%,9.37%,8.10%,,,,2.56%,,0.37%,,,
17-Dec-21,21.81%,21.63%,18.50%,16.36%,9.36%,8.08%,,,,2.57%,,0.37%,,,
18-Dec-21,21.75%,21.63%,18.51%,16.43%,9.35%,8.05%,,,,2.57%,,0.38%,,,
19-Dec-21,21.70%,21.63%,18.51%,16.51%,9.34%,8.03%,,,,2.58%,,0.38%,,,
20-Dec-21,21.66%,21.62%,18.52%,16.59%,9.33%,8.01%,,,,2.59%,,0.38%,,,
21-Dec-21,21.61%,21.61%,18.53%,16.67%,9.31%,7.99%,,,,2.59%,,0.38%,,,
22-Dec-21,21.58%,21.60%,18.53%,16.72%,9.30%,7.98%,,,,2.60%,,0.39%,,,
23-Dec-21,21.54%,21.60%,18.52%,16.78%,9.31%,7.97%,,,,2.61%,,0.39%,,,
24-Dec-21,21.51%,21.59%,18.52%,16.84%,9.31%,7.96%,,,,2.62%,,0.40%,,,
25-Dec-21,21.47%,21.59%,18.51%,16.90%,9.31%,7.95%,,,,2.64%,,0.41%,,,
26-Dec-21,21.44%,21.58%,18.50%,16.95%,9.31%,7.94%,,,,2.65%,,0.41%,,,
27-Dec-21,21.40%,21.58%,18.50%,17.01%,9.31%,7.93%,,,,2.66%,,0.42%,,,
28-Dec-21,21.35%,21.57%,18.49%,17.08%,9.31%,7.92%,,,,2.68%,,0.43%,,,
29-Dec-21,21.30%,21.56%,18.48%,17.14%,9.32%,7.91%,,,,2.69%,,0.44%,,,
30-Dec-21,21.28%,21.55%,18.50%,17.16%,9.31%,7.91%,,,,2.69%,,0.44%,,,
31-Dec-21,21.27%,21.54%,18.51%,17.18%,9.31%,7.92%,,,,2.69%,,0.43%,,,
01-Jan-22,21.25%,21.53%,18.53%,17.20%,9.30%,7.92%,,,,2.68%,,0.43%,,,
02-Jan-22,21.24%,21.52%,18.54%,17.22%,9.29%,7.92%,,,,2.68%,,0.43%,,,
03-Jan-22,21.23%,21.50%,18.55%,17.24%,9.29%,7.93%,,,,2.67%,,0.43%,,,
04-Jan-22,21.23%,21.49%,18.57%,17.25%,9.28%,7.93%,,,,2.67%,,0.43%,,,
05-Jan-22,21.24%,21.48%,18.58%,17.26%,9.27%,7.92%,,,,2.67%,,0.43%,,,
06-Jan-22,21.24%,21.47%,18.59%,17.27%,9.26%,7.92%,,,,2.67%,,0.43%,,,
07-Jan-22,21.25%,21.46%,18.60%,17.28%,9.26%,7.92%,,,,2.66%,,0.43%,,,
08-Jan-22,21.26%,21.45%,18.61%,17.30%,9.25%,7.92%,,,,2.66%,,0.43%,,,
09-Jan-22,21.26%,21.44%,18.62%,17.31%,9.24%,7.92%,,,,2.66%,,0.42%,,,
10-Jan-22,21.28%,21.44%,18.63%,17.31%,9.23%,7.91%,,,,2.65%,,0.42%,,,
11-Jan-22,21.30%,21.44%,18.64%,17.32%,9.22%,7.89%,,,,2.64%,,0.42%,,,
12-Jan-22,21.33%,21.44%,18.65%,17.32%,9.21%,7.88%,,,,2.64%,,0.42%,,,
13-Jan-22,21.35%,21.44%,18.66%,17.33%,9.20%,7.87%,,,,2.63%,,0.41%,,,
14-Jan-22,21.38%,21.44%,18.67%,17.34%,9.19%,7.86%,,,,2.62%,,0.41%,,,
15-Jan-22,21.40%,21.44%,18.68%,17.34%,9.18%,7.85%,,,,2.61%,,0.41%,,,
16-Jan-22,21.42%,21.44%,18.69%,17.35%,9.16%,7.83%,,,,2.61%,,0.41%,,,
17-Jan-22,21.45%,21.46%,18.70%,17.35%,9.14%,7.81%,,,,2.59%,,0.40%,,,
18-Jan-22,21.44%,21.50%,18.74%,17.39%,9.11%,7.79%,,,,2.55%,,0.39%,,,
19-Jan-22,21.40%,21.55%,18.76%,17.43%,9.08%,7.76%,,,,2.51%,,0.38%,,,
20-Jan-22,21.36%,21.60%,18.78%,17.47%,9.06%,7.74%,,,,2.47%,,0.38%,,,
21-Jan-22,21.29%,21.64%,18.82%,17.54%,9.00%,7.74%,,,,2.46%,,0.38%,,,
22-Jan-22,21.22%,21.69%,18.85%,17.61%,8.95%,7.73%,,,,2.44%,,0.38%,,,
23-Jan-22,21.15%,21.73%,18.88%,17.67%,8.89%,7.73%,,,,2.43%,,0.38%,,,
24-Jan-22,21.09%,21.77%,18.92%,17.74%,8.84%,7.72%,,,,2.41%,,0.38%,,,
25-Jan-22,21.01%,21.80%,18.96%,17.81%,8.78%,7.72%,,,,2.40%,,0.39%,,,
26-Jan-22,20.93%,21.83%,19.01%,17.88%,8.73%,7.72%,,,,2.38%,,0.39%,,,
27-Jan-22,20.86%,21.86%,19.05%,17.95%,8.67%,7.72%,,,,2.37%,,0.39%,,,
28-Jan-22,20.78%,21.90%,19.09%,18.02%,8.62%,7.72%,,,,2.35%,,0.39%,,,
29-Jan-22,20.70%,21.93%,19.14%,18.09%,8.56%,7.72%,,,,2.34%,,0.40%,,,
30-Jan-22,20.62%,21.96%,19.18%,18.16%,8.50%,7.72%,,,,2.32%,,0.40%,,,
31-Jan-22,20.54%,22.02%,19.24%,18.22%,8.44%,7.71%,,,,2.31%,,0.40%,,,
01-Feb-22,20.45%,22.06%,19.29%,18.28%,8.38%,7.71%,,,,2.30%,,0.40%,,,
02-Feb-22,20.41%,22.07%,19.32%,18.31%,8.34%,7.72%,,,,2.32%,,0.41%,,,
03-Feb-22,20.37%,22.08%,19.36%,18.34%,8.29%,7.73%,,,,2.34%,,0.41%,,,
04-Feb-22,20.33%,22.09%,19.39%,18.37%,8.25%,7.74%,,,,2.36%,,0.42%,,,
05-Feb-22,20.32%,22.11%,19.42%,18.37%,8.23%,7.73%,,,,2.35%,,0.42%,,,
06-Feb-22,20.31%,22.13%,19.45%,18.37%,8.21%,7.72%,,,,2.34%,,0.42%,,,
07-Feb-22,20.31%,22.15%,19.47%,18.37%,8.19%,7.71%,,,,2.33%,,0.41%,,,
08-Feb-22,20.31%,22.17%,19.49%,18.37%,8.17%,7.71%,,,,2.32%,,0.41%,,,
09-Feb-22,20.31%,22.19%,19.51%,18.37%,8.15%,7.70%,,,,2.32%,,0.41%,,,
10-Feb-22,20.31%,22.21%,19.53%,18.37%,8.13%,7.70%,,,,2.31%,,0.41%,,,
11-Feb-22,20.31%,22.24%,19.55%,18.37%,8.11%,7.69%,,,,2.30%,,0.40%,,,
12-Feb-22,20.31%,22.26%,19.58%,18.37%,8.08%,7.68%,,,,2.30%,,0.40%,,,
13-Feb-22,20.31%,22.28%,19.60%,18.37%,8.06%,7.68%,,,,2.29%,,0.40%,,,
14-Feb-22,20.32%,22.30%,19.61%,18.38%,8.04%,7.67%,,,,2.28%,,0.39%,,,
15-Feb-22,20.34%,22.29%,19.62%,18.40%,8.02%,7.66%,,,,2.27%,,0.39%,,,
16-Feb-22,20.36%,22.29%,19.63%,18.42%,8.00%,7.66%,,,,2.27%,,0.39%,,,
17-Feb-22,20.38%,22.28%,19.64%,18.43%,7.99%,7.65%,,,,2.26%,,0.39%,,,
18-Feb-22,20.36%,22.27%,19.59%,18.50%,7.98%,7.64%,,,,2.22%,,0.38%,,,
19-Feb-22,20.35%,22.23%,19.55%,18.59%,7.99%,7.62%,,,,2.22%,,0.38%,,,
20-Feb-22,20.33%,22.19%,19.51%,18.68%,8.00%,7.60%,,,,2.21%,,0.38%,,,
21-Feb-22,20.32%,22.14%,19.47%,18.76%,8.01%,7.58%,,,,2.21%,,0.38%,,,
22-Feb-22,20.30%,22.10%,19.42%,18.85%,8.02%,7.56%,,,,2.21%,,0.39%,,,
23-Feb-22,20.28%,22.06%,19.38%,18.93%,8.03%,7.53%,,,,2.21%,,0.39%,,,
24-Feb-22,20.26%,22.01%,19.34%,19.01%,8.04%,7.51%,,,,2.21%,,0.39%,,,
25-Feb-22,20.24%,21.97%,19.29%,19.10%,8.05%,7.49%,,,,2.21%,,0.39%,,,
26-Feb-22,20.22%,21.93%,19.25%,19.19%,8.06%,7.47%,,,,2.21%,,0.39%,,,
27-Feb-22,20.20%,21.88%,19.20%,19.27%,8.08%,7.45%,,,,2.21%,,0.40%,,,
28-Feb-22,20.19%,21.84%,19.14%,19.36%,8.09%,7.42%,,,,2.21%,,0.40%,,,
01-Mar-22,20.18%,21.80%,19.08%,19.44%,8.10%,7.40%,,,,2.21%,,0.40%,,,
02-Mar-22,20.17%,21.77%,19.03%,19.52%,8.12%,7.38%,,,,2.20%,,0.40%,,,
03-Mar-22,20.16%,21.73%,18.97%,19.60%,8.14%,7.36%,,,,2.20%,,0.41%,,,
04-Mar-22,20.15%,21.70%,18.91%,19.68%,8.15%,7.34%,,,,2.20%,,0.41%,,,
05-Mar-22,20.17%,21.66%,18.90%,19.70%,8.16%,7.32%,,,,2.22%,,0.42%,,,
06-Mar-22,20.19%,21.67%,18.88%,19.71%,8.15%,7.32%,,,,2.22%,,0.41%,,,
07-Mar-22,20.25%,21.66%,18.85%,19.72%,8.15%,7.31%,,,,2.21%,,0.41%,,,
08-Mar-22,20.30%,21.65%,18.82%,19.74%,8.14%,7.30%,,,,2.20%,,0.41%,,,
09-Mar-22,20.35%,21.64%,18.79%,19.75%,8.14%,7.29%,,,,2.19%,,0.40%,,,
10-Mar-22,20.41%,21.63%,18.75%,19.76%,8.14%,7.28%,,,,2.19%,,0.40%,,,
11-Mar-22,20.46%,21.62%,18.72%,19.78%,8.13%,7.27%,,,,2.18%,,0.40%,,,
12-Mar-22,20.51%,21.62%,18.69%,19.79%,8.13%,7.26%,,,,2.17%,,0.40%,,,
13-Mar-22,20.57%,21.61%,18.65%,19.81%,8.13%,7.25%,,,,2.16%,,0.40%,,,
14-Mar-22,20.63%,21.61%,18.62%,19.81%,8.12%,7.24%,,,,2.15%,,0.39%,,,
15-Mar-22,20.68%,21.60%,18.59%,19.82%,8.12%,7.23%,,,,2.14%,,0.39%,,,
16-Mar-22,20.80%,21.54%,18.57%,19.82%,8.11%,7.21%,,,,2.16%,,0.40%,,,
17-Mar-22,20.92%,21.49%,18.54%,19.81%,8.11%,7.18%,,,,2.18%,,0.40%,,,
18-Mar-22,21.06%,21.43%,18.51%,19.80%,8.11%,7.15%,,,,2.20%,,0.41%,,,
19-Mar-22,21.20%,21.37%,18.44%,19.80%,8.10%,7.12%,,,,2.22%,,0.41%,,,
20-Mar-22,21.34%,21.32%,18.37%,19.81%,8.10%,7.09%,,,,2.24%,,0.41%,,,
21-Mar-22,21.49%,21.26%,18.30%,19.81%,8.10%,7.06%,,,,2.26%,,0.41%,,,
22-Mar-22,21.60%,21.21%,18.24%,19.82%,8.09%,7.03%,,,,2.28%,,0.41%,,,
23-Mar-22,21.72%,21.16%,18.19%,19.82%,8.09%,7.01%,,,,2.30%,,0.41%,,,
24-Mar-22,21.83%,21.11%,18.13%,19.83%,8.09%,6.98%,,,,2.32%,,0.42%,,,
25-Mar-22,21.95%,21.06%,18.08%,19.83%,8.09%,6.96%,,,,2.35%,,0.42%,,,
26-Mar-22,22.06%,21.01%,18.03%,19.83%,8.08%,6.93%,,,,2.37%,,0.42%,,,
27-Mar-22,22.18%,20.96%,17.97%,19.84%,8.08%,6.90%,,,,2.39%,,0.42%,,,
28-Mar-22,22.32%,20.91%,17.91%,19.83%,8.07%,6.87%,,,,2.41%,,0.42%,,,
29-Mar-22,22.45%,20.86%,17.85%,19.83%,8.07%,6.84%,,,,2.44%,,0.42%,,,
30-Mar-22,22.59%,20.80%,17.79%,19.84%,8.06%,6.81%,,,,2.46%,,0.43%,,,
31-Mar-22,22.65%,20.80%,17.74%,19.85%,8.05%,6.79%,,,,2.46%,,0.42%,,,
01-Apr-22,22.71%,20.79%,17.68%,19.86%,8.05%,6.78%,,,,2.45%,,0.41%,,,
02-Apr-22,22.76%,20.79%,17.63%,19.88%,8.04%,6.77%,,,,2.45%,,0.41%,,,
03-Apr-22,22.80%,20.78%,17.62%,19.88%,8.03%,6.76%,,,,2.45%,,0.41%,,,
04-Apr-22,22.86%,20.78%,17.60%,19.88%,8.02%,6.74%,,,,2.45%,,0.40%,,,
05-Apr-22,22.92%,20.78%,17.58%,19.88%,8.01%,6.72%,,,,2.45%,,0.40%,,,
06-Apr-22,22.98%,20.78%,17.56%,19.87%,8.00%,6.70%,,,,2.45%,,0.40%,,,
07-Apr-22,23.04%,20.77%,17.54%,19.87%,7.98%,6.68%,,,,2.45%,,0.40%,,,
08-Apr-22,23.10%,20.77%,17.52%,19.87%,7.97%,6.66%,,,,2.45%,,0.39%,,,
09-Apr-22,23.16%,20.77%,17.50%,19.86%,7.96%,6.64%,,,,2.45%,,0.39%,,,
10-Apr-22,23.23%,20.77%,17.48%,19.86%,7.95%,6.62%,,,,2.45%,,0.39%,,,
11-Apr-22,23.32%,20.76%,17.46%,19.85%,7.93%,6.59%,,,,2.45%,,0.39%,,,
12-Apr-22,23.39%,20.76%,17.44%,19.84%,7.92%,6.58%,,,,2.45%,,0.38%,,,
13-Apr-22,23.46%,20.75%,17.42%,19.83%,7.91%,6.56%,,,,2.45%,,0.38%,,,
14-Apr-22,23.53%,20.74%,17.39%,19.82%,7.90%,6.54%,,,,2.45%,,0.38%,,,
15-Apr-22,23.60%,20.73%,17.37%,19.81%,7.89%,6.53%,,,,2.46%,,0.38%,,,
16-Apr-22,23.67%,20.73%,17.35%,19.80%,7.87%,6.51%,,,,2.46%,,0.37%,,,
17-Apr-22,23.75%,20.72%,17.32%,19.79%,7.86%,6.49%,,,,2.46%,,0.37%,,,
18-Apr-22,23.89%,20.70%,17.27%,19.77%,7.84%,6.48%,,,,2.45%,,0.36%,,,
19-Apr-22,24.03%,20.69%,17.21%,19.72%,7.82%,6.47%,,,,2.45%,,0.36%,,,
20-Apr-22,24.17%,20.64%,17.15%,19.69%,7.82%,6.47%,,,,2.47%,,0.35%,,,
21-Apr-22,24.31%,20.60%,17.09%,19.66%,7.81%,6.47%,,,,2.48%,,0.34%,,,
22-Apr-22,24.44%,20.55%,17.03%,19.64%,7.81%,6.47%,,,,2.50%,,0.33%,,,
23-Apr-22,24.58%,20.50%,16.97%,19.61%,7.81%,6.47%,,,,2.52%,,0.32%,,,
24-Apr-22,24.73%,20.46%,16.91%,19.58%,7.80%,6.47%,,,,2.53%,,0.31%,,,
25-Apr-22,24.89%,20.41%,16.85%,19.54%,7.80%,6.47%,,,,2.55%,,0.29%,,,
26-Apr-22,25.03%,20.37%,16.79%,19.51%,7.80%,6.47%,,,,2.56%,,0.28%,,,
27-Apr-22,25.17%,20.32%,16.73%,19.48%,7.79%,6.47%,,,,2.58%,,0.27%,,,
28-Apr-22,25.31%,20.28%,16.67%,19.44%,7.79%,6.47%,,,,2.60%,,0.26%,,,
29-Apr-22,25.46%,20.23%,16.61%,19.41%,7.79%,6.47%,,,,2.61%,,0.25%,,,
30-Apr-22,25.60%,20.18%,16.56%,19.37%,7.79%,6.47%,,,,2.63%,,0.24%,,,
01-May-22,25.74%,20.14%,16.50%,19.34%,7.79%,6.47%,,,,2.65%,,0.23%,,,
02-May-22,25.90%,20.10%,16.45%,19.28%,7.78%,6.47%,,,,2.66%,,0.22%,,,
03-May-22,25.99%,20.08%,16.44%,19.25%,7.79%,6.46%,,,,2.67%,,0.21%,,,
04-May-22,26.06%,20.04%,16.42%,19.23%,7.80%,6.45%,,,,2.69%,,0.20%,,,
05-May-22,26.14%,20.05%,16.41%,19.19%,7.79%,6.44%,,,,2.68%,,0.20%,,,
06-May-22,26.22%,20.05%,16.41%,19.15%,7.78%,6.43%,,,,2.68%,,0.20%,,,
07-May-22,26.29%,20.05%,16.40%,19.11%,7.78%,6.41%,,,,2.68%,,0.20%,,,
08-May-22,26.37%,20.05%,16.40%,19.07%,7.77%,6.40%,,,,2.67%,,0.19%,,,
09-May-22,26.47%,20.05%,16.39%,19.01%,7.76%,6.38%,,,,2.66%,,0.19%,,,
10-May-22,26.55%,20.05%,16.39%,18.96%,7.75%,6.37%,,,,2.66%,,0.19%,,,
11-May-22,26.64%,20.05%,16.38%,18.92%,7.75%,6.35%,,,,2.65%,,0.18%,,,
12-May-22,26.72%,20.05%,16.38%,18.87%,7.74%,6.34%,,,,2.65%,,0.18%,,,
13-May-22,26.80%,20.05%,16.38%,18.82%,7.74%,6.33%,,,,2.64%,,0.18%,,,
14-May-22,26.88%,20.05%,16.38%,18.77%,7.73%,6.31%,,,,2.64%,,0.17%,,,
15-May-22,26.96%,20.05%,16.38%,18.72%,7.73%,6.30%,,,,2.63%,,0.17%,,,
16-May-22,27.06%,20.05%,16.37%,18.65%,7.72%,6.29%,,,,2.63%,,0.17%,,,
17-May-22,27.15%,20.05%,16.36%,18.60%,7.72%,6.29%,,,,2.62%,,0.17%,,,
18-May-22,27.24%,20.04%,16.34%,18.54%,7.72%,6.28%,,,,2.62%,,0.16%,,,
19-May-22,27.37%,20.02%,16.29%,18.46%,7.72%,6.28%,,,,2.61%,,0.16%,,,
20-May-22,27.57%,19.97%,16.25%,18.37%,7.71%,6.28%,,,,2.61%,,0.15%,,,
21-May-22,27.76%,19.91%,16.20%,18.29%,7.70%,6.28%,,,,2.61%,,0.15%,,,
22-May-22,27.96%,19.86%,16.15%,18.20%,7.69%,6.29%,,,,2.61%,,0.14%,,,
23-May-22,28.18%,19.80%,16.11%,18.09%,7.67%,6.29%,,,,2.60%,,0.13%,,,
24-May-22,28.36%,19.75%,16.07%,18.00%,7.66%,6.30%,,,,2.60%,,0.13%,,,
25-May-22,28.55%,19.69%,16.03%,17.92%,7.64%,6.31%,,,,2.60%,,0.12%,,,
26-May-22,28.74%,19.64%,15.98%,17.83%,7.63%,6.32%,,,,2.60%,,0.11%,,,
27-May-22,28.92%,19.58%,15.94%,17.74%,7.61%,6.33%,,,,2.60%,,0.11%,,,
28-May-22,29.12%,19.53%,15.90%,17.65%,7.60%,6.34%,,,,2.59%,,0.10%,,,
29-May-22,29.31%,19.47%,15.85%,17.56%,7.58%,6.35%,,,,2.59%,,0.10%,,,
30-May-22,29.51%,19.41%,15.81%,17.46%,7.57%,6.36%,,,,2.58%,,0.09%,,,
31-May-22,29.70%,19.35%,15.78%,17.38%,7.55%,6.37%,,,,2.58%,,0.08%,,,
01-Jun-22,29.88%,19.30%,15.74%,17.30%,7.53%,6.37%,,,,2.57%,,0.08%,,,
02-Jun-22,30.06%,19.24%,15.71%,17.22%,7.52%,6.38%,,,,2.56%,,0.07%,,,
03-Jun-22,30.20%,19.19%,15.71%,17.16%,7.50%,6.39%,,,,2.56%,,0.07%,,,
04-Jun-22,30.27%,19.18%,15.71%,17.12%,7.49%,6.39%,,,,2.56%,,0.07%,,,
05-Jun-22,30.35%,19.17%,15.71%,17.07%,7.48%,6.39%,,,,2.55%,,0.06%,,,
06-Jun-22,30.43%,19.16%,15.72%,17.00%,7.46%,6.40%,,,,2.54%,,0.06%,,,
07-Jun-22,30.49%,19.16%,15.73%,16.95%,7.45%,6.40%,,,,2.53%,,0.06%,,,
08-Jun-22,30.56%,19.16%,15.75%,16.90%,7.44%,6.40%,,,,2.52%,,0.05%,,,
09-Jun-22,30.62%,19.16%,15.76%,16.85%,7.43%,6.40%,,,,2.52%,,0.05%,,,
10-Jun-22,30.68%,19.16%,15.77%,16.80%,7.42%,6.40%,,,,2.51%,,0.05%,,,
11-Jun-22,30.73%,19.15%,15.79%,16.74%,7.41%,6.41%,,,,2.50%,,0.05%,,,
12-Jun-22,30.79%,19.15%,15.80%,16.69%,7.40%,6.41%,,,,2.49%,,0.05%,,,
13-Jun-22,30.86%,19.16%,15.82%,16.62%,7.39%,6.42%,,,,2.48%,,0.04%,,,
14-Jun-22,30.92%,19.15%,15.82%,16.54%,7.39%,6.46%,,,,2.48%,,0.04%,,,
15-Jun-22,30.98%,19.14%,15.82%,16.46%,7.39%,6.51%,,,,2.48%,,0.04%,,,
16-Jun-22,31.04%,19.13%,15.82%,16.38%,7.39%,6.56%,,,,2.49%,,0.04%,,,
17-Jun-22,31.10%,19.11%,15.84%,16.26%,7.39%,6.63%,,,,2.47%,,0.03%,,,
18-Jun-22,31.16%,19.09%,15.85%,16.15%,7.40%,6.70%,,,,2.46%,,0.03%,,,
19-Jun-22,31.22%,19.07%,15.87%,16.03%,7.40%,6.78%,,,,2.45%,,0.03%,,,
20-Jun-22,31.29%,19.06%,15.88%,15.90%,7.40%,6.85%,,,,2.44%,,0.03%,,,
21-Jun-22,31.34%,19.04%,15.88%,15.79%,7.41%,6.93%,,,,2.43%,,0.02%,,,
22-Jun-22,31.40%,19.03%,15.88%,15.68%,7.41%,7.00%,,,,2.41%,,0.02%,,,
23-Jun-22,31.46%,19.01%,15.87%,15.56%,7.42%,7.08%,,,,2.40%,,0.02%,,,
24-Jun-22,31.52%,19.00%,15.87%,15.45%,7.42%,7.15%,,,,2.39%,,0.02%,,,
25-Jun-22,31.58%,18.98%,15.87%,15.34%,7.43%,7.23%,,,,2.38%,,0.01%,,,
26-Jun-22,31.63%,18.96%,15.87%,15.22%,7.43%,7.31%,,,,2.37%,,0.01%,,,
27-Jun-22,31.69%,18.95%,15.87%,15.11%,7.44%,7.38%,,,,2.36%,,0.01%,,,
28-Jun-22,31.73%,18.93%,15.87%,15.02%,7.45%,7.46%,,,,2.35%,,0.01%,,,
29-Jun-22,31.76%,18.92%,15.88%,14.94%,7.45%,7.49%,,,,2.33%,,0.01%,,,
30-Jun-22,31.79%,18.91%,15.89%,14.87%,7.45%,7.53%,,,,2.31%,,0.00%,,,
01-Jul-22,31.82%,18.91%,15.90%,14.80%,7.45%,7.57%,,,,2.29%,,0.00%,,,
02-Jul-22,31.85%,18.91%,15.90%,14.76%,7.45%,7.58%,,,,2.29%,,0.00%,,,
03-Jul-22,31.88%,18.92%,15.90%,14.72%,7.44%,7.59%,,,,2.29%,,0.00%,,,
04-Jul-22,31.91%,18.93%,15.91%,14.67%,7.44%,7.60%,,,,2.28%,,0.00%,,,
05-Jul-22,31.93%,18.93%,15.91%,14.63%,7.44%,7.61%,,,,2.28%,,0.00%,,,
06-Jul-22,31.95%,18.93%,15.92%,14.59%,7.44%,7.62%,,,,2.27%,,0.00%,,,
07-Jul-22,31.97%,18.93%,15.93%,14.56%,7.44%,7.64%,,,,2.27%,,0.00%,,,
08-Jul-22,31.99%,18.94%,15.94%,14.52%,7.44%,7.65%,,,,2.26%,,0.00%,,,
09-Jul-22,32.01%,18.94%,15.94%,14.48%,7.44%,7.66%,,,,2.26%,,0.00%,,,
10-Jul-22,32.02%,18.94%,15.95%,14.45%,7.44%,7.67%,,,,2.25%,,0.00%,,,
11-Jul-22,32.04%,18.94%,15.96%,14.41%,7.45%,7.69%,,,,2.25%,,0.00%,,,
12-Jul-22,32.06%,18.94%,15.97%,14.36%,7.45%,7.71%,,,,2.24%,,0.00%,,,
13-Jul-22,32.07%,18.94%,15.99%,14.32%,7.45%,7.73%,,,,2.24%,,0.00%,,,
14-Jul-22,32.09%,18.95%,16.00%,14.27%,7.46%,7.75%,,,,2.23%,,0.00%,,,
15-Jul-22,32.11%,18.95%,16.01%,14.22%,7.46%,7.77%,,,,2.22%,,0.00%,,,
16-Jul-22,32.13%,18.95%,16.02%,14.18%,7.46%,7.79%,,,,2.22%,,0.00%,,,
17-Jul-22,32.14%,18.95%,16.03%,14.13%,7.47%,7.81%,,,,2.21%,,0.00%,,,
18-Jul-22,32.17%,18.94%,16.05%,14.06%,7.48%,7.84%,,,,2.20%,,0.00%,,,
19-Jul-22,32.19%,18.93%,16.07%,14.00%,7.48%,7.87%,,,,2.19%,,0.00%,,,
20-Jul-22,32.18%,18.91%,16.06%,13.93%,7.51%,7.94%,,,,2.20%,,0.02%,,,
21-Jul-22,32.17%,18.88%,16.06%,13.86%,7.55%,8.02%,,,,2.21%,,0.03%,,,
22-Jul-22,32.15%,18.85%,16.05%,13.80%,7.58%,8.10%,,,,2.21%,,0.05%,,,
23-Jul-22,32.14%,18.83%,16.05%,13.73%,7.61%,8.17%,,,,2.22%,,0.06%,,,
24-Jul-22,32.13%,18.80%,16.04%,13.66%,7.64%,8.25%,,,,2.23%,,0.08%,,,
25-Jul-22,32.11%,18.78%,16.04%,13.58%,7.68%,8.33%,,,,2.23%,,0.10%,,,
26-Jul-22,32.10%,18.76%,16.03%,13.51%,7.71%,8.40%,,,,2.24%,,0.11%,,,
27-Jul-22,32.09%,18.75%,16.02%,13.44%,7.74%,8.47%,,,,2.25%,,0.13%,,,
28-Jul-22,32.08%,18.73%,16.02%,13.37%,7.78%,8.54%,,,,2.25%,,0.15%,,,
29-Jul-22,32.06%,18.71%,16.01%,13.30%,7.81%,8.61%,,,,2.26%,,0.16%,,,
30-Jul-22,32.05%,18.70%,16.00%,13.23%,7.85%,8.69%,,,,2.27%,,0.18%,,,
31-Jul-22,32.03%,18.68%,15.99%,13.16%,7.88%,8.76%,,,,2.27%,,0.20%,,,
01-Aug-22,32.03%,18.67%,15.98%,13.07%,7.92%,8.83%,,,,2.28%,,0.21%,,,
02-Aug-22,32.01%,18.68%,15.97%,13.00%,7.96%,8.89%,,,,2.29%,,0.23%,,,
03-Aug-22,32.00%,18.68%,15.96%,12.94%,7.99%,8.95%,,,,2.29%,,0.24%,,,
04-Aug-22,32.02%,18.70%,15.96%,12.88%,8.00%,8.97%,,,,2.29%,,0.25%,,,
05-Aug-22,32.04%,18.71%,15.96%,12.82%,8.01%,8.99%,,,,2.28%,,0.25%,,,
06-Aug-22,32.06%,18.73%,15.97%,12.76%,8.02%,9.00%,,,,2.28%,,0.25%,,,
07-Aug-22,32.07%,18.75%,15.97%,12.71%,8.03%,9.02%,,,,2.27%,,0.25%,,,
08-Aug-22,32.10%,18.77%,15.97%,12.65%,8.06%,9.03%,,,,2.26%,,0.25%,,,
09-Aug-22,32.13%,18.78%,15.97%,12.59%,8.08%,9.04%,,,,2.26%,,0.25%,,,
10-Aug-22,32.15%,18.79%,15.97%,12.54%,8.10%,9.05%,,,,2.25%,,0.25%,,,
11-Aug-22,32.17%,18.80%,15.96%,12.49%,8.12%,9.07%,,,,2.24%,,0.25%,,,
12-Aug-22,32.20%,18.81%,15.96%,12.44%,8.14%,9.08%,,,,2.24%,,0.25%,,,
13-Aug-22,32.22%,18.82%,15.96%,12.38%,8.16%,9.09%,,,,2.23%,,0.25%,,,
14-Aug-22,32.24%,18.84%,15.95%,12.33%,8.18%,9.10%,,,,2.22%,,0.25%,,,
15-Aug-22,32.26%,18.87%,15.97%,12.26%,8.20%,9.10%,,,,2.21%,,0.25%,,,
16-Aug-22,32.26%,18.89%,15.98%,12.21%,8.22%,9.10%,,,,2.20%,,0.25%,,,
17-Aug-22,32.27%,18.91%,15.99%,12.16%,8.24%,9.11%,,,,2.19%,,0.25%,,,
18-Aug-22,32.27%,18.94%,16.00%,12.11%,8.25%,9.11%,,,,2.18%,,0.25%,,,
19-Aug-22,32.28%,18.96%,16.01%,12.05%,8.27%,9.11%,,,,2.17%,,0.25%,,,
20-Aug-22,32.28%,18.98%,16.02%,12.00%,8.29%,9.12%,,,,2.16%,,0.25%,,,
21-Aug-22,32.27%,18.99%,16.03%,11.97%,8.36%,9.08%,,,,2.15%,,0.26%,,,
22-Aug-22,32.26%,18.99%,16.03%,11.93%,8.42%,9.05%,,,,2.14%,,0.28%,,,
23-Aug-22,32.24%,19.00%,16.05%,11.90%,8.48%,9.02%,,,,2.13%,,0.29%,,,
24-Aug-22,32.22%,19.01%,16.06%,11.87%,8.53%,8.99%,,,,2.12%,,0.30%,,,
25-Aug-22,32.16%,18.99%,16.06%,11.86%,8.60%,8.96%,,,,2.11%,,0.31%,,,
26-Aug-22,32.09%,18.98%,16.06%,11.85%,8.68%,8.92%,,,,2.10%,,0.32%,,,
27-Aug-22,32.03%,18.96%,16.06%,11.85%,8.75%,8.88%,,,,2.09%,,0.33%,,,
28-Aug-22,31.96%,18.95%,16.06%,11.84%,8.83%,8.84%,,,,2.08%,,0.34%,,,
29-Aug-22,31.90%,18.95%,16.06%,11.83%,8.90%,8.80%,,,,2.07%,,0.35%,,,
30-Aug-22,31.83%,18.94%,16.04%,11.84%,8.97%,8.76%,,,,2.07%,,0.36%,,,
31-Aug-22,31.77%,18.92%,16.03%,11.85%,9.03%,8.73%,,,,2.06%,,0.37%,,,
01-Sep-22,31.71%,18.91%,16.01%,11.86%,9.10%,8.69%,,,,2.05%,,0.37%,,,
02-Sep-22,31.65%,18.89%,15.99%,11.88%,9.17%,8.65%,,,,2.05%,,0.38%,,,
03-Sep-22,31.59%,18.87%,15.98%,11.89%,9.24%,8.60%,,,,2.04%,,0.39%,,,
04-Sep-22,31.52%,18.86%,15.96%,11.91%,9.31%,8.56%,,,,2.04%,,0.40%,,,
05-Sep-22,31.48%,18.87%,15.93%,11.90%,9.33%,8.55%,,,,2.04%,,0.39%,,,
06-Sep-22,31.43%,18.89%,15.91%,11.91%,9.35%,8.54%,,,,2.03%,,0.39%,,,
07-Sep-22,31.38%,18.90%,15.89%,11.91%,9.38%,8.53%,,,,2.03%,,0.38%,,,
08-Sep-22,31.33%,18.91%,15.87%,11.92%,9.40%,8.52%,,,,2.03%,,0.38%,,,
09-Sep-22,31.32%,18.95%,15.86%,11.90%,9.41%,8.51%,,,,2.02%,,0.38%,,,
10-Sep-22,31.31%,18.99%,15.85%,11.89%,9.41%,8.50%,,,,2.02%,,0.38%,,,
11-Sep-22,31.31%,19.02%,15.84%,11.87%,9.41%,8.49%,,,,2.02%,,0.38%,,,
12-Sep-22,31.30%,19.08%,15.82%,11.84%,9.41%,8.48%,,,,2.02%,,0.37%,,,
13-Sep-22,31.28%,19.11%,15.81%,11.82%,9.42%,8.48%,,,,2.01%,,0.37%,,,
14-Sep-22,31.23%,19.20%,15.77%,11.79%,9.45%,8.46%,,,0.06%,2.03%,,0.38%,,,
15-Sep-22,31.18%,19.29%,15.72%,11.76%,9.48%,8.45%,,,0.07%,2.04%,,0.39%,,,
16-Sep-22,31.16%,19.36%,15.68%,11.73%,9.50%,8.42%,,,0.09%,2.05%,,0.39%,,,
17-Sep-22,31.13%,19.42%,15.63%,11.71%,9.52%,8.39%,,,0.11%,2.06%,,0.40%,,,
18-Sep-22,31.10%,19.49%,15.59%,11.68%,9.54%,8.37%,,,0.14%,2.08%,,0.40%,,,
19-Sep-22,31.07%,19.58%,15.55%,11.65%,9.55%,8.33%,,,0.16%,2.08%,,0.40%,,,
20-Sep-22,31.05%,19.66%,15.51%,11.62%,9.57%,8.30%,,,0.18%,2.09%,,0.41%,,,
21-Sep-22,31.02%,19.74%,15.48%,11.58%,9.58%,8.27%,,,0.21%,2.10%,,0.41%,,,
22-Sep-22,30.99%,19.82%,15.45%,11.55%,9.59%,8.23%,,,0.23%,2.11%,,0.42%,,,
23-Sep-22,30.97%,19.90%,15.41%,11.52%,9.60%,8.20%,,,0.25%,2.12%,,0.42%,,,
24-Sep-22,30.94%,19.98%,15.38%,11.49%,9.62%,8.16%,,,0.28%,2.13%,,0.42%,,,
25-Sep-22,30.91%,20.06%,15.35%,11.46%,9.63%,8.13%,,,0.30%,2.14%,,0.43%,,,
26-Sep-22,30.88%,20.16%,15.33%,11.42%,9.63%,8.09%,,,0.33%,2.14%,,0.43%,,,
27-Sep-22,30.85%,20.24%,15.31%,11.40%,9.63%,8.05%,,,0.35%,2.15%,,0.43%,,,
28-Sep-22,30.82%,20.32%,15.29%,11.38%,9.64%,8.01%,,,0.38%,2.16%,,0.44%,,,
29-Sep-22,30.82%,20.35%,15.30%,11.36%,9.62%,7.98%,,,0.39%,2.16%,,0.43%,,,
30-Sep-22,30.83%,20.38%,15.31%,11.35%,9.60%,7.95%,,,0.40%,2.15%,,0.42%,,,
01-Oct-22,30.82%,20.43%,15.32%,11.33%,9.59%,7.93%,,,0.40%,2.14%,,0.42%,,,
02-Oct-22,30.80%,20.48%,15.33%,11.32%,9.57%,7.91%,,,0.41%,2.14%,,0.42%,,,
03-Oct-22,30.80%,20.56%,15.33%,11.29%,9.54%,7.89%,,,0.42%,2.13%,,0.42%,,,
04-Oct-22,30.79%,20.61%,15.33%,11.28%,9.53%,7.88%,,,0.42%,2.13%,,0.42%,,,
05-Oct-22,30.79%,20.66%,15.33%,11.26%,9.51%,7.86%,,,0.42%,2.13%,,0.41%,,,
06-Oct-22,30.79%,20.72%,15.33%,11.25%,9.49%,7.85%,,,0.43%,2.12%,,0.41%,,,
07-Oct-22,30.78%,20.77%,15.32%,11.23%,9.47%,7.84%,,,0.43%,2.12%,,0.41%,,,
08-Oct-22,30.78%,20.82%,15.32%,11.22%,9.45%,7.83%,,,0.43%,2.11%,,0.41%,,,
09-Oct-22,30.78%,20.88%,15.32%,11.20%,9.42%,7.82%,,,0.44%,2.11%,,0.40%,,,
10-Oct-22,30.78%,20.95%,15.31%,11.18%,9.40%,7.80%,,,0.44%,2.10%,,0.40%,,,
11-Oct-22,30.79%,21.01%,15.29%,11.16%,9.38%,7.79%,,,0.45%,2.10%,,0.40%,,,
12-Oct-22,30.78%,21.13%,15.24%,11.16%,9.34%,7.78%,,,0.45%,2.08%,,0.39%,,,
13-Oct-22,30.77%,21.26%,15.19%,11.15%,9.30%,7.77%,,,0.45%,2.07%,,0.38%,,,
14-Oct-22,30.76%,21.38%,15.13%,11.15%,9.25%,7.76%,,,0.45%,2.05%,,0.37%,,,
15-Oct-22,30.75%,21.51%,15.08%,11.14%,9.21%,7.75%,,,0.45%,2.04%,,0.37%,,,
16-Oct-22,30.74%,21.64%,15.03%,11.14%,9.17%,7.75%,,,0.44%,2.02%,,0.36%,,,
17-Oct-22,30.73%,21.79%,14.96%,11.13%,9.12%,7.74%,,,0.44%,2.00%,,0.35%,,,
18-Oct-22,30.72%,21.91%,14.91%,11.12%,9.08%,7.73%,,,0.44%,1.99%,,0.34%,,,
19-Oct-22,30.67%,22.07%,14.85%,11.15%,9.03%,7.72%,,,0.45%,1.98%,,0.33%,,,
20-Oct-22,30.62%,22.22%,14.79%,11.19%,8.98%,7.70%,,,0.45%,1.96%,,0.32%,,,
21-Oct-22,30.57%,22.38%,14.73%,11.22%,8.93%,7.69%,,,0.46%,1.95%,,0.31%,,,
22-Oct-22,30.52%,22.54%,14.67%,11.25%,8.88%,7.67%,,,0.46%,1.94%,,0.30%,,,
23-Oct-22,30.47%,22.70%,14.61%,11.29%,8.83%,7.65%,,,0.47%,1.92%,,0.29%,,,
24-Oct-22,30.42%,22.86%,14.55%,11.32%,8.78%,7.64%,,,0.48%,1.91%,,0.28%,,,
25-Oct-22,30.38%,23.01%,14.49%,11.35%,8.72%,7.62%,,,0.48%,1.89%,,0.27%,,,
26-Oct-22,30.34%,23.16%,14.44%,11.39%,8.67%,7.61%,,,0.49%,1.88%,,0.26%,,,
27-Oct-22,30.31%,23.24%,14.42%,11.41%,8.64%,7.59%,,,0.50%,1.87%,,0.25%,,,
28-Oct-22,30.29%,23.32%,14.40%,11.43%,8.61%,7.58%,,,0.51%,1.87%,,0.24%,,,
29-Oct-22,30.26%,23.41%,14.37%,11.46%,8.58%,7.56%,,,0.52%,1.86%,,0.23%,,,
30-Oct-22,30.24%,23.49%,14.35%,11.48%,8.55%,7.55%,,,0.53%,1.86%,,0.23%,,,
31-Oct-22,30.22%,23.59%,14.33%,11.50%,8.51%,7.53%,,,0.54%,1.85%,,0.22%,,,
01-Nov-22,30.19%,23.66%,14.32%,11.52%,8.48%,7.51%,,,0.55%,1.84%,,0.21%,,,
02-Nov-22,30.16%,23.74%,14.31%,11.54%,8.45%,7.49%,,,0.57%,1.84%,,0.21%,,,
03-Nov-22,30.17%,23.79%,14.31%,11.53%,8.43%,7.48%,,,0.57%,1.83%,,0.20%,,,
04-Nov-22,30.17%,23.83%,14.30%,11.51%,8.41%,7.47%,,,0.57%,1.82%,,0.20%,,,
05-Nov-22,30.18%,23.88%,14.30%,11.50%,8.39%,7.46%,,,0.58%,1.81%,,0.20%,,,
06-Nov-22,30.20%,23.94%,14.30%,11.48%,8.36%,7.46%,,,0.59%,1.80%,,0.19%,,,
07-Nov-22,30.22%,23.99%,14.30%,11.45%,8.33%,7.46%,,,0.59%,1.79%,,0.19%,,,
08-Nov-22,30.23%,24.04%,14.30%,11.43%,8.30%,7.45%,,,0.60%,1.78%,,0.19%,,,
09-Nov-22,30.26%,24.08%,14.26%,11.42%,8.29%,7.44%,,,0.61%,1.78%,,0.18%,,,
10-Nov-22,30.28%,24.13%,14.22%,11.41%,8.27%,7.42%,,,0.62%,1.78%,,0.18%,,,
11-Nov-22,30.30%,24.17%,14.19%,11.40%,8.26%,7.41%,,,0.62%,1.77%,,0.17%,,,
12-Nov-22,30.33%,24.21%,14.15%,11.39%,8.24%,7.40%,,,0.63%,1.77%,,0.17%,,,
13-Nov-22,30.35%,24.25%,14.11%,11.38%,8.22%,7.38%,,,0.64%,1.77%,,0.16%,,,
14-Nov-22,30.39%,24.29%,14.08%,11.37%,8.21%,7.37%,,,0.65%,1.76%,,0.16%,,,
15-Nov-22,30.42%,24.31%,14.05%,11.36%,8.20%,7.35%,,,0.66%,1.76%,,0.16%,,,
16-Nov-22,30.46%,24.34%,14.02%,11.35%,8.18%,7.33%,,,0.67%,1.76%,,0.15%,,,
17-Nov-22,30.49%,24.33%,14.00%,11.37%,8.17%,7.30%,,,0.68%,1.77%,,0.15%,,,
18-Nov-22,30.53%,24.33%,13.99%,11.40%,8.15%,7.27%,,,0.69%,1.79%,,0.14%,,,
19-Nov-22,30.57%,24.32%,13.97%,11.43%,8.14%,7.24%,,,0.70%,1.80%,,0.13%,,,
20-Nov-22,30.61%,24.31%,13.95%,11.45%,8.13%,7.20%,,,0.71%,1.82%,,0.13%,,,
21-Nov-22,30.65%,24.30%,13.95%,11.48%,8.12%,7.17%,,,0.72%,1.83%,,0.12%,,,
22-Nov-22,30.68%,24.29%,13.94%,11.51%,8.10%,7.14%,,,0.73%,1.84%,,0.12%,,,
23-Nov-22,30.72%,24.28%,13.93%,11.53%,8.09%,7.10%,,,0.74%,1.86%,,0.11%,,,
24-Nov-22,30.74%,24.27%,13.96%,11.55%,8.08%,7.08%,,,0.75%,1.87%,,0.10%,,,
25-Nov-22,30.76%,24.26%,13.98%,11.57%,8.06%,7.06%,,,0.75%,1.88%,,0.10%,,,
26-Nov-22,30.78%,24.25%,14.01%,11.59%,8.03%,7.05%,,,0.76%,1.89%,,0.10%,,,
27-Nov-22,30.80%,24.24%,14.04%,11.61%,8.01%,7.03%,,,0.76%,1.91%,,0.09%,,,
28-Nov-22,30.83%,24.23%,14.07%,11.63%,7.99%,7.01%,,,0.77%,1.92%,,0.09%,,,
29-Nov-22,30.85%,24.22%,14.10%,11.65%,7.96%,6.99%,,,0.77%,1.93%,,0.08%,,,
30-Nov-22,30.87%,24.21%,14.13%,11.68%,7.93%,6.98%,,,0.78%,1.94%,,0.08%,,,
01-Dec-22,30.89%,24.20%,14.15%,11.70%,7.90%,6.96%,,,0.79%,1.95%,,0.07%,,,
02-Dec-22,30.91%,24.22%,14.17%,11.69%,7.88%,6.96%,,,0.79%,1.95%,,0.07%,,,
03-Dec-22,30.92%,24.25%,14.18%,11.68%,7.85%,6.96%,,,0.79%,1.95%,,0.07%,,,
04-Dec-22,30.94%,24.27%,14.20%,11.66%,7.83%,6.96%,,,0.79%,1.94%,,0.06%,,,
05-Dec-22,30.97%,24.28%,14.22%,11.65%,7.80%,6.95%,,,0.80%,1.94%,,0.06%,,,
06-Dec-22,31.03%,24.27%,14.22%,11.64%,7.77%,6.94%,,,0.80%,1.93%,,0.06%,,,
07-Dec-22,31.10%,24.25%,14.23%,11.63%,7.75%,6.93%,,,0.81%,1.91%,,0.06%,,,
08-Dec-22,31.16%,24.23%,14.23%,11.61%,7.72%,6.93%,,,0.81%,1.90%,,0.05%,,,
09-Dec-22,31.22%,24.20%,14.24%,11.60%,7.70%,6.92%,,,0.82%,1.89%,,0.05%,,,
10-Dec-22,31.29%,24.18%,14.25%,11.59%,7.67%,6.91%,,,0.82%,1.88%,,0.05%,,,
11-Dec-22,31.35%,24.15%,14.26%,11.58%,7.65%,6.90%,,,0.83%,1.86%,,0.04%,,,
12-Dec-22,31.42%,24.13%,14.27%,11.56%,7.62%,6.90%,,,0.83%,1.85%,,0.04%,,,
13-Dec-22,31.47%,24.11%,14.27%,11.54%,7.60%,6.89%,,,0.84%,1.84%,,0.04%,,,
14-Dec-22,31.53%,24.09%,14.27%,11.53%,7.58%,6.89%,,,0.84%,1.83%,,0.04%,,,
15-Dec-22,31.58%,24.07%,14.28%,11.51%,7.56%,6.89%,,,0.84%,1.81%,,0.04%,,,
16-Dec-22,31.62%,23.97%,14.30%,11.53%,7.56%,6.90%,,,0.85%,1.82%,,0.03%,,,
17-Dec-22,31.65%,23.86%,14.33%,11.55%,7.56%,6.91%,,,0.85%,1.82%,,0.03%,,,
18-Dec-22,31.68%,23.76%,14.36%,11.57%,7.56%,6.92%,,,0.86%,1.83%,,0.03%,,,
19-Dec-22,31.71%,23.65%,14.39%,11.58%,7.56%,6.93%,,,0.86%,1.83%,,0.02%,,,
20-Dec-22,31.73%,23.55%,14.41%,11.60%,7.56%,6.95%,,,0.87%,1.84%,,0.02%,,,
21-Dec-22,31.72%,23.48%,14.44%,11.62%,7.57%,6.96%,,,0.87%,1.85%,,0.02%,,,
22-Dec-22,31.70%,23.41%,14.47%,11.65%,7.58%,6.98%,,,0.87%,1.86%,,0.02%,,,
23-Dec-22,31.69%,23.34%,14.50%,11.67%,7.59%,6.99%,,,0.87%,1.88%,,0.02%,,,
24-Dec-22,31.67%,23.27%,14.53%,11.69%,7.60%,7.01%,,,0.87%,1.90%,,0.01%,,,
25-Dec-22,31.66%,23.19%,14.56%,11.72%,7.61%,7.02%,,,0.87%,1.91%,,0.01%,,,
26-Dec-22,31.64%,23.12%,14.59%,11.74%,7.62%,7.04%,,,0.87%,1.93%,,0.01%,,,
27-Dec-22,31.62%,23.03%,14.62%,11.77%,7.63%,7.05%,,,0.88%,1.94%,,0.01%,,,
28-Dec-22,31.60%,22.95%,14.66%,11.80%,7.64%,7.07%,,,0.88%,1.96%,,0.01%,,,
29-Dec-22,31.59%,22.86%,14.69%,11.83%,7.66%,7.09%,,,0.88%,1.98%,,0.01%,,,
30-Dec-22,31.57%,22.77%,14.72%,11.86%,7.67%,7.11%,,,0.88%,2.00%,,0.00%,,,
31-Dec-22,31.57%,22.76%,14.74%,11.85%,7.66%,7.11%,,,0.88%,2.00%,,0.00%,,,
01-Jan-23,31.58%,22.74%,14.75%,11.85%,7.65%,7.12%,,,0.89%,2.00%,,0.00%,,,
02-Jan-23,31.59%,22.73%,14.76%,11.84%,7.65%,7.12%,,,0.89%,2.01%,,0.00%,,,
03-Jan-23,31.59%,22.71%,14.77%,11.84%,7.64%,7.13%,,,0.89%,2.01%,,0.00%,,,
04-Jan-23,31.60%,22.69%,14.78%,11.84%,7.64%,7.14%,,,0.89%,2.01%,,0.00%,,,
05-Jan-23,31.60%,22.67%,14.79%,11.84%,7.63%,7.14%,,,0.89%,2.01%,,0.00%,,,
06-Jan-23,31.61%,22.65%,14.81%,11.84%,7.63%,7.15%,,,0.89%,2.02%,,0.00%,,,
07-Jan-23,31.61%,22.63%,14.82%,11.84%,7.62%,7.16%,,,0.90%,2.02%,,0.00%,,,
08-Jan-23,31.62%,22.60%,14.83%,11.84%,7.62%,7.16%,,,0.90%,2.02%,,0.00%,,,
09-Jan-23,31.63%,22.58%,14.85%,11.82%,7.62%,7.16%,,,0.90%,2.03%,,0.00%,,,
10-Jan-23,31.65%,22.56%,14.88%,11.81%,7.62%,7.16%,,,0.90%,2.03%,,0.00%,,,
11-Jan-23,31.61%,22.52%,14.94%,11.79%,7.66%,7.15%,,,0.90%,2.05%,,0.00%,,,
12-Jan-23,31.57%,22.47%,15.00%,11.78%,7.70%,7.14%,,,0.91%,2.07%,,0.00%,,,
13-Jan-23,31.52%,22.43%,15.06%,11.76%,7.74%,7.13%,,,0.91%,2.09%,,0.00%,,,
14-Jan-23,31.48%,22.38%,15.13%,11.74%,7.78%,7.12%,,,0.91%,2.10%,,0.00%,,,
15-Jan-23,31.44%,22.34%,15.19%,11.72%,7.82%,7.11%,,,0.91%,2.12%,,0.00%,,,
16-Jan-23,31.40%,22.29%,15.27%,11.69%,7.87%,7.11%,,,0.91%,2.14%,,0.00%,,,
17-Jan-23,31.35%,22.24%,15.34%,11.67%,7.91%,7.10%,,,0.91%,2.16%,,0.00%,,,
18-Jan-23,31.30%,22.19%,15.41%,11.65%,7.96%,7.10%,,,0.91%,2.18%,,0.00%,,,
19-Jan-23,31.26%,22.13%,15.49%,11.62%,8.01%,7.09%,,,0.92%,2.20%,,0.00%,,,
20-Jan-23,31.21%,22.08%,15.56%,11.60%,8.06%,7.09%,,,0.92%,2.22%,,0.00%,,,
21-Jan-23,31.16%,22.03%,15.64%,11.57%,8.10%,7.08%,,,0.92%,2.24%,,0.00%,,,
22-Jan-23,31.12%,21.98%,15.72%,11.55%,8.15%,7.07%,,,0.92%,2.26%,,0.00%,,,
23-Jan-23,31.07%,21.91%,15.81%,11.52%,8.20%,7.06%,,,0.92%,2.27%,,0.00%,,,
24-Jan-23,31.01%,21.85%,15.90%,11.51%,8.24%,7.06%,,,0.93%,2.29%,,0.00%,,,
25-Jan-23,30.96%,21.78%,15.99%,11.50%,8.29%,7.06%,,,0.93%,2.30%,,0.00%,,,
26-Jan-23,30.97%,21.70%,16.03%,11.51%,8.29%,7.04%,,,0.95%,2.31%,,0.00%,,,
27-Jan-23,30.93%,21.66%,16.06%,11.53%,8.27%,7.02%,,,0.96%,2.32%,,0.00%,,,
28-Jan-23,30.89%,21.62%,16.10%,11.55%,8.26%,7.00%,,,0.98%,2.32%,,0.00%,,,
29-Jan-23,30.85%,21.58%,16.13%,11.57%,8.25%,6.98%,,,0.99%,2.33%,,0.00%,,,
30-Jan-23,30.80%,21.54%,16.18%,11.60%,8.23%,6.96%,,,1.01%,2.33%,,0.00%,,,
31-Jan-23,30.76%,21.51%,16.21%,11.63%,8.21%,6.94%,,,1.03%,2.33%,,0.00%,,,
01-Feb-23,30.71%,21.48%,16.25%,11.66%,8.19%,6.92%,,,1.04%,2.34%,,0.00%,,,
02-Feb-23,30.66%,21.43%,16.28%,11.70%,8.17%,6.90%,,,1.07%,2.34%,,0.00%,,,
03-Feb-23,30.61%,21.38%,16.31%,11.75%,8.15%,6.88%,,,1.09%,2.34%,,0.00%,,,
04-Feb-23,30.56%,21.34%,16.35%,11.79%,8.13%,6.86%,,,1.11%,2.34%,,0.00%,,,
05-Feb-23,30.51%,21.29%,16.38%,11.84%,8.11%,6.84%,,,1.13%,2.34%,,0.00%,,,
06-Feb-23,30.47%,21.25%,16.41%,11.88%,8.09%,6.82%,,,1.15%,2.34%,,0.00%,,,
07-Feb-23,30.42%,21.22%,16.43%,11.91%,8.07%,6.81%,,,1.18%,2.35%,,0.00%,,,
08-Feb-23,30.37%,21.19%,16.44%,11.94%,8.05%,6.80%,,,1.20%,2.35%,,0.00%,,,
09-Feb-23,30.33%,21.13%,16.45%,11.98%,8.03%,6.81%,,,1.23%,2.36%,,0.00%,,,
10-Feb-23,30.29%,21.12%,16.46%,12.00%,8.02%,6.84%,,,1.24%,2.36%,,0.00%,,,
11-Feb-23,30.30%,21.06%,16.47%,12.01%,8.02%,6.86%,,,1.25%,2.36%,,0.00%,,,
12-Feb-23,30.30%,21.00%,16.49%,12.03%,8.01%,6.89%,,,1.27%,2.37%,,0.00%,,,
13-Feb-23,30.30%,20.95%,16.51%,12.03%,8.01%,6.92%,,,1.28%,2.37%,,0.00%,,,
14-Feb-23,30.30%,20.90%,16.52%,12.04%,8.01%,6.95%,,,1.30%,2.37%,,0.00%,,,
15-Feb-23,30.31%,20.84%,16.54%,12.04%,8.01%,6.97%,,,1.31%,2.37%,,0.00%,,,
16-Feb-23,30.32%,20.75%,16.55%,12.06%,8.02%,7.00%,,,1.33%,2.38%,,0.00%,,,
17-Feb-23,30.33%,20.69%,16.56%,12.06%,8.02%,7.03%,,,1.35%,2.38%,,0.00%,,,
18-Feb-23,30.34%,20.63%,16.57%,12.07%,8.03%,7.06%,,,1.37%,2.39%,,0.00%,,,
19-Feb-23,30.35%,20.56%,16.58%,12.07%,8.03%,7.08%,,,1.38%,2.39%,,0.00%,,,
20-Feb-23,30.36%,20.50%,16.59%,12.07%,8.03%,7.12%,,,1.40%,2.39%,,0.00%,,,
21-Feb-23,30.37%,20.44%,16.59%,12.08%,8.03%,7.15%,,,1.42%,2.40%,,0.00%,,,
22-Feb-23,30.35%,20.35%,16.58%,12.09%,8.05%,7.20%,,,1.44%,2.40%,,0.00%,,,
23-Feb-23,30.34%,20.27%,16.56%,12.11%,8.08%,7.25%,,,1.46%,2.41%,,0.00%,,,
24-Feb-23,30.31%,20.22%,16.55%,12.13%,8.10%,7.28%,,,1.48%,2.42%,,0.00%,,,
25-Feb-23,30.28%,20.16%,16.53%,12.15%,8.12%,7.31%,,,1.49%,2.42%,,0.00%,,,
26-Feb-23,30.25%,20.10%,16.52%,12.17%,8.15%,7.34%,,,1.51%,2.43%,,0.00%,,,
27-Feb-23,30.20%,20.06%,16.52%,12.18%,8.17%,7.37%,,,1.52%,2.43%,,0.00%,,,
28-Feb-23,30.16%,19.98%,16.50%,12.21%,8.20%,7.40%,,,1.55%,2.43%,,0.00%,,,
01-Mar-23,30.13%,19.91%,16.49%,12.24%,8.23%,7.43%,,,1.57%,2.43%,,0.00%,,,
02-Mar-23,30.08%,19.79%,16.47%,12.29%,8.29%,7.46%,,,1.60%,2.43%,,0.00%,,,
03-Mar-23,30.04%,19.71%,16.45%,12.33%,8.34%,7.48%,,,1.63%,2.42%,,0.00%,,,
04-Mar-23,30.00%,19.62%,16.44%,12.37%,8.38%,7.51%,,,1.65%,2.42%,,0.00%,,,
05-Mar-23,31.20%,16.10%,15.30%,13.30%,9.30%,8.20%,2.40%,,2.30%,1.00%,,0.00%,,,
06-Mar-23,31.20%,16.10%,15.30%,13.30%,9.30%,8.20%,2.40%,,2.30%,1.00%,,0.00%,,,
07-Mar-23,31.20%,16.10%,15.30%,13.30%,9.30%,8.20%,2.40%,,2.30%,1.00%,,0.00%,,,
08-Mar-23,31.20%,16.10%,15.30%,13.30%,9.30%,8.20%,2.40%,,2.30%,1.00%,,0.00%,,,
09-Mar-23,31.20%,16.10%,15.30%,13.30%,9.30%,8.20%,2.40%,,2.30%,1.00%,,0.00%,,,
10-Mar-23,31.20%,16.10%,15.30%,13.30%,9.30%,8.20%,2.40%,,2.30%,1.00%,,0.00%,,,
11-Mar-23,31.20%,16.10%,15.30%,13.30%,9.30%,8.20%,2.40%,,2.30%,1.00%,,0.00%,,,
12-Mar-23,31.20%,16.10%,15.30%,13.30%,9.30%,8.20%,2.40%,,2.30%,1.00%,,0.00%,,,
13-Mar-23,31.20%,16.09%,15.30%,13.31%,9.30%,8.20%,2.40%,,2.30%,1.00%,,0.00%,,,
14-Mar-23,31.19%,16.08%,15.30%,13.33%,9.30%,8.20%,2.39%,,2.30%,1.00%,,0.00%,,,
15-Mar-23,31.19%,16.07%,15.30%,13.35%,9.30%,8.20%,2.39%,,2.31%,1.00%,,0.00%,,,
16-Mar-23,31.18%,16.06%,15.29%,13.37%,9.30%,8.21%,2.38%,,2.31%,1.00%,,0.00%,,,
17-Mar-23,31.17%,16.04%,15.29%,13.40%,9.31%,8.20%,2.37%,,2.32%,1.01%,,0.00%,,,
18-Mar-23,31.16%,16.03%,15.29%,13.43%,9.32%,8.19%,2.36%,,2.32%,1.01%,,0.00%,,,
19-Mar-23,31.14%,16.02%,15.29%,13.47%,9.33%,8.17%,2.35%,,2.33%,1.02%,,0.00%,,,
20-Mar-23,31.12%,16.01%,15.29%,13.51%,9.35%,8.16%,2.34%,,2.34%,1.02%,,0.00%,,,
21-Mar-23,31.10%,16.00%,15.29%,13.55%,9.38%,8.14%,2.33%,,2.34%,1.03%,,0.00%,,,
22-Mar-23,31.07%,15.98%,15.28%,13.60%,9.40%,8.11%,2.31%,,2.35%,1.04%,,0.00%,,,
23-Mar-23,31.04%,15.97%,15.28%,13.65%,9.43%,8.09%,2.29%,,2.36%,1.05%,,0.00%,,,
24-Mar-23,31.01%,15.96%,15.28%,13.70%,9.46%,8.06%,2.28%,,2.37%,1.05%,,0.00%,,,
25-Mar-23,30.98%,15.95%,15.28%,13.75%,9.49%,8.03%,2.26%,,2.38%,1.06%,,0.00%,,,
26-Mar-23,30.95%,15.94%,15.27%,13.81%,9.53%,8.00%,2.24%,,2.39%,1.07%,,0.00%,,,
27-Mar-23,30.91%,15.93%,15.27%,13.87%,9.57%,7.97%,2.22%,,2.40%,1.08%,,0.00%,,,
28-Mar-23,30.88%,15.92%,15.27%,13.93%,9.60%,7.94%,2.20%,,2.40%,1.09%,,0.00%,,,
29-Mar-23,30.84%,15.91%,15.27%,13.98%,9.64%,7.91%,2.18%,,2.41%,1.10%,,0.00%,,,
30-Mar-23,30.79%,15.91%,15.27%,14.04%,9.68%,7.87%,2.16%,,2.42%,1.11%,,0.00%,,,
31-Mar-23,30.75%,15.91%,15.27%,14.10%,9.72%,7.84%,2.14%,,2.43%,1.12%,,0.00%,,,
01-Apr-23,30.70%,15.91%,15.27%,14.15%,9.76%,7.80%,2.12%,,2.43%,1.13%,,0.00%,,,
02-Apr-23,30.66%,15.91%,15.28%,14.20%,9.80%,7.77%,2.10%,,2.44%,1.14%,,0.00%,,,
03-Apr-23,30.61%,15.91%,15.28%,14.25%,9.83%,7.75%,2.08%,,2.44%,1.14%,,0.00%,,,
04-Apr-23,30.57%,15.92%,15.28%,14.30%,9.86%,7.72%,2.06%,,2.45%,1.15%,,0.00%,,,
05-Apr-23,30.52%,15.93%,15.29%,14.34%,9.89%,7.69%,2.04%,,2.45%,1.16%,,0.00%,,,
06-Apr-23,30.47%,15.94%,15.30%,14.38%,9.92%,7.67%,2.02%,,2.45%,1.17%,,0.00%,,,
07-Apr-23,30.42%,15.95%,15.31%,14.42%,9.94%,7.65%,2.01%,,2.45%,1.18%,,0.00%,,,
08-Apr-23,30.37%,15.96%,15.32%,14.46%,9.97%,7.63%,1.99%,,2.45%,1.18%,,0.00%,,,
09-Apr-23,30.32%,15.97%,15.33%,14.50%,9.99%,7.61%,1.97%,,2.46%,1.19%,,0.00%,,,
10-Apr-23,30.26%,15.99%,15.35%,14.54%,10.01%,7.59%,1.96%,,2.46%,1.20%,,0.00%,,,
11-Apr-23,30.20%,16.01%,15.36%,14.57%,10.02%,7.58%,1.94%,,2.46%,1.20%,,0.00%,,,
12-Apr-23,30.14%,16.03%,15.38%,14.61%,10.04%,7.57%,1.93%,,2.46%,1.21%,,0.00%,,,
13-Apr-23,30.08%,16.06%,15.39%,14.64%,10.05%,7.56%,1.91%,,2.47%,1.21%,,0.00%,,,
14-Apr-23,30.01%,16.08%,15.40%,14.67%,10.06%,7.55%,1.90%,,2.47%,1.21%,,0.00%,,,
15-Apr-23,29.94%,16.11%,15.41%,14.70%,10.07%,7.54%,1.88%,,2.48%,1.22%,,0.00%,,,
16-Apr-23,29.86%,16.15%,15.42%,14.74%,10.07%,7.54%,1.87%,,2.48%,1.22%,,0.00%,,,
17-Apr-23,29.78%,16.18%,15.42%,14.77%,10.08%,7.54%,1.86%,,2.49%,1.22%,,0.00%,,,
18-Apr-23,29.70%,16.22%,15.43%,14.80%,10.08%,7.54%,1.84%,,2.50%,1.22%,,0.00%,,,
19-Apr-23,29.61%,16.26%,15.43%,14.83%,10.08%,7.54%,1.83%,,2.51%,1.22%,,0.00%,,,
20-Apr-23,29.52%,16.30%,15.44%,14.85%,10.08%,7.54%,1.82%,,2.52%,1.22%,,0.00%,,,
21-Apr-23,29.43%,16.34%,15.44%,14.88%,10.09%,7.54%,1.80%,,2.53%,1.23%,,0.00%,,,
22-Apr-23,29.34%,16.38%,15.45%,14.91%,10.09%,7.54%,1.79%,,2.55%,1.23%,,0.00%,,,
23-Apr-23,29.25%,16.42%,15.45%,14.94%,10.10%,7.54%,1.78%,,2.56%,1.24%,,0.00%,,,
24-Apr-23,29.15%,16.46%,15.45%,14.96%,10.10%,7.54%,1.76%,,2.58%,1.25%,,0.00%,,,
25-Apr-23,29.05%,16.50%,15.45%,14.99%,10.11%,7.54%,1.75%,,2.59%,1.25%,,0.00%,,,
26-Apr-23,28.96%,16.54%,15.46%,15.01%,10.11%,7.54%,1.74%,,2.61%,1.26%,,0.00%,,,
27-Apr-23,28.86%,16.58%,15.46%,15.04%,10.12%,7.54%,1.72%,,2.63%,1.27%,,0.00%,,,
28-Apr-23,28.77%,16.62%,15.46%,15.06%,10.13%,7.54%,1.71%,,2.64%,1.28%,,0.00%,,,
29-Apr-23,28.68%,16.65%,15.47%,15.08%,10.13%,7.54%,1.70%,,2.66%,1.29%,,0.00%,,,
30-Apr-23,28.59%,16.69%,15.47%,15.10%,10.14%,7.54%,1.69%,,2.68%,1.31%,,0.00%,,,
01-May-23,28.50%,16.72%,15.48%,15.12%,10.15%,7.53%,1.68%,,2.69%,1.32%,,0.00%,,,
02-May-23,28.42%,16.75%,15.48%,15.14%,10.16%,7.53%,1.67%,,2.71%,1.33%,,0.00%,,,
03-May-23,28.34%,16.78%,15.49%,15.16%,10.17%,7.53%,1.66%,,2.73%,1.35%,,0.00%,,,
04-May-23,28.26%,16.81%,15.49%,15.17%,10.18%,7.52%,1.65%,,2.74%,1.36%,,0.00%,,,
05-May-23,28.18%,16.84%,15.50%,15.19%,10.19%,7.52%,1.64%,,2.76%,1.38%,,0.00%,,,
06-May-23,28.11%,16.87%,15.50%,15.21%,10.19%,7.52%,1.63%,,2.77%,1.39%,,0.00%,,,
07-May-23,28.04%,16.90%,15.51%,15.22%,10.20%,7.51%,1.62%,,2.79%,1.41%,,0.00%,,,
08-May-23,27.97%,16.94%,15.52%,15.23%,10.20%,7.51%,1.61%,,2.80%,1.42%,,0.00%,,,
09-May-23,27.90%,16.97%,15.52%,15.24%,10.21%,7.51%,1.60%,,2.81%,1.43%,,0.00%,,,
10-May-23,27.84%,17.01%,15.53%,15.25%,10.21%,7.50%,1.60%,,2.82%,1.44%,,0.00%,,,
11-May-23,27.78%,17.04%,15.54%,15.26%,10.21%,7.50%,1.59%,,2.83%,1.46%,,0.00%,,,
12-May-23,27.72%,17.08%,15.54%,15.27%,10.21%,7.49%,1.58%,,2.84%,1.47%,,0.00%,,,
13-May-23,27.66%,17.12%,15.55%,15.28%,10.21%,7.49%,1.58%,,2.85%,1.48%,,0.00%,,,
14-May-23,27.60%,17.15%,15.56%,15.28%,10.21%,7.48%,1.57%,,2.86%,1.49%,,0.00%,,,
15-May-23,27.55%,17.19%,15.57%,15.29%,10.21%,7.48%,1.56%,,2.87%,1.50%,,0.00%,,,
16-May-23,27.49%,17.23%,15.58%,15.29%,10.20%,7.47%,1.56%,,2.87%,1.51%,,0.00%,,,
17-May-23,27.44%,17.28%,15.60%,15.29%,10.20%,7.47%,1.55%,,2.88%,1.52%,,0.00%,,,
18-May-23,27.39%,17.32%,15.61%,15.28%,10.19%,7.47%,1.54%,,2.88%,1.53%,,0.00%,,,
19-May-23,27.34%,17.37%,15.62%,15.28%,10.19%,7.46%,1.54%,,2.89%,1.54%,,0.00%,,,
20-May-23,27.29%,17.41%,15.64%,15.27%,10.18%,7.46%,1.53%,,2.89%,1.55%,,0.00%,,,
21-May-23,27.24%,17.46%,15.65%,15.25%,10.18%,7.46%,1.53%,,2.89%,1.56%,,0.00%,,,
22-May-23,27.19%,17.51%,15.67%,15.24%,10.17%,7.46%,1.52%,,2.89%,1.57%,,0.00%,,,
23-May-23,27.14%,17.56%,15.68%,15.22%,10.17%,7.46%,1.52%,,2.89%,1.58%,,0.00%,,,
24-May-23,27.09%,17.60%,15.70%,15.21%,10.16%,7.46%,1.51%,,2.89%,1.59%,,0.00%,,,
25-May-23,27.05%,17.65%,15.71%,15.19%,10.16%,7.46%,1.50%,,2.89%,1.60%,,0.00%,,,
26-May-23,27.00%,17.70%,15.73%,15.16%,10.15%,7.47%,1.50%,,2.89%,1.61%,,0.00%,,,
27-May-23,26.96%,17.75%,15.75%,15.14%,10.15%,7.47%,1.49%,,2.89%,1.61%,,0.00%,,,
28-May-23,26.91%,17.81%,15.76%,15.12%,10.14%,7.47%,1.49%,,2.89%,1.62%,,0.00%,,,
29-May-23,26.87%,17.86%,15.78%,15.09%,10.14%,7.48%,1.48%,,2.89%,1.63%,,0.00%,,,
30-May-23,26.83%,17.91%,15.80%,15.06%,10.14%,7.48%,1.48%,,2.89%,1.64%,,0.00%,,,
31-May-23,26.79%,17.96%,15.81%,15.03%,10.13%,7.49%,1.47%,,2.88%,1.65%,,0.00%,,,
01-Jun-23,26.75%,18.01%,15.83%,15.00%,10.13%,7.49%,1.47%,,2.88%,1.66%,,0.00%,,,
02-Jun-23,26.71%,18.06%,15.85%,14.98%,10.13%,7.50%,1.46%,,2.88%,1.67%,,0.00%,,,
03-Jun-23,26.67%,18.11%,15.86%,14.95%,10.12%,7.50%,1.46%,,2.88%,1.67%,,0.00%,,,
04-Jun-23,26.63%,18.16%,15.88%,14.92%,10.12%,7.51%,1.45%,,2.87%,1.68%,,0.00%,,,
05-Jun-23,26.60%,18.21%,15.89%,14.89%,10.12%,7.51%,1.45%,,2.87%,1.69%,,0.00%,,,
06-Jun-23,26.56%,18.26%,15.91%,14.86%,10.11%,7.52%,1.44%,,2.87%,1.70%,,0.00%,,,
07-Jun-23,26.53%,18.31%,15.92%,14.83%,10.11%,7.52%,1.44%,,2.86%,1.70%,,0.00%,,,
08-Jun-23,26.50%,18.35%,15.94%,14.80%,10.11%,7.53%,1.43%,,2.86%,1.71%,,0.00%,,,
09-Jun-23,26.47%,18.40%,15.95%,14.76%,10.10%,7.53%,1.43%,,2.86%,1.71%,,0.00%,,,
10-Jun-23,26.44%,18.45%,15.97%,14.73%,10.10%,7.54%,1.42%,,2.85%,1.72%,,0.00%,,,
11-Jun-23,26.42%,18.49%,15.98%,14.70%,10.10%,7.55%,1.42%,,2.85%,1.73%,,0.00%,,,
12-Jun-23,26.39%,18.54%,15.99%,14.67%,10.09%,7.55%,1.41%,,2.85%,1.73%,,0.00%,,,
13-Jun-23,26.32%,18.61%,16.01%,14.65%,10.10%,7.56%,1.40%,,2.85%,1.74%,,0.00%,,,
14-Jun-23,26.25%,18.68%,16.03%,14.63%,10.10%,7.56%,1.38%,,2.85%,1.75%,,0.00%,,,
15-Jun-23,26.18%,18.74%,16.04%,14.60%,10.11%,7.56%,1.37%,,2.86%,1.77%,,0.00%,,,
16-Jun-23,26.12%,18.81%,16.06%,14.58%,10.12%,7.56%,1.35%,,2.86%,1.78%,,0.00%,,,
17-Jun-23,26.05%,18.87%,16.08%,14.55%,10.13%,7.57%,1.34%,,2.87%,1.79%,,0.00%,,,
18-Jun-23,25.99%,18.94%,16.09%,14.52%,10.14%,7.57%,1.32%,,2.87%,1.80%,,0.00%,,,
19-Jun-23,25.92%,19.00%,16.11%,14.49%,10.15%,7.58%,1.30%,,2.88%,1.81%,,0.00%,,,
20-Jun-23,25.86%,19.06%,16.12%,14.46%,10.16%,7.59%,1.29%,,2.88%,1.82%,,0.00%,,,
21-Jun-23,25.80%,19.12%,16.14%,14.43%,10.17%,7.60%,1.27%,,2.89%,1.83%,,0.00%,,,
22-Jun-23,25.74%,19.18%,16.15%,14.39%,10.18%,7.60%,1.26%,,2.90%,1.84%,,0.00%,,,
23-Jun-23,25.68%,19.24%,16.16%,14.35%,10.19%,7.61%,1.24%,,2.90%,1.85%,,0.00%,,,
24-Jun-23,25.62%,19.30%,16.18%,14.32%,10.20%,7.62%,1.22%,,2.91%,1.86%,,0.00%,,,
25-Jun-23,25.57%,19.36%,16.19%,14.27%,10.22%,7.63%,1.21%,,2.92%,1.87%,,0.00%,,,
26-Jun-23,25.51%,19.42%,16.20%,14.23%,10.23%,7.65%,1.19%,,2.93%,1.88%,,0.00%,,,
27-Jun-23,25.46%,19.47%,16.22%,14.19%,10.24%,7.66%,1.18%,,2.94%,1.89%,,0.00%,,,
28-Jun-23,25.40%,19.53%,16.23%,14.14%,10.25%,7.68%,1.16%,,2.95%,1.90%,,0.00%,,,
29-Jun-23,25.35%,19.58%,16.24%,14.09%,10.26%,7.69%,1.15%,,2.95%,1.91%,,0.00%,,,
30-Jun-23,25.30%,19.64%,16.26%,14.04%,10.27%,7.71%,1.13%,,2.96%,1.92%,,0.00%,,,
01-Jul-23,25.26%,19.69%,16.27%,13.99%,10.28%,7.73%,1.12%,,2.97%,1.93%,,0.00%,,,
02-Jul-23,25.21%,19.75%,16.28%,13.94%,10.29%,7.75%,1.11%,,2.98%,1.94%,,0.00%,,,
03-Jul-23,25.16%,19.80%,16.30%,13.88%,10.29%,7.77%,1.10%,,2.98%,1.95%,,0.00%,,,
04-Jul-23,25.12%,19.86%,16.31%,13.83%,10.30%,7.79%,1.09%,,2.99%,1.96%,,0.00%,,,
05-Jul-23,25.08%,19.92%,16.32%,13.77%,10.30%,7.81%,1.07%,,3.00%,1.97%,,0.00%,,,
06-Jul-23,25.04%,19.97%,16.34%,13.71%,10.30%,7.84%,1.06%,,3.00%,1.97%,,0.00%,,,
07-Jul-23,25.00%,20.03%,16.35%,13.64%,10.30%,7.86%,1.05%,,3.01%,1.98%,,0.00%,,,
08-Jul-23,24.97%,20.08%,16.36%,13.58%,10.30%,7.89%,1.04%,,3.01%,1.99%,,0.00%,,,
09-Jul-23,24.93%,20.14%,16.37%,13.51%,10.30%,7.91%,1.04%,,3.02%,2.00%,,0.00%,,,
10-Jul-23,24.90%,20.20%,16.38%,13.45%,10.30%,7.94%,1.03%,,3.02%,2.00%,,0.00%,,,
11-Jul-23,24.87%,20.26%,16.40%,13.38%,10.29%,7.97%,1.02%,,3.03%,2.01%,,0.00%,,,
12-Jul-23,24.84%,20.31%,16.41%,13.31%,10.29%,8.00%,1.01%,,3.03%,2.02%,,0.00%,,,
13-Jul-23,24.82%,20.37%,16.42%,13.23%,10.28%,8.03%,1.00%,,3.03%,2.02%,,0.00%,,,
14-Jul-23,24.79%,20.43%,16.43%,13.16%,10.28%,8.05%,1.00%,,3.04%,2.03%,,0.00%,,,
15-Jul-23,24.77%,20.49%,16.44%,13.09%,10.27%,8.08%,0.99%,,3.04%,2.03%,,0.00%,,,
16-Jul-23,24.75%,20.55%,16.45%,13.01%,10.26%,8.11%,0.98%,,3.04%,2.04%,,0.00%,,,
17-Jul-23,24.73%,20.61%,16.46%,12.93%,10.26%,8.14%,0.98%,,3.04%,2.04%,,0.00%,,,
18-Jul-23,24.71%,20.67%,16.47%,12.85%,10.25%,8.17%,0.97%,,3.04%,2.05%,,0.00%,,,
19-Jul-23,24.70%,20.74%,16.48%,12.77%,10.24%,8.20%,0.96%,,3.04%,2.05%,,0.00%,,,
20-Jul-23,24.69%,20.79%,16.49%,12.69%,10.23%,8.23%,0.96%,,3.04%,2.05%,,0.00%,,,
21-Jul-23,24.68%,20.85%,16.50%,12.61%,10.23%,8.26%,0.95%,,3.04%,2.06%,,0.00%,,,
22-Jul-23,24.68%,20.91%,16.51%,12.53%,10.22%,8.29%,0.95%,,3.04%,2.06%,,0.00%,,,
23-Jul-23,24.68%,20.96%,16.52%,12.44%,10.21%,8.31%,0.95%,,3.04%,2.07%,,0.00%,,,
24-Jul-23,24.68%,21.01%,16.54%,12.36%,10.21%,8.34%,0.94%,,3.03%,2.07%,,0.00%,,,
25-Jul-23,24.68%,21.06%,16.55%,12.28%,10.21%,8.36%,0.94%,,3.03%,2.08%,,0.00%,,,
26-Jul-23,24.69%,21.11%,16.56%,12.20%,10.21%,8.38%,0.94%,,3.03%,2.08%,,0.00%,,,
27-Jul-23,24.70%,21.15%,16.57%,12.12%,10.21%,8.40%,0.94%,,3.03%,2.09%,,0.00%,,,
28-Jul-23,24.71%,21.19%,16.59%,12.04%,10.21%,8.42%,0.93%,,3.03%,2.10%,,0.00%,,,
29-Jul-23,24.73%,21.22%,16.60%,11.96%,10.21%,8.44%,0.93%,,3.02%,2.10%,,0.00%,,,
30-Jul-23,24.75%,21.26%,16.61%,11.88%,10.21%,8.46%,0.93%,,3.02%,2.11%,,0.00%,,,
31-Jul-23,24.77%,21.29%,16.62%,11.81%,10.21%,8.48%,0.93%,,3.02%,2.11%,,0.00%,,,
01-Aug-23,24.79%,21.32%,16.64%,11.73%,10.21%,8.49%,0.93%,,3.01%,2.12%,,0.00%,,,
02-Aug-23,24.82%,21.34%,16.65%,11.66%,10.22%,8.51%,0.93%,,3.01%,2.12%,,0.00%,,,
03-Aug-23,24.85%,21.37%,16.66%,11.58%,10.22%,8.52%,0.93%,,3.01%,2.13%,,0.00%,,,
04-Aug-23,24.87%,21.39%,16.68%,11.51%,10.23%,8.54%,0.93%,,3.00%,2.14%,,0.00%,,,
05-Aug-23,24.90%,21.41%,16.69%,11.44%,10.23%,8.55%,0.93%,,3.00%,2.14%,,0.00%,,,
06-Aug-23,24.93%,21.43%,16.70%,11.36%,10.23%,8.57%,0.93%,,2.99%,2.14%,,0.00%,,,
07-Aug-23,24.97%,21.46%,16.72%,11.29%,10.24%,8.58%,0.93%,,2.98%,2.15%,,0.00%,,,
08-Aug-23,25.00%,21.48%,16.73%,11.22%,10.24%,8.60%,0.93%,,2.98%,2.15%,,0.00%,,,
09-Aug-23,25.03%,21.50%,16.74%,11.15%,10.24%,8.61%,0.93%,,2.97%,2.15%,,0.00%,,,
10-Aug-23,25.06%,21.53%,16.76%,11.07%,10.25%,8.63%,0.93%,,2.96%,2.15%,,0.00%,,,
11-Aug-23,25.09%,21.55%,16.77%,11.00%,10.25%,8.65%,0.93%,,2.95%,2.15%,,0.00%,,,
12-Aug-23,25.12%,21.57%,16.78%,10.93%,10.25%,8.67%,0.93%,,2.94%,2.15%,,0.00%,,,
13-Aug-23,25.14%,21.60%,16.80%,10.86%,10.26%,8.69%,0.93%,,2.93%,2.15%,,0.00%,,,
14-Aug-23,25.17%,21.62%,16.81%,10.79%,10.26%,8.70%,0.92%,,2.93%,2.15%,,0.00%,,,
15-Aug-23,25.19%,21.65%,16.82%,10.71%,10.27%,8.72%,0.92%,,2.92%,2.14%,,0.00%,,,
16-Aug-23,25.21%,21.67%,16.84%,10.64%,10.28%,8.74%,0.92%,,2.91%,2.14%,,0.00%,,,
17-Aug-23,25.23%,21.69%,16.85%,10.57%,10.29%,8.76%,0.92%,,2.90%,2.14%,,0.00%,,,
18-Aug-23,25.25%,21.72%,16.86%,10.50%,10.30%,8.78%,0.92%,,2.89%,2.14%,,0.00%,,,
19-Aug-23,25.27%,21.74%,16.87%,10.42%,10.32%,8.81%,0.91%,,2.89%,2.13%,,0.00%,,,
20-Aug-23,25.28%,21.75%,16.88%,10.35%,10.33%,8.83%,0.91%,,2.88%,2.13%,,0.00%,,,
21-Aug-23,25.30%,21.77%,16.89%,10.28%,10.35%,8.85%,0.91%,,2.88%,2.13%,,0.00%,,,
22-Aug-23,25.31%,21.79%,16.90%,10.20%,10.37%,8.88%,0.91%,,2.87%,2.12%,,0.00%,,,
23-Aug-23,25.32%,21.80%,16.91%,10.13%,10.39%,8.90%,0.91%,,2.87%,2.12%,,0.00%,,,
24-Aug-23,25.33%,21.82%,16.92%,10.06%,10.41%,8.93%,0.91%,,2.87%,2.12%,,0.00%,,,
25-Aug-23,25.34%,21.83%,16.92%,9.99%,10.44%,8.95%,0.90%,,2.87%,2.11%,,0.00%,,,
26-Aug-23,25.35%,21.84%,16.93%,9.92%,10.46%,8.98%,0.90%,,2.87%,2.11%,,0.00%,,,
27-Aug-23,25.36%,21.84%,16.93%,9.85%,10.49%,9.00%,0.90%,,2.87%,2.10%,,0.00%,,,
28-Aug-23,25.37%,21.84%,16.93%,9.79%,10.52%,9.03%,0.90%,,2.87%,2.10%,,0.00%,,,
29-Aug-23,25.38%,21.84%,16.94%,9.72%,10.55%,9.05%,0.90%,,2.87%,2.09%,,0.00%,,,
30-Aug-23,25.39%,21.84%,16.94%,9.66%,10.58%,9.08%,0.90%,,2.87%,2.09%,,0.00%,,,
31-Aug-23,25.41%,21.84%,16.94%,9.60%,10.60%,9.10%,0.90%,,2.88%,2.08%,,0.00%,,,
01-Sep-23,25.42%,21.83%,16.94%,9.54%,10.63%,9.13%,0.90%,,2.88%,2.08%,,0.00%,,,
02-Sep-23,25.43%,21.83%,16.94%,9.48%,10.66%,9.15%,0.90%,,2.89%,2.07%,,0.00%,,,
03-Sep-23,25.44%,21.82%,16.94%,9.43%,10.69%,9.17%,0.90%,,2.89%,2.07%,,0.00%,,,
04-Sep-23,25.46%,21.81%,16.94%,9.37%,10.72%,9.20%,0.90%,,2.89%,2.06%,,0.00%,,,
05-Sep-23,25.47%,21.80%,16.94%,9.32%,10.74%,9.22%,0.90%,,2.90%,2.06%,,0.00%,,,
06-Sep-23,25.49%,21.79%,16.94%,9.27%,10.77%,9.24%,0.90%,,2.90%,2.05%,,0.00%,,,
07-Sep-23,25.51%,21.78%,16.94%,9.22%,10.79%,9.27%,0.90%,,2.91%,2.04%,,0.00%,,,
08-Sep-23,25.52%,21.77%,16.93%,9.17%,10.81%,9.29%,0.90%,,2.91%,2.04%,,0.00%,,,
09-Sep-23,25.54%,21.76%,16.93%,9.12%,10.84%,9.32%,0.90%,,2.92%,2.03%,,0.00%,,,
10-Sep-23,25.55%,21.75%,16.93%,9.08%,10.86%,9.34%,0.90%,,2.92%,2.03%,,0.00%,,,
11-Sep-23,25.57%,21.74%,16.93%,9.03%,10.88%,9.37%,0.89%,,2.93%,2.02%,,0.00%,,,
12-Sep-23,25.59%,21.73%,16.92%,8.98%,10.89%,9.40%,0.89%,,2.93%,2.02%,,0.00%,,,
13-Sep-23,25.60%,21.72%,16.92%,8.93%,10.91%,9.44%,0.89%,,2.94%,2.01%,,0.00%,,,
14-Sep-23,25.61%,21.70%,16.92%,8.88%,10.93%,9.47%,0.89%,,2.94%,2.01%,,0.00%,,,
15-Sep-23,25.63%,21.69%,16.92%,8.84%,10.94%,9.51%,0.89%,,2.95%,2.01%,,0.00%,,,
16-Sep-23,25.64%,21.68%,16.92%,8.79%,10.95%,9.54%,0.89%,,2.95%,2.00%,,0.00%,,,
17-Sep-23,25.65%,21.67%,16.92%,8.74%,10.96%,9.58%,0.89%,,2.96%,2.00%,,0.00%,,,
18-Sep-23,25.65%,21.65%,16.92%,8.69%,10.97%,9.62%,0.88%,,2.96%,2.00%,,0.00%,,,
19-Sep-23,25.66%,21.64%,16.92%,8.64%,10.98%,9.67%,0.88%,,2.97%,1.99%,,0.00%,,,
20-Sep-23,25.67%,21.63%,16.92%,8.60%,10.98%,9.71%,0.88%,,2.97%,1.99%,,0.00%,,,
21-Sep-23,25.67%,21.61%,16.92%,8.55%,10.99%,9.76%,0.88%,,2.98%,1.99%,,0.00%,,,
22-Sep-23,25.67%,21.60%,16.92%,8.50%,11.00%,9.80%,0.88%,,2.98%,1.99%,,0.00%,,,
23-Sep-23,25.67%,21.58%,16.93%,8.46%,11.00%,9.85%,0.88%,,2.99%,1.99%,,0.00%,,,
24-Sep-23,25.67%,21.57%,16.93%,8.42%,11.00%,9.90%,0.87%,,2.99%,1.98%,,0.00%,,,
25-Sep-23,25.66%,21.56%,16.93%,8.38%,11.01%,9.94%,0.87%,,3.00%,1.98%,,0.00%,,,
26-Sep-23,25.66%,21.55%,16.93%,8.34%,11.01%,9.99%,0.87%,,3.00%,1.98%,,0.00%,,,
27-Sep-23,25.65%,21.54%,16.93%,8.30%,11.01%,10.04%,0.87%,,3.00%,1.98%,,0.00%,,,
28-Sep-23,25.64%,21.53%,16.94%,8.26%,11.02%,10.08%,0.87%,,3.01%,1.98%,,0.00%,,,
29-Sep-23,25.63%,21.52%,16.94%,8.23%,11.02%,10.13%,0.86%,,3.01%,1.98%,,0.00%,,,
30-Sep-23,25.62%,21.51%,16.94%,8.20%,11.02%,10.17%,0.86%,,3.02%,1.98%,,0.00%,,,
01-Oct-23,25.61%,21.51%,16.94%,8.17%,11.02%,10.22%,0.86%,,3.02%,1.98%,,0.00%,,,
02-Oct-23,25.60%,21.50%,16.94%,8.14%,11.03%,10.26%,0.86%,,3.02%,1.98%,,0.00%,,,
03-Oct-23,25.59%,21.50%,16.94%,8.11%,11.03%,10.31%,0.86%,,3.02%,1.98%,,0.00%,,,
04-Oct-23,25.57%,21.49%,16.94%,8.08%,11.03%,10.35%,0.86%,,3.03%,1.98%,,0.00%,,,
05-Oct-23,25.56%,21.49%,16.94%,8.05%,11.03%,10.40%,0.85%,,3.03%,1.98%,,0.00%,,,
06-Oct-23,25.54%,21.49%,16.93%,8.02%,11.03%,10.45%,0.85%,0.84%,3.03%,1.98%,,0.00%,,,
07-Oct-23,25.53%,21.49%,16.93%,8.00%,11.04%,10.49%,0.85%,0.84%,3.03%,1.98%,,0.00%,,,
08-Oct-23,25.51%,21.49%,16.92%,7.97%,11.04%,10.54%,0.85%,0.85%,3.04%,1.97%,,0.00%,,,
09-Oct-23,25.49%,21.49%,16.92%,7.95%,11.04%,10.59%,0.85%,0.85%,3.04%,1.97%,,0.00%,,,
10-Oct-23,25.47%,21.49%,16.91%,7.92%,11.04%,10.64%,0.84%,0.85%,3.04%,1.97%,,0.00%,,,
11-Oct-23,25.45%,21.49%,16.90%,7.90%,11.04%,10.69%,0.84%,0.85%,3.05%,1.97%,,0.00%,,,
12-Oct-23,25.43%,21.48%,16.89%,7.88%,11.04%,10.74%,0.84%,0.85%,3.05%,1.97%,,0.00%,,,
13-Oct-23,25.40%,21.48%,16.89%,7.86%,11.04%,10.80%,0.84%,0.85%,3.05%,1.97%,,0.00%,,,
14-Oct-23,25.38%,21.48%,16.87%,7.83%,11.04%,10.85%,0.84%,0.85%,3.06%,1.97%,,0.00%,,,
15-Oct-23,25.35%,21.47%,16.86%,7.81%,11.04%,10.91%,0.84%,0.85%,3.06%,1.96%,,0.00%,,,
16-Oct-23,25.32%,21.47%,16.85%,7.80%,11.04%,10.97%,0.84%,0.85%,3.07%,1.96%,,0.00%,,,
17-Oct-23,25.29%,21.46%,16.84%,7.78%,11.04%,11.03%,0.84%,0.85%,3.07%,1.96%,,0.00%,,,
18-Oct-23,25.25%,21.46%,16.82%,7.76%,11.04%,11.09%,0.84%,0.84%,3.08%,1.96%,,0.00%,,,
19-Oct-23,25.22%,21.44%,16.81%,7.74%,11.05%,11.15%,0.84%,0.84%,3.09%,1.96%,,0.00%,,,
20-Oct-23,25.18%,21.43%,16.79%,7.73%,11.05%,11.22%,0.83%,0.83%,3.09%,1.96%,,0.00%,,,
21-Oct-23,25.13%,21.42%,16.77%,7.72%,11.06%,11.29%,0.83%,0.83%,3.10%,1.96%,,0.00%,,,
22-Oct-23,25.09%,21.40%,16.75%,7.71%,11.07%,11.36%,0.83%,0.82%,3.11%,1.96%,,0.00%,,,
23-Oct-23,25.04%,21.38%,16.73%,7.69%,11.08%,11.43%,0.83%,0.81%,3.12%,1.96%,,0.00%,,,
24-Oct-23,24.99%,21.36%,16.71%,7.69%,11.09%,11.50%,0.83%,0.80%,3.13%,1.96%,,0.00%,,,
25-Oct-23,24.94%,21.33%,16.69%,7.68%,11.11%,11.57%,0.83%,0.79%,3.14%,1.96%,,0.00%,,,
26-Oct-23,24.88%,21.31%,16.67%,7.67%,11.13%,11.65%,0.83%,0.78%,3.15%,1.97%,,0.00%,,,
27-Oct-23,24.82%,21.28%,16.65%,7.66%,11.15%,11.73%,0.83%,0.77%,3.17%,1.97%,,0.00%,,,
28-Oct-23,24.76%,21.26%,16.62%,7.66%,11.17%,11.81%,0.83%,0.76%,3.18%,1.97%,,0.00%,,,
29-Oct-23,24.70%,21.23%,16.60%,7.65%,11.19%,11.89%,0.83%,0.74%,3.19%,1.98%,,0.00%,,,
30-Oct-23,24.64%,21.20%,16.57%,7.64%,11.21%,11.97%,0.83%,0.73%,3.20%,1.98%,,0.00%,,,
31-Oct-23,24.57%,21.17%,16.55%,7.64%,11.23%,12.06%,0.83%,0.72%,3.21%,1.99%,,0.00%,,,
01-Nov-23,24.51%,21.14%,16.52%,7.63%,11.26%,12.15%,0.83%,0.70%,3.22%,1.99%,,0.00%,,,
02-Nov-23,24.44%,21.11%,16.49%,7.62%,11.29%,12.24%,0.82%,0.69%,3.24%,1.99%,,0.00%,,,
03-Nov-23,24.37%,21.09%,16.47%,7.61%,11.31%,12.33%,0.82%,0.67%,3.25%,2.00%,,0.00%,,,
04-Nov-23,24.30%,21.06%,16.44%,7.60%,11.33%,12.43%,0.82%,0.66%,3.26%,2.00%,,0.00%,,,
05-Nov-23,24.23%,21.04%,16.41%,7.59%,11.36%,12.52%,0.82%,0.65%,3.27%,2.00%,,0.00%,,,
06-Nov-23,24.16%,21.02%,16.39%,7.57%,11.38%,12.62%,0.81%,0.64%,3.27%,2.00%,,0.00%,,,
07-Nov-23,24.09%,21.00%,16.36%,7.56%,11.40%,12.73%,0.81%,0.63%,3.28%,2.00%,,0.00%,,,
08-Nov-23,24.02%,20.99%,16.33%,7.54%,11.42%,12.83%,0.81%,0.62%,3.29%,2.00%,,0.00%,,,
09-Nov-23,23.94%,20.98%,16.30%,7.52%,11.44%,12.95%,0.80%,0.61%,3.29%,2.00%,,0.00%,,,
10-Nov-23,23.87%,20.97%,16.27%,7.50%,11.45%,13.06%,0.80%,0.61%,3.30%,2.00%,,0.00%,,,
11-Nov-23,23.79%,20.96%,16.24%,7.47%,11.46%,13.18%,0.80%,0.60%,3.31%,2.00%,,0.00%,,,
12-Nov-23,23.72%,20.95%,16.20%,7.44%,11.47%,13.31%,0.79%,0.60%,3.31%,1.99%,,0.00%,,,
13-Nov-23,23.64%,20.95%,16.17%,7.42%,11.48%,13.44%,0.79%,0.60%,3.32%,1.99%,,0.00%,,,
14-Nov-23,23.56%,20.95%,16.13%,7.39%,11.49%,13.57%,0.78%,0.60%,3.32%,1.98%,,0.00%,,,
15-Nov-23,23.48%,20.94%,16.09%,7.36%,11.50%,13.70%,0.78%,0.60%,3.33%,1.98%,,0.00%,,,
16-Nov-23,23.40%,20.94%,16.04%,7.33%,11.50%,13.84%,0.77%,0.60%,3.33%,1.97%,,0.00%,,,
17-Nov-23,23.32%,20.94%,16.00%,7.30%,11.50%,13.99%,0.77%,0.60%,3.34%,1.97%,,0.00%,,,
18-Nov-23,23.24%,20.95%,15.95%,7.27%,11.51%,14.13%,0.76%,0.61%,3.34%,1.96%,,0.00%,,,
19-Nov-23,23.16%,20.95%,15.91%,7.23%,11.50%,14.29%,0.76%,0.61%,3.34%,1.95%,,0.00%,,,
20-Nov-23,23.07%,20.95%,15.86%,7.20%,11.50%,14.45%,0.75%,0.62%,3.35%,1.94%,,0.00%,,,
21-Nov-23,22.99%,20.95%,15.81%,7.16%,11.49%,14.61%,0.75%,0.62%,3.35%,1.93%,,0.00%,,,
22-Nov-23,22.91%,20.95%,15.76%,7.13%,11.49%,14.77%,0.74%,0.63%,3.36%,1.93%,,0.00%,,,
23-Nov-23,22.83%,20.95%,15.71%,7.10%,11.48%,14.93%,0.74%,0.63%,3.36%,1.92%,,0.00%,,,
24-Nov-23,22.74%,20.95%,15.66%,7.07%,11.48%,15.09%,0.74%,0.64%,3.36%,1.91%,,0.00%,,,
25-Nov-23,22.66%,20.95%,15.61%,7.03%,11.47%,15.26%,0.73%,0.64%,3.37%,1.91%,,0.00%,,,
26-Nov-23,22.58%,20.95%,15.56%,7.00%,11.46%,15.42%,0.72%,0.64%,3.37%,1.90%,,0.00%,,,
27-Nov-23,22.50%,20.94%,15.51%,6.97%,11.45%,15.59%,0.72%,0.64%,3.37%,1.90%,,0.00%,,,
28-Nov-23,22.42%,20.94%,15.47%,6.95%,11.44%,15.75%,0.71%,0.64%,3.37%,1.89%,,0.00%,,,
29-Nov-23,22.34%,20.94%,15.42%,6.92%,11.43%,15.92%,0.71%,0.64%,3.37%,1.89%,,0.00%,,,
30-Nov-23,22.27%,20.94%,15.38%,6.89%,11.42%,16.08%,0.70%,0.63%,3.37%,1.89%,,0.00%,,,
01-Dec-23,22.19%,20.93%,15.33%,6.87%,11.41%,16.25%,0.70%,0.63%,3.37%,1.88%,,0.00%,,,
02-Dec-23,22.11%,20.93%,15.29%,6.85%,11.40%,16.41%,0.69%,0.63%,3.36%,1.88%,,0.00%,,,
03-Dec-23,22.03%,20.92%,15.25%,6.83%,11.39%,16.57%,0.68%,0.62%,3.36%,1.88%,,0.00%,,,
04-Dec-23,21.95%,20.92%,15.21%,6.80%,11.38%,16.73%,0.68%,0.62%,3.36%,1.88%,,0.00%,,,
05-Dec-23,21.88%,20.91%,15.17%,6.79%,11.37%,16.89%,0.67%,0.61%,3.35%,1.88%,,0.00%,,,
06-Dec-23,21.80%,20.90%,15.13%,6.77%,11.37%,17.05%,0.66%,0.61%,3.35%,1.88%,,0.00%,,,
07-Dec-23,21.72%,20.90%,15.10%,6.75%,11.36%,17.21%,0.65%,0.60%,3.35%,1.88%,,0.00%,,,
08-Dec-23,21.65%,20.89%,15.06%,6.73%,11.35%,17.37%,0.65%,0.60%,3.34%,1.88%,,0.00%,,,
09-Dec-23,21.57%,20.88%,15.02%,6.72%,11.34%,17.53%,0.64%,0.59%,3.34%,1.87%,,0.00%,,,
10-Dec-23,21.49%,20.87%,14.98%,6.70%,11.33%,17.68%,0.63%,0.59%,3.33%,1.87%,,0.00%,,,
11-Dec-23,21.41%,20.86%,14.95%,6.68%,11.33%,17.84%,0.62%,0.59%,3.33%,1.87%,,0.00%,,,
12-Dec-23,21.34%,20.85%,14.91%,6.66%,11.32%,18.00%,0.62%,0.59%,3.33%,1.87%,,0.00%,,,
13-Dec-23,21.26%,20.83%,14.87%,6.65%,11.32%,18.16%,0.61%,0.59%,3.32%,1.87%,,0.00%,,,
14-Dec-23,21.18%,20.82%,14.84%,6.63%,11.31%,18.31%,0.60%,0.58%,3.32%,1.86%,,0.00%,,,
15-Dec-23,21.10%,20.80%,14.81%,6.62%,11.31%,18.47%,0.59%,0.58%,3.32%,1.86%,,0.00%,,,
16-Dec-23,21.02%,20.78%,14.77%,6.60%,11.31%,18.62%,0.58%,0.58%,3.32%,1.86%,,0.00%,,,
17-Dec-23,20.94%,20.76%,14.74%,6.58%,11.31%,18.77%,0.58%,0.58%,3.32%,1.86%,,0.00%,,,
18-Dec-23,20.86%,20.74%,14.71%,6.57%,11.31%,18.93%,0.57%,0.58%,3.32%,1.86%,,0.00%,,,
19-Dec-23,20.78%,20.71%,14.67%,6.55%,11.31%,19.08%,0.56%,0.58%,3.32%,1.86%,,0.00%,,,
20-Dec-23,20.70%,20.69%,14.64%,6.54%,11.31%,19.22%,0.56%,0.58%,3.32%,1.85%,,0.00%,,,
21-Dec-23,20.62%,20.66%,14.61%,6.53%,11.32%,19.37%,0.55%,0.58%,3.33%,1.85%,,0.00%,,,
22-Dec-23,20.53%,20.64%,14.58%,6.51%,11.32%,19.51%,0.54%,0.58%,3.33%,1.85%,,0.00%,,,
23-Dec-23,20.45%,20.61%,14.55%,6.50%,11.33%,19.65%,0.54%,0.58%,3.33%,1.85%,,0.00%,,,
24-Dec-23,20.37%,20.59%,14.52%,6.49%,11.34%,19.79%,0.53%,0.58%,3.34%,1.85%,,0.00%,,,
25-Dec-23,20.29%,20.56%,14.49%,6.48%,11.35%,19.93%,0.53%,0.58%,3.34%,1.85%,,0.00%,,,
26-Dec-23,20.20%,20.54%,14.46%,6.47%,11.36%,20.06%,0.52%,0.58%,3.35%,1.85%,,0.00%,,,
27-Dec-23,20.12%,20.52%,14.43%,6.46%,11.37%,20.20%,0.52%,0.58%,3.35%,1.85%,,0.00%,,,
28-Dec-23,20.04%,20.49%,14.40%,6.46%,11.38%,20.33%,0.51%,0.58%,3.36%,1.85%,,0.00%,,,
29-Dec-23,19.96%,20.47%,14.37%,6.45%,11.39%,20.46%,0.51%,0.58%,3.36%,1.85%,,0.00%,,,
30-Dec-23,19.87%,20.45%,14.34%,6.45%,11.41%,20.58%,0.50%,0.57%,3.37%,1.85%,,0.00%,,,
31-Dec-23,19.79%,20.42%,14.31%,6.44%,11.42%,20.71%,0.50%,0.57%,3.37%,1.85%,,0.00%,,,
01-Jan-24,19.71%,20.40%,14.29%,6.44%,11.43%,20.83%,0.49%,0.57%,3.37%,1.84%,,0.00%,,,
02-Jan-24,19.63%,20.38%,14.26%,6.43%,11.44%,20.96%,0.49%,0.57%,3.38%,1.84%,,0.00%,,,
03-Jan-24,19.55%,20.36%,14.23%,6.43%,11.45%,21.08%,0.49%,0.57%,3.38%,1.84%,,0.00%,,,
04-Jan-24,19.47%,20.34%,14.21%,6.42%,11.46%,21.20%,0.48%,0.56%,3.38%,1.84%,,0.00%,,,
05-Jan-24,19.39%,20.32%,14.18%,6.42%,11.47%,21.32%,0.48%,0.56%,3.38%,1.84%,,0.00%,,,
06-Jan-24,19.31%,20.30%,14.16%,6.41%,11.48%,21.45%,0.48%,0.56%,3.38%,1.84%,,0.00%,,,
07-Jan-24,19.23%,20.29%,14.14%,6.41%,11.49%,21.57%,0.48%,0.55%,3.39%,1.84%,,0.00%,,,
08-Jan-24,19.14%,20.27%,14.12%,6.40%,11.50%,21.69%,0.47%,0.55%,3.39%,1.84%,,0.00%,,,
09-Jan-24,19.06%,20.25%,14.10%,6.40%,11.51%,21.81%,0.47%,0.55%,3.39%,1.84%,,0.00%,,,
10-Jan-24,18.99%,20.23%,14.08%,6.39%,11.51%,21.93%,0.47%,0.54%,3.39%,1.84%,,0.00%,,,
11-Jan-24,18.91%,20.21%,14.06%,6.38%,11.52%,22.05%,0.47%,0.54%,3.38%,1.84%,,0.00%,,,
12-Jan-24,18.83%,20.19%,14.04%,6.38%,11.52%,22.17%,0.46%,0.53%,3.38%,1.84%,,0.00%,,,
13-Jan-24,18.76%,20.17%,14.03%,6.37%,11.53%,22.30%,0.46%,0.53%,3.38%,1.84%,,0.00%,,,
14-Jan-24,18.69%,20.15%,14.01%,6.36%,11.54%,22.42%,0.46%,0.52%,3.37%,1.84%,,0.00%,,,
15-Jan-24,18.62%,20.12%,13.99%,6.35%,11.55%,22.54%,0.46%,0.51%,3.37%,1.84%,,0.00%,,,
16-Jan-24,18.55%,20.09%,13.98%,6.34%,11.56%,22.66%,0.45%,0.50%,3.36%,1.84%,,0.00%,,,
17-Jan-24,18.48%,20.07%,13.96%,6.33%,11.57%,22.78%,0.45%,0.50%,3.36%,1.84%,,0.00%,,,
18-Jan-24,18.42%,20.04%,13.95%,6.32%,11.59%,22.89%,0.45%,0.49%,3.35%,1.84%,,0.00%,,,
19-Jan-24,18.36%,20.00%,13.93%,6.31%,11.60%,23.01%,0.44%,0.48%,3.34%,1.84%,,0.00%,,,
20-Jan-24,18.30%,19.97%,13.92%,6.30%,11.62%,23.13%,0.44%,0.47%,3.33%,1.84%,,0.00%,,,
21-Jan-24,18.24%,19.94%,13.90%,6.28%,11.65%,23.25%,0.44%,0.46%,3.33%,1.84%,,0.00%,,,
22-Jan-24,18.19%,19.90%,13.89%,6.27%,11.67%,23.36%,0.43%,0.45%,3.32%,1.84%,,0.00%,,,
23-Jan-24,18.13%,19.86%,13.87%,6.26%,11.70%,23.47%,0.43%,0.45%,3.31%,1.85%,,0.00%,,,
24-Jan-24,18.08%,19.82%,13.86%,6.24%,11.73%,23.58%,0.42%,0.44%,3.30%,1.85%,,0.00%,,,
25-Jan-24,18.04%,19.78%,13.84%,6.23%,11.77%,23.69%,0.42%,0.43%,3.29%,1.85%,,0.00%,,,
26-Jan-24,17.99%,19.74%,13.83%,6.21%,11.81%,23.79%,0.41%,0.42%,3.28%,1.85%,,0.00%,,,
27-Jan-24,17.94%,19.70%,13.81%,6.19%,11.85%,23.88%,0.41%,0.42%,3.27%,1.85%,,0.00%,,,
28-Jan-24,17.90%,19.67%,13.79%,6.17%,11.89%,23.98%,0.40%,0.41%,3.26%,1.85%,,0.00%,,,
29-Jan-24,17.86%,19.63%,13.78%,6.15%,11.94%,24.06%,0.40%,0.40%,3.25%,1.85%,,0.00%,,,
30-Jan-24,17.82%,19.60%,13.76%,6.13%,11.98%,24.15%,0.39%,0.40%,3.24%,1.85%,,0.00%,,,
31-Jan-24,17.78%,19.56%,13.75%,6.11%,12.03%,24.23%,0.39%,0.40%,3.23%,1.85%,,0.00%,,,
01-Feb-24,17.74%,19.53%,13.73%,6.09%,12.08%,24.30%,0.38%,0.39%,3.22%,1.85%,,0.00%,,,
02-Feb-24,17.70%,19.50%,13.72%,6.07%,12.13%,24.37%,0.38%,0.39%,3.21%,1.85%,,0.00%,,,
03-Feb-24,17.67%,19.47%,13.70%,6.05%,12.17%,24.44%,0.37%,0.39%,3.21%,1.84%,,0.00%,,,
04-Feb-24,17.63%,19.44%,13.68%,6.03%,12.22%,24.51%,0.37%,0.39%,3.20%,1.84%,,0.00%,,,
05-Feb-24,17.60%,19.42%,13.67%,6.01%,12.27%,24.57%,0.36%,0.39%,3.19%,1.84%,,0.00%,,,
06-Feb-24,17.56%,19.39%,13.65%,5.99%,12.33%,24.63%,0.36%,0.39%,3.19%,1.83%,,0.00%,,,
07-Feb-24,17.53%,19.37%,13.63%,5.97%,12.38%,24.68%,0.35%,0.39%,3.18%,1.83%,,0.00%,,,
08-Feb-24,17.50%,19.34%,13.62%,5.94%,12.42%,24.74%,0.35%,0.39%,3.17%,1.83%,,0.00%,,,
09-Feb-24,17.47%,19.32%,13.60%,5.92%,12.47%,24.79%,0.34%,0.40%,3.16%,1.82%,,0.00%,,,
10-Feb-24,17.44%,19.30%,13.58%,5.90%,12.52%,24.85%,0.34%,0.40%,3.16%,1.82%,,0.00%,,,
11-Feb-24,17.41%,19.28%,13.57%,5.87%,12.57%,24.90%,0.33%,0.40%,3.15%,1.81%,,0.00%,,,
12-Feb-24,17.38%,19.25%,13.55%,5.85%,12.61%,24.96%,0.33%,0.41%,3.14%,1.81%,,0.00%,,,
13-Feb-24,17.35%,19.23%,13.53%,5.83%,12.66%,25.01%,0.32%,0.41%,3.14%,1.80%,,0.00%,,,
14-Feb-24,17.33%,19.21%,13.51%,5.81%,12.71%,25.07%,0.32%,0.41%,3.13%,1.80%,,0.00%,,,
15-Feb-24,17.30%,19.18%,13.49%,5.79%,12.75%,25.12%,0.32%,0.41%,3.12%,1.79%,,0.00%,,,
16-Feb-24,17.28%,19.16%,13.47%,5.77%,12.80%,25.17%,0.31%,0.42%,3.12%,1.79%,,0.00%,,,
17-Feb-24,17.25%,19.13%,13.45%,5.75%,12.85%,25.22%,0.31%,0.42%,3.11%,1.79%,,0.00%,,,
18-Feb-24,17.23%,19.10%,13.43%,5.73%,12.90%,25.27%,0.31%,0.42%,3.10%,1.79%,,0.00%,,,
19-Feb-24,17.21%,19.06%,13.42%,5.71%,12.96%,25.31%,0.30%,0.42%,3.10%,1.79%,,0.00%,,,
20-Feb-24,17.19%,19.03%,13.40%,5.70%,13.01%,25.36%,0.30%,0.42%,3.09%,1.79%,,0.00%,,,
21-Feb-24,17.18%,18.99%,13.38%,5.68%,13.06%,25.40%,0.30%,0.42%,3.09%,1.79%,,0.00%,,,
22-Feb-24,17.16%,18.96%,13.36%,5.67%,13.11%,25.43%,0.30%,0.41%,3.08%,1.79%,,0.00%,,,
23-Feb-24,17.15%,18.92%,13.35%,5.66%,13.17%,25.47%,0.29%,0.41%,3.08%,1.80%,,0.00%,,,
24-Feb-24,17.13%,18.88%,13.33%,5.65%,13.22%,25.50%,0.29%,0.41%,3.07%,1.80%,,0.00%,,,
25-Feb-24,17.12%,18.83%,13.32%,5.64%,13.28%,25.53%,0.29%,0.41%,3.07%,1.81%,,0.00%,,,
26-Feb-24,17.11%,18.79%,13.30%,5.64%,13.33%,25.55%,0.29%,0.41%,3.07%,1.81%,,0.00%,,,
27-Feb-24,17.10%,18.74%,13.29%,5.64%,13.39%,25.57%,0.29%,0.40%,3.06%,1.82%,,0.00%,,,
28-Feb-24,17.10%,18.70%,13.27%,5.63%,13.45%,25.59%,0.29%,0.40%,3.06%,1.83%,,0.00%,,,
29-Feb-24,17.09%,18.65%,13.26%,5.63%,13.51%,25.60%,0.29%,0.40%,3.06%,1.84%,,0.00%,,,
01-Mar-24,17.09%,18.60%,13.24%,5.63%,13.56%,25.61%,0.29%,0.39%,3.06%,1.85%,,0.00%,,,
02-Mar-24,17.09%,18.55%,13.22%,5.63%,13.62%,25.62%,0.29%,0.39%,3.05%,1.85%,,0.00%,,,
03-Mar-24,17.09%,18.51%,13.21%,5.63%,13.67%,25.63%,0.28%,0.39%,3.05%,1.86%,,0.00%,,,
04-Mar-24,17.09%,18.46%,13.19%,5.64%,13.72%,25.64%,0.28%,0.39%,3.05%,1.87%,,0.00%,,,
05-Mar-24,17.09%,18.42%,13.17%,5.64%,13.77%,25.65%,0.28%,0.39%,3.05%,1.88%,,0.00%,,,
06-Mar-24,17.09%,18.37%,13.15%,5.64%,13.82%,25.66%,0.28%,0.39%,3.05%,1.88%,,0.00%,,,
07-Mar-24,17.09%,18.33%,13.13%,5.64%,13.87%,25.67%,0.28%,0.39%,3.05%,1.89%,,0.00%,,,
08-Mar-24,17.09%,18.29%,13.10%,5.64%,13.91%,25.67%,0.28%,0.39%,3.04%,1.90%,,0.00%,,,
09-Mar-24,17.10%,18.25%,13.08%,5.64%,13.96%,25.68%,0.28%,0.39%,3.04%,1.90%,,0.00%,,,
10-Mar-24,17.10%,18.21%,13.06%,5.64%,14.00%,25.69%,0.28%,0.39%,3.04%,1.91%,,0.00%,,,
11-Mar-24,17.11%,18.17%,13.04%,5.64%,14.04%,25.70%,0.28%,0.40%,3.04%,1.91%,,0.00%,,,
12-Mar-24,17.11%,18.13%,13.01%,5.64%,14.08%,25.71%,0.28%,0.40%,3.04%,1.91%,,0.00%,,,
13-Mar-24,17.11%,18.10%,12.99%,5.64%,14.11%,25.73%,0.28%,0.40%,3.04%,1.92%,,0.00%,,,
14-Mar-24,17.12%,18.06%,12.96%,5.64%,14.15%,25.74%,0.28%,0.41%,3.03%,1.92%,,0.00%,,,
15-Mar-24,17.12%,18.03%,12.94%,5.64%,14.18%,25.76%,0.27%,0.41%,3.03%,1.92%,,0.00%,,,
16-Mar-24,17.12%,18.00%,12.91%,5.64%,14.21%,25.78%,0.27%,0.41%,3.03%,1.93%,,0.00%,,,
17-Mar-24,17.12%,17.97%,12.88%,5.64%,14.24%,25.80%,0.27%,0.41%,3.03%,1.93%,,0.00%,,,
18-Mar-24,17.13%,17.94%,12.86%,5.64%,14.27%,25.82%,0.27%,0.41%,3.02%,1.93%,,0.00%,,,
19-Mar-24,17.13%,17.92%,12.83%,5.64%,14.30%,25.84%,0.27%,0.42%,3.02%,1.93%,,0.00%,,,
20-Mar-24,17.12%,17.90%,12.81%,5.63%,14.33%,25.85%,0.27%,0.42%,3.02%,1.93%,,0.00%,,,
21-Mar-24,17.12%,17.88%,12.78%,5.63%,14.36%,25.87%,0.27%,0.42%,3.01%,1.93%,,0.00%,,,
22-Mar-24,17.12%,17.86%,12.75%,5.63%,14.38%,25.89%,0.27%,0.42%,3.01%,1.94%,,0.00%,,,
23-Mar-24,17.12%,17.84%,12.73%,5.63%,14.41%,25.91%,0.27%,0.42%,3.01%,1.94%,,0.00%,,,
24-Mar-24,17.11%,17.83%,12.70%,5.62%,14.44%,25.93%,0.27%,0.42%,3.01%,1.94%,,0.00%,,,
25-Mar-24,17.11%,17.81%,12.68%,5.62%,14.47%,25.94%,0.27%,0.41%,3.00%,1.94%,,0.00%,,,
26-Mar-24,17.11%,17.80%,12.66%,5.61%,14.51%,25.96%,0.27%,0.41%,3.00%,1.94%,,0.00%,,,
27-Mar-24,17.10%,17.78%,12.63%,5.61%,14.54%,25.98%,0.27%,0.41%,3.00%,1.94%,,0.00%,,,
28-Mar-24,17.10%,17.77%,12.61%,5.60%,14.57%,25.99%,0.27%,0.41%,3.00%,1.94%,,0.00%,,,
29-Mar-24,17.10%,17.76%,12.59%,5.59%,14.60%,26.01%,0.27%,0.41%,2.99%,1.94%,,0.00%,,,
30-Mar-24,17.09%,17.75%,12.56%,5.58%,14.64%,26.02%,0.27%,0.40%,2.99%,1.93%,,0.00%,,,
31-Mar-24,17.09%,17.73%,12.54%,5.57%,14.68%,26.03%,0.27%,0.40%,2.99%,1.93%,,0.00%,,,
01-Apr-24,17.09%,17.72%,12.52%,5.56%,14.72%,26.04%,0.27%,0.40%,2.99%,1.93%,,0.00%,,,
02-Apr-24,17.08%,17.71%,12.49%,5.55%,14.76%,26.05%,0.27%,0.40%,2.99%,1.93%,,0.00%,,,
03-Apr-24,17.08%,17.69%,12.47%,5.54%,14.80%,26.06%,0.27%,0.39%,2.99%,1.92%,,0.00%,,,
04-Apr-24,17.08%,17.67%,12.45%,5.53%,14.84%,26.08%,0.27%,0.39%,2.99%,1.92%,,0.00%,,,
05-Apr-24,17.08%,17.66%,12.43%,5.51%,14.88%,26.09%,0.27%,0.39%,2.99%,1.92%,,0.00%,,,
06-Apr-24,17.08%,17.64%,12.40%,5.50%,14.92%,26.10%,0.28%,0.39%,2.99%,1.91%,,0.00%,,,
07-Apr-24,17.08%,17.63%,12.38%,5.49%,14.96%,26.11%,0.28%,0.39%,2.99%,1.91%,,0.00%,,,
08-Apr-24,17.08%,17.61%,12.36%,5.47%,15.00%,26.12%,0.28%,0.39%,2.99%,1.90%,,0.00%,,,
09-Apr-24,17.08%,17.59%,12.33%,5.46%,15.05%,26.13%,0.28%,0.38%,2.99%,1.90%,,0.00%,,,
10-Apr-24,17.09%,17.58%,12.31%,5.45%,15.09%,26.14%,0.28%,0.38%,2.99%,1.89%,,0.00%,,,
11-Apr-24,17.09%,17.56%,12.28%,5.43%,15.13%,26.16%,0.28%,0.38%,2.99%,1.89%,,0.00%,,,
12-Apr-24,17.10%,17.54%,12.26%,5.42%,15.17%,26.17%,0.28%,0.38%,2.99%,1.88%,,0.00%,,,
13-Apr-24,17.10%,17.53%,12.23%,5.41%,15.21%,26.18%,0.28%,0.38%,2.99%,1.88%,,0.00%,,,
14-Apr-24,17.11%,17.51%,12.20%,5.39%,15.25%,26.19%,0.28%,0.38%,2.99%,1.88%,,0.00%,,,
15-Apr-24,17.12%,17.49%,12.17%,5.38%,15.29%,26.20%,0.28%,0.38%,2.99%,1.87%,,0.00%,,,
16-Apr-24,17.13%,17.46%,12.13%,5.37%,15.33%,26.21%,0.28%,0.38%,2.99%,1.87%,,0.00%,,,
17-Apr-24,17.14%,17.44%,12.10%,5.35%,15.36%,26.22%,0.28%,0.38%,2.99%,1.86%,,0.00%,,,
18-Apr-24,17.16%,17.42%,12.07%,5.34%,15.40%,26.23%,0.28%,0.39%,2.99%,1.86%,,0.00%,,,
19-Apr-24,17.17%,17.40%,12.04%,5.33%,15.43%,26.24%,0.28%,0.39%,2.99%,1.86%,,0.00%,,,
20-Apr-24,17.18%,17.38%,12.00%,5.32%,15.47%,26.24%,0.28%,0.39%,3.00%,1.85%,,0.00%,,,
21-Apr-24,17.19%,17.36%,11.97%,5.31%,15.50%,26.24%,0.28%,0.39%,3.00%,1.85%,,0.00%,,,
22-Apr-24,17.20%,17.34%,11.94%,5.30%,15.52%,26.24%,0.28%,0.40%,3.01%,1.85%,,0.00%,,,
23-Apr-24,17.22%,17.32%,11.90%,5.29%,15.55%,26.24%,0.28%,0.40%,3.02%,1.84%,,0.00%,,,
24-Apr-24,17.23%,17.30%,11.87%,5.28%,15.57%,26.24%,0.29%,0.40%,3.03%,1.84%,,0.00%,,,
25-Apr-24,17.24%,17.29%,11.84%,5.27%,15.60%,26.23%,0.29%,0.41%,3.04%,1.84%,,0.00%,,,
26-Apr-24,17.25%,17.28%,11.81%,5.26%,15.61%,26.23%,0.29%,0.41%,3.05%,1.84%,,0.00%,,,
27-Apr-24,17.26%,17.27%,11.79%,5.25%,15.63%,26.22%,0.29%,0.41%,3.06%,1.84%,,0.00%,,,
28-Apr-24,17.27%,17.26%,11.76%,5.25%,15.65%,26.21%,0.30%,0.42%,3.07%,1.84%,,0.00%,,,
29-Apr-24,17.28%,17.26%,11.74%,5.24%,15.66%,26.19%,0.30%,0.42%,3.08%,1.83%,,0.00%,,,
30-Apr-24,17.29%,17.26%,11.71%,5.23%,15.67%,26.18%,0.31%,0.42%,3.10%,1.83%,,0.00%,,,
01-May-24,17.29%,17.26%,11.69%,5.23%,15.68%,26.16%,0.31%,0.42%,3.11%,1.83%,,0.00%,,,
02-May-24,17.30%,17.26%,11.67%,5.22%,15.68%,26.14%,0.32%,0.43%,3.13%,1.83%,,0.00%,,,
03-May-24,17.30%,17.27%,11.66%,5.21%,15.68%,26.13%,0.32%,0.43%,3.14%,1.83%,,0.00%,,,
04-May-24,17.31%,17.27%,11.64%,5.21%,15.68%,26.11%,0.33%,0.43%,3.16%,1.83%,,0.00%,,,
05-May-24,17.31%,17.28%,11.62%,5.20%,15.67%,26.10%,0.33%,0.43%,3.17%,1.83%,,0.00%,,,
06-May-24,17.32%,17.29%,11.60%,5.20%,15.67%,26.10%,0.34%,0.43%,3.19%,1.83%,,0.00%,,,
07-May-24,17.33%,17.30%,11.59%,5.20%,15.65%,26.09%,0.34%,0.43%,3.20%,1.83%,,0.00%,,,
08-May-24,17.33%,17.30%,11.57%,5.19%,15.64%,26.09%,0.34%,0.43%,3.21%,1.83%,,0.00%,,,
09-May-24,17.34%,17.31%,11.56%,5.19%,15.62%,26.08%,0.35%,0.43%,3.23%,1.83%,,0.00%,,,
10-May-24,17.35%,17.32%,11.54%,5.19%,15.61%,26.09%,0.35%,0.43%,3.24%,1.83%,,0.00%,,,
11-May-24,17.36%,17.33%,11.53%,5.18%,15.59%,26.09%,0.36%,0.43%,3.25%,1.83%,,0.00%,,,
12-May-24,17.37%,17.34%,11.51%,5.18%,15.57%,26.09%,0.36%,0.43%,3.26%,1.83%,,0.00%,,,
13-May-24,17.38%,17.35%,11.50%,5.18%,15.54%,26.10%,0.36%,0.42%,3.27%,1.83%,,0.00%,,,
14-May-24,17.39%,17.35%,11.49%,5.18%,15.52%,26.12%,0.36%,0.42%,3.28%,1.84%,,0.00%,,,
15-May-24,17.40%,17.36%,11.47%,5.18%,15.49%,26.13%,0.37%,0.41%,3.29%,1.84%,,0.00%,,,
16-May-24,17.41%,17.36%,11.46%,5.18%,15.47%,26.14%,0.37%,0.41%,3.30%,1.84%,,0.00%,,,
17-May-24,17.43%,17.37%,11.45%,5.18%,15.45%,26.15%,0.37%,0.40%,3.31%,1.84%,,0.00%,,,
18-May-24,17.44%,17.37%,11.44%,5.18%,15.42%,26.16%,0.37%,0.40%,3.32%,1.84%,,0.00%,,,
19-May-24,17.45%,17.37%,11.43%,5.18%,15.40%,26.17%,0.38%,0.39%,3.33%,1.85%,,0.00%,,,
20-May-24,17.46%,17.37%,11.43%,5.18%,15.39%,26.18%,0.38%,0.39%,3.34%,1.85%,,0.00%,,,
21-May-24,17.47%,17.37%,11.42%,5.18%,15.37%,26.18%,0.38%,0.38%,3.35%,1.85%,,0.00%,,,
22-May-24,17.48%,17.37%,11.41%,5.18%,15.36%,26.18%,0.38%,0.38%,3.36%,1.86%,,0.00%,,,
23-May-24,17.48%,17.37%,11.41%,5.19%,15.34%,26.18%,0.38%,0.37%,3.38%,1.86%,,0.00%,,,
24-May-24,17.49%,17.37%,11.40%,5.19%,15.33%,26.18%,0.39%,0.37%,3.39%,1.86%,,0.00%,,,
25-May-24,17.50%,17.37%,11.40%,5.19%,15.32%,26.17%,0.39%,0.37%,3.41%,1.86%,,0.00%,,,
26-May-24,17.50%,17.36%,11.39%,5.20%,15.32%,26.16%,0.39%,0.37%,3.42%,1.87%,,0.00%,,,
27-May-24,17.51%,17.36%,11.38%,5.21%,15.31%,26.14%,0.39%,0.36%,3.44%,1.87%,,0.00%,,,
28-May-24,17.51%,17.35%,11.38%,5.21%,15.31%,26.12%,0.39%,0.36%,3.45%,1.87%,,0.00%,,,
29-May-24,17.51%,17.35%,11.38%,5.22%,15.31%,26.10%,0.40%,0.36%,3.47%,1.87%,,0.00%,,,
30-May-24,17.52%,17.34%,11.37%,5.22%,15.31%,26.08%,0.40%,0.36%,3.49%,1.87%,,0.00%,,,
31-May-24,17.52%,17.34%,11.37%,5.23%,15.31%,26.05%,0.40%,0.36%,3.51%,1.87%,,0.00%,,,
01-Jun-24,17.53%,17.34%,11.37%,5.24%,15.31%,26.03%,0.40%,0.36%,3.52%,1.87%,,0.00%,,,
02-Jun-24,17.53%,17.33%,11.37%,5.24%,15.31%,26.00%,0.40%,0.37%,3.54%,1.87%,,0.00%,,,
03-Jun-24,17.53%,17.33%,11.36%,5.25%,15.31%,25.97%,0.40%,0.37%,3.56%,1.86%,,0.00%,,,
04-Jun-24,17.54%,17.32%,11.36%,5.25%,15.32%,25.94%,0.40%,0.37%,3.58%,1.86%,,0.00%,,,
05-Jun-24,17.54%,17.32%,11.36%,5.25%,15.32%,25.92%,0.40%,0.37%,3.60%,1.86%,,0.00%,,,
06-Jun-24,17.55%,17.31%,11.36%,5.26%,15.33%,25.89%,0.41%,0.37%,3.61%,1.86%,,0.00%,,,
07-Jun-24,17.55%,17.31%,11.36%,5.26%,15.34%,25.86%,0.41%,0.37%,3.63%,1.85%,,0.00%,,,
08-Jun-24,17.56%,17.30%,11.37%,5.26%,15.34%,25.83%,0.41%,0.37%,3.65%,1.85%,,0.00%,,,
09-Jun-24,17.56%,17.30%,11.37%,5.26%,15.35%,25.80%,0.41%,0.37%,3.67%,1.84%,,0.00%,,,
10-Jun-24,17.57%,17.29%,11.37%,5.26%,15.36%,25.77%,0.41%,0.37%,3.69%,1.84%,,0.00%,,,
11-Jun-24,17.57%,17.28%,11.38%,5.26%,15.37%,25.74%,0.41%,0.37%,3.71%,1.83%,,0.00%,,,
12-Jun-24,17.58%,17.27%,11.38%,5.26%,15.38%,25.72%,0.41%,0.37%,3.73%,1.83%,,0.00%,,,
13-Jun-24,17.58%,17.26%,11.38%,5.25%,15.39%,25.69%,0.41%,0.38%,3.75%,1.82%,,0.00%,,,
14-Jun-24,17.59%,17.25%,11.39%,5.25%,15.40%,25.67%,0.41%,0.38%,3.77%,1.81%,,0.00%,,,
15-Jun-24,17.60%,17.24%,11.39%,5.24%,15.41%,25.64%,0.41%,0.38%,3.79%,1.81%,,0.00%,,,
16-Jun-24,17.61%,17.22%,11.39%,5.23%,15.42%,25.62%,0.41%,0.38%,3.81%,1.80%,,0.00%,,,
17-Jun-24,17.62%,17.21%,11.40%,5.23%,15.43%,25.59%,0.41%,0.38%,3.83%,1.79%,,0.00%,,,
18-Jun-24,17.63%,17.19%,11.40%,5.22%,15.44%,25.57%,0.41%,0.39%,3.86%,1.78%,,0.00%,,,
19-Jun-24,17.65%,17.17%,11.40%,5.21%,15.45%,25.55%,0.41%,0.39%,3.88%,1.78%,,0.00%,,,
20-Jun-24,17.66%,17.15%,11.41%,5.19%,15.47%,25.52%,0.41%,0.39%,3.91%,1.77%,,0.00%,,,
21-Jun-24,17.67%,17.13%,11.41%,5.18%,15.48%,25.50%,0.41%,0.40%,3.94%,1.76%,,0.00%,,,
22-Jun-24,17.68%,17.11%,11.42%,5.16%,15.50%,25.48%,0.41%,0.40%,3.97%,1.75%,,0.00%,,,
23-Jun-24,17.69%,17.08%,11.43%,5.14%,15.51%,25.46%,0.41%,0.40%,4.00%,1.74%,,0.00%,,,
24-Jun-24,17.70%,17.05%,11.44%,5.12%,15.53%,25.44%,0.41%,0.40%,4.04%,1.73%,,0.00%,,,
25-Jun-24,17.72%,17.02%,11.45%,5.09%,15.55%,25.42%,0.41%,0.41%,4.07%,1.73%,,0.00%,,,
26-Jun-24,17.73%,16.98%,11.46%,5.07%,15.57%,25.40%,0.41%,0.41%,4.11%,1.72%,,0.00%,,,
27-Jun-24,17.74%,16.95%,11.47%,5.04%,15.59%,25.39%,0.41%,0.41%,4.15%,1.71%,,0.00%,,,
28-Jun-24,17.75%,16.91%,11.49%,5.02%,15.61%,25.37%,0.41%,0.41%,4.19%,1.70%,,0.00%,,,
29-Jun-24,17.75%,16.87%,11.50%,4.99%,15.63%,25.36%,0.41%,0.42%,4.23%,1.70%,,0.00%,,,
30-Jun-24,17.76%,16.83%,11.52%,4.96%,15.65%,25.35%,0.41%,0.42%,4.27%,1.69%,,0.00%,,,
01-Jul-24,17.77%,16.79%,11.53%,4.94%,15.67%,25.34%,0.41%,0.42%,4.31%,1.68%,,0.00%,,,
02-Jul-24,17.78%,16.75%,11.55%,4.91%,15.69%,25.34%,0.41%,0.42%,4.35%,1.68%,,0.00%,,,
03-Jul-24,17.78%,16.70%,11.57%,4.89%,15.71%,25.33%,0.41%,0.42%,4.39%,1.67%,,0.00%,,,
04-Jul-24,17.79%,16.66%,11.58%,4.86%,15.73%,25.33%,0.41%,0.42%,4.43%,1.67%,,0.00%,,,
05-Jul-24,17.79%,16.61%,11.60%,4.84%,15.74%,25.33%,0.41%,0.42%,4.47%,1.66%,,0.00%,,,
06-Jul-24,17.80%,16.57%,11.61%,4.81%,15.76%,25.33%,0.41%,0.42%,4.50%,1.66%,,0.00%,,,
07-Jul-24,17.81%,16.52%,11.63%,4.79%,15.78%,25.33%,0.41%,0.42%,4.54%,1.65%,,0.00%,,,
08-Jul-24,17.81%,16.48%,11.64%,4.77%,15.79%,25.34%,0.41%,0.42%,4.58%,1.65%,,0.00%,,,
09-Jul-24,17.82%,16.43%,11.65%,4.75%,15.80%,25.35%,0.41%,0.42%,4.61%,1.65%,,0.00%,,,
10-Jul-24,17.82%,16.38%,11.66%,4.73%,15.81%,25.36%,0.41%,0.42%,4.65%,1.64%,,0.00%,,,
11-Jul-24,17.83%,16.34%,11.68%,4.71%,15.82%,25.37%,0.40%,0.42%,4.68%,1.64%,,0.00%,,,
12-Jul-24,17.83%,16.29%,11.69%,4.69%,15.83%,25.39%,0.40%,0.42%,4.71%,1.64%,,0.00%,,,
13-Jul-24,17.83%,16.24%,11.70%,4.68%,15.84%,25.41%,0.40%,0.42%,4.75%,1.63%,,0.00%,,,
14-Jul-24,17.84%,16.19%,11.71%,4.66%,15.85%,25.42%,0.40%,0.42%,4.78%,1.63%,,0.00%,,,
15-Jul-24,17.84%,16.14%,11.72%,4.64%,15.85%,25.45%,0.40%,0.42%,4.81%,1.63%,,0.00%,,,
16-Jul-24,17.84%,16.09%,11.73%,4.62%,15.86%,25.47%,0.40%,0.42%,4.84%,1.63%,,0.00%,,,
17-Jul-24,17.84%,16.04%,11.74%,4.61%,15.87%,25.50%,0.40%,0.42%,4.87%,1.62%,,0.00%,,,
18-Jul-24,17.85%,15.98%,11.75%,4.59%,15.88%,25.52%,0.40%,0.42%,4.89%,1.62%,,0.00%,,,
19-Jul-24,17.85%,15.93%,11.76%,4.58%,15.88%,25.55%,0.40%,0.42%,4.92%,1.62%,,0.00%,,,
20-Jul-24,17.85%,15.87%,11.77%,4.56%,15.89%,25.58%,0.40%,0.42%,4.95%,1.61%,,0.00%,,,
21-Jul-24,17.84%,15.82%,11.78%,4.54%,15.90%,25.60%,0.40%,0.43%,4.97%,1.61%,,0.00%,,,
22-Jul-24,17.84%,15.76%,11.80%,4.53%,15.91%,25.63%,0.40%,0.44%,4.99%,1.60%,,0.00%,,,
23-Jul-24,17.84%,15.71%,11.82%,4.51%,15.93%,25.65%,0.40%,0.44%,5.01%,1.60%,,0.00%,,,
24-Jul-24,17.83%,15.66%,11.83%,4.49%,15.94%,25.68%,0.41%,0.45%,5.03%,1.59%,,0.00%,,,
25-Jul-24,17.83%,15.61%,11.85%,4.47%,15.95%,25.70%,0.41%,0.46%,5.05%,1.59%,,0.00%,,,
26-Jul-24,17.82%,15.55%,11.87%,4.45%,15.97%,25.73%,0.41%,0.47%,5.07%,1.58%,,0.00%,,,
27-Jul-24,17.81%,15.50%,11.89%,4.43%,15.99%,25.75%,0.42%,0.48%,5.08%,1.57%,,0.00%,,,
28-Jul-24,17.80%,15.45%,11.91%,4.41%,16.00%,25.78%,0.42%,0.49%,5.10%,1.57%,,0.00%,,,
29-Jul-24,17.79%,15.40%,11.93%,4.39%,16.03%,25.80%,0.42%,0.51%,5.11%,1.56%,,0.00%,,,
30-Jul-24,17.77%,15.35%,11.95%,4.37%,16.05%,25.83%,0.43%,0.52%,5.13%,1.55%,,0.00%,,,
31-Jul-24,17.76%,15.31%,11.97%,4.35%,16.07%,25.85%,0.43%,0.54%,5.14%,1.54%,,0.00%,,,
01-Aug-24,17.74%,15.26%,11.99%,4.33%,16.10%,25.88%,0.43%,0.55%,5.15%,1.53%,,0.00%,,,
02-Aug-24,17.72%,15.21%,12.01%,4.31%,16.12%,25.90%,0.43%,0.57%,5.16%,1.52%,,0.00%,,,
03-Aug-24,17.70%,15.17%,12.03%,4.28%,16.15%,25.93%,0.44%,0.58%,5.18%,1.51%,,0.00%,,,
04-Aug-24,17.68%,15.12%,12.05%,4.26%,16.18%,25.96%,0.44%,0.60%,5.19%,1.50%,,0.00%,,,
05-Aug-24,17.66%,15.08%,12.07%,4.24%,16.21%,26.00%,0.44%,0.61%,5.20%,1.49%,,0.00%,,,
06-Aug-24,17.63%,15.04%,12.09%,4.21%,16.24%,26.03%,0.44%,0.63%,5.21%,1.48%,,0.00%,,,
07-Aug-24,17.61%,14.99%,12.10%,4.19%,16.27%,26.06%,0.44%,0.64%,5.22%,1.47%,,0.00%,,,
08-Aug-24,17.58%,14.94%,12.12%,4.17%,16.30%,26.10%,0.44%,0.65%,5.23%,1.46%,,0.00%,,,
09-Aug-24,17.56%,14.90%,12.13%,4.15%,16.33%,26.14%,0.44%,0.67%,5.24%,1.44%,1.59%,0.00%,,,
10-Aug-24,17.53%,14.85%,12.14%,4.12%,16.37%,26.18%,0.44%,0.68%,5.25%,1.43%,1.60%,0.00%,,,
11-Aug-24,17.51%,14.80%,12.16%,4.10%,16.40%,26.21%,0.44%,0.69%,5.26%,1.42%,1.59%,0.00%,,,
12-Aug-24,17.48%,14.75%,12.17%,4.08%,16.43%,26.24%,0.44%,0.71%,5.27%,1.41%,1.58%,0.00%,,,
13-Aug-24,17.45%,14.71%,12.18%,4.06%,16.46%,26.28%,0.43%,0.72%,5.28%,1.40%,1.57%,0.00%,,,
14-Aug-24,17.43%,14.65%,12.19%,4.03%,16.50%,26.31%,0.43%,0.73%,5.29%,1.39%,1.57%,0.00%,,,
15-Aug-24,17.40%,14.60%,12.20%,4.01%,16.53%,26.34%,0.43%,0.75%,5.30%,1.39%,1.57%,0.00%,,,
16-Aug-24,17.38%,14.55%,12.21%,3.99%,16.56%,26.36%,0.43%,0.76%,5.31%,1.38%,1.57%,0.00%,,,
17-Aug-24,17.35%,14.50%,12.22%,3.97%,16.60%,26.39%,0.42%,0.78%,5.33%,1.37%,1.57%,0.00%,,,
18-Aug-24,17.33%,14.44%,12.23%,3.95%,16.63%,26.41%,0.42%,0.79%,5.34%,1.36%,1.58%,0.00%,,,
19-Aug-24,17.30%,14.38%,12.24%,3.93%,16.66%,26.43%,0.42%,0.81%,5.36%,1.35%,1.58%,0.00%,,,
20-Aug-24,17.28%,14.33%,12.25%,3.92%,16.69%,26.45%,0.41%,0.82%,5.37%,1.35%,1.59%,0.00%,,,
21-Aug-24,17.26%,14.27%,12.25%,3.90%,16.72%,26.47%,0.41%,0.84%,5.39%,1.34%,1.60%,0.00%,,,
22-Aug-24,17.24%,14.21%,12.26%,3.88%,16.75%,26.48%,0.40%,0.85%,5.40%,1.33%,1.62%,0.00%,,,
23-Aug-24,17.22%,14.15%,12.27%,3.86%,16.78%,26.49%,0.40%,0.87%,5.42%,1.33%,1.64%,0.00%,,,
24-Aug-24,17.20%,14.09%,12.28%,3.84%,16.81%,26.49%,0.39%,0.89%,5.44%,1.32%,1.66%,0.00%,,,
25-Aug-24,17.18%,14.03%,12.28%,3.83%,16.83%,26.50%,0.39%,0.90%,5.46%,1.32%,1.69%,0.00%,,,
26-Aug-24,17.17%,13.97%,12.29%,3.81%,16.86%,26.51%,0.38%,0.92%,5.48%,1.31%,1.72%,0.00%,,,
27-Aug-24,17.15%,13.91%,12.30%,3.79%,16.88%,26.52%,0.38%,0.94%,5.50%,1.31%,1.74%,0.00%,,,
28-Aug-24,17.14%,13.85%,12.30%,3.78%,16.90%,26.53%,0.37%,0.95%,5.51%,1.30%,1.78%,0.00%,,,
29-Aug-24,17.13%,13.79%,12.31%,3.76%,16.92%,26.53%,0.37%,0.97%,5.53%,1.30%,1.81%,0.00%,,,
30-Aug-24,17.12%,13.73%,12.32%,3.74%,16.94%,26.54%,0.36%,0.99%,5.55%,1.29%,1.84%,0.00%,,,
31-Aug-24,17.11%,13.67%,12.33%,3.73%,16.95%,26.55%,0.36%,1.00%,5.57%,1.28%,1.87%,0.00%,,,
01-Sep-24,17.11%,13.61%,12.34%,3.71%,16.97%,26.55%,0.35%,1.02%,5.58%,1.28%,1.91%,0.00%,,,
02-Sep-24,17.10%,13.55%,12.35%,3.69%,16.98%,26.56%,0.35%,1.03%,5.60%,1.27%,1.94%,0.00%,,,
03-Sep-24,17.10%,13.50%,12.36%,3.67%,16.99%,26.57%,0.34%,1.05%,5.61%,1.27%,1.98%,0.00%,,,
04-Sep-24,17.10%,13.44%,12.37%,3.66%,17.00%,26.58%,0.34%,1.06%,5.63%,1.26%,2.01%,0.00%,,,
05-Sep-24,17.10%,13.39%,12.39%,3.64%,17.00%,26.59%,0.33%,1.07%,5.64%,1.26%,2.04%,0.00%,,,
06-Sep-24,17.10%,13.33%,12.40%,3.62%,17.01%,26.61%,0.33%,1.09%,5.65%,1.25%,2.07%,0.00%,,,
07-Sep-24,17.10%,13.28%,12.41%,3.60%,17.01%,26.62%,0.32%,1.10%,5.66%,1.25%,2.10%,0.00%,,,
08-Sep-24,17.10%,13.22%,12.43%,3.58%,17.02%,26.64%,0.32%,1.11%,5.68%,1.24%,2.12%,0.00%,,,
09-Sep-24,17.10%,13.17%,12.44%,3.56%,17.02%,26.66%,0.31%,1.12%,5.69%,1.24%,2.14%,0.00%,,,
10-Sep-24,17.11%,13.12%,12.46%,3.54%,17.02%,26.68%,0.31%,1.13%,5.70%,1.23%,2.17%,0.00%,,,
11-Sep-24,17.11%,13.07%,12.47%,3.52%,17.02%,26.70%,0.30%,1.14%,5.71%,1.22%,2.19%,0.00%,,,
12-Sep-24,17.12%,13.02%,12.49%,3.50%,17.02%,26.71%,0.30%,1.15%,5.72%,1.22%,2.20%,0.00%,,,
13-Sep-24,17.12%,12.97%,12.51%,3.48%,17.02%,26.73%,0.29%,1.16%,5.73%,1.21%,2.22%,0.00%,,,
14-Sep-24,17.13%,12.93%,12.53%,3.47%,17.01%,26.75%,0.29%,1.17%,5.74%,1.21%,2.24%,0.00%,,,
15-Sep-24,17.13%,12.88%,12.54%,3.45%,17.01%,26.77%,0.28%,1.17%,5.74%,1.20%,2.25%,0.00%,,,
16-Sep-24,17.14%,12.84%,12.56%,3.44%,17.00%,26.79%,0.28%,1.18%,5.75%,1.20%,2.26%,0.00%,,,
17-Sep-24,17.14%,12.79%,12.58%,3.42%,17.00%,26.80%,0.28%,1.19%,5.76%,1.19%,2.28%,0.00%,,,
18-Sep-24,17.15%,12.75%,12.60%,3.41%,16.99%,26.82%,0.27%,1.20%,5.77%,1.19%,2.29%,0.00%,,,
19-Sep-24,17.15%,12.70%,12.62%,3.40%,16.98%,26.83%,0.27%,1.20%,5.78%,1.19%,2.30%,0.00%,,,
20-Sep-24,17.16%,12.66%,12.64%,3.39%,16.97%,26.85%,0.27%,1.21%,5.78%,1.18%,2.31%,0.00%,,,
21-Sep-24,17.16%,12.62%,12.66%,3.38%,16.96%,26.86%,0.27%,1.22%,5.79%,1.18%,2.32%,0.00%,,,
22-Sep-24,17.16%,12.58%,12.68%,3.37%,16.95%,26.87%,0.26%,1.23%,5.79%,1.18%,2.33%,0.00%,,,
23-Sep-24,17.16%,12.54%,12.71%,3.36%,16.94%,26.88%,0.26%,1.23%,5.80%,1.17%,2.34%,0.00%,,,
24-Sep-24,17.16%,12.49%,12.73%,3.36%,16.93%,26.89%,0.26%,1.24%,5.80%,1.17%,2.35%,0.00%,,,
25-Sep-24,17.16%,12.45%,12.76%,3.35%,16.92%,26.89%,0.26%,1.25%,5.80%,1.17%,2.37%,0.00%,,,
26-Sep-24,17.15%,12.41%,12.78%,3.35%,16.91%,26.90%,0.27%,1.26%,5.81%,1.17%,2.38%,0.00%,,,
27-Sep-24,17.15%,12.37%,12.80%,3.35%,16.90%,26.90%,0.27%,1.27%,5.81%,1.17%,2.39%,0.00%,,,
28-Sep-24,17.15%,12.33%,12.83%,3.35%,16.88%,26.90%,0.27%,1.28%,5.80%,1.17%,2.40%,0.00%,,,
29-Sep-24,17.15%,12.29%,12.85%,3.36%,16.87%,26.90%,0.27%,1.29%,5.80%,1.17%,2.41%,0.00%,,,
30-Sep-24,17.15%,12.26%,12.87%,3.36%,16.86%,26.90%,0.27%,1.30%,5.79%,1.17%,2.42%,0.00%,,,
01-Oct-24,17.15%,12.22%,12.89%,3.37%,16.84%,26.90%,0.28%,1.31%,5.79%,1.17%,2.43%,0.00%,,,
02-Oct-24,17.15%,12.18%,12.91%,3.37%,16.83%,26.90%,0.28%,1.32%,5.78%,1.17%,2.44%,0.00%,,,
03-Oct-24,17.15%,12.15%,12.92%,3.38%,16.81%,26.89%,0.28%,1.34%,5.77%,1.17%,2.45%,0.00%,,,
04-Oct-24,17.15%,12.12%,12.94%,3.39%,16.80%,26.89%,0.29%,1.35%,5.76%,1.17%,2.46%,0.00%,,,
05-Oct-24,17.16%,12.08%,12.95%,3.40%,16.78%,26.88%,0.29%,1.36%,5.75%,1.17%,2.47%,0.00%,,,
06-Oct-24,17.16%,12.06%,12.97%,3.41%,16.76%,26.88%,0.30%,1.38%,5.73%,1.17%,2.47%,0.00%,,,
07-Oct-24,17.17%,12.03%,12.98%,3.42%,16.75%,26.87%,0.30%,1.39%,5.72%,1.18%,2.48%,0.00%,,,
08-Oct-24,17.18%,12.00%,12.99%,3.43%,16.73%,26.86%,0.30%,1.40%,5.70%,1.18%,2.48%,0.00%,,,
09-Oct-24,17.19%,11.98%,13.00%,3.44%,16.71%,26.85%,0.31%,1.42%,5.69%,1.18%,2.49%,0.00%,,,
10-Oct-24,17.20%,11.95%,13.00%,3.46%,16.69%,26.84%,0.31%,1.43%,5.67%,1.18%,2.49%,0.00%,,,
11-Oct-24,17.21%,11.93%,13.01%,3.47%,16.67%,26.83%,0.31%,1.45%,5.65%,1.18%,2.50%,0.00%,,,
12-Oct-24,17.23%,11.91%,13.01%,3.48%,16.65%,26.82%,0.31%,1.46%,5.63%,1.18%,2.50%,0.00%,,,
13-Oct-24,17.24%,11.89%,13.01%,3.49%,16.63%,26.81%,0.32%,1.48%,5.62%,1.18%,2.50%,0.00%,,,
14-Oct-24,17.26%,11.87%,13.01%,3.50%,16.61%,26.80%,0.32%,1.50%,5.60%,1.18%,2.50%,0.00%,,,
15-Oct-24,17.27%,11.85%,13.01%,3.52%,16.59%,26.79%,0.32%,1.51%,5.58%,1.18%,2.50%,0.00%,,,
16-Oct-24,17.29%,11.83%,13.00%,3.53%,16.57%,26.78%,0.32%,1.53%,5.57%,1.18%,2.49%,0.00%,,,
17-Oct-24,17.30%,11.82%,13.00%,3.54%,16.55%,26.77%,0.32%,1.55%,5.55%,1.18%,2.49%,0.00%,,,
18-Oct-24,17.32%,11.80%,12.99%,3.55%,16.53%,26.76%,0.33%,1.56%,5.54%,1.18%,2.49%,0.00%,,,
19-Oct-24,17.33%,11.79%,12.98%,3.55%,16.51%,26.74%,0.33%,1.58%,5.53%,1.18%,2.48%,0.00%,,,
20-Oct-24,17.35%,11.78%,12.98%,3.56%,16.49%,26.72%,0.33%,1.60%,5.51%,1.18%,2.48%,0.00%,,,
21-Oct-24,17.36%,11.77%,12.97%,3.57%,16.47%,26.70%,0.33%,1.62%,5.50%,1.18%,2.47%,0.00%,,,
22-Oct-24,17.38%,11.76%,12.96%,3.58%,16.45%,26.68%,0.33%,1.64%,5.49%,1.18%,2.47%,0.00%,,,
23-Oct-24,17.39%,11.76%,12.95%,3.58%,16.44%,26.66%,0.34%,1.65%,5.49%,1.19%,2.46%,0.00%,,,
24-Oct-24,17.41%,11.75%,12.94%,3.59%,16.42%,26.63%,0.34%,1.67%,5.48%,1.19%,2.45%,0.00%,,,
25-Oct-24,17.42%,11.75%,12.93%,3.60%,16.41%,26.61%,0.34%,1.69%,5.47%,1.19%,2.45%,0.00%,,,
26-Oct-24,17.43%,11.75%,12.92%,3.60%,16.39%,26.58%,0.34%,1.71%,5.47%,1.19%,2.44%,0.00%,,,
27-Oct-24,17.45%,11.75%,12.91%,3.61%,16.37%,26.55%,0.34%,1.72%,5.47%,1.19%,2.44%,0.00%,,,
28-Oct-24,17.46%,11.75%,12.90%,3.61%,16.36%,26.52%,0.34%,1.73%,5.47%,1.20%,2.43%,0.00%,,,
29-Oct-24,17.47%,11.75%,12.90%,3.61%,16.34%,26.49%,0.34%,1.74%,5.47%,1.20%,2.42%,0.00%,,,
30-Oct-24,17.48%,11.76%,12.89%,3.62%,16.33%,26.46%,0.34%,1.75%,5.47%,1.21%,2.42%,0.00%,,,
31-Oct-24,17.50%,11.76%,12.89%,3.62%,16.31%,26.43%,0.34%,1.76%,5.47%,1.21%,2.41%,0.00%,,,
01-Nov-24,17.51%,11.76%,12.88%,3.63%,16.29%,26.40%,0.34%,1.77%,5.47%,1.22%,2.40%,0.00%,,,
02-Nov-24,17.52%,11.76%,12.88%,3.64%,16.28%,26.37%,0.34%,1.78%,5.48%,1.22%,2.40%,0.00%,,,
03-Nov-24,17.53%,11.76%,12.87%,3.65%,16.26%,26.34%,0.34%,1.78%,5.48%,1.23%,2.39%,0.00%,,,
04-Nov-24,17.55%,11.76%,12.87%,3.65%,16.24%,26.31%,0.34%,1.78%,5.49%,1.24%,2.38%,0.00%,,,
05-Nov-24,17.56%,11.76%,12.86%,3.66%,16.23%,26.28%,0.33%,1.79%,5.49%,1.24%,2.37%,0.00%,,,
06-Nov-24,17.57%,11.76%,12.86%,3.68%,16.21%,26.26%,0.33%,1.79%,5.50%,1.25%,2.36%,0.00%,,,
07-Nov-24,17.59%,11.75%,12.86%,3.69%,16.19%,26.24%,0.33%,1.78%,5.50%,1.26%,2.36%,0.00%,,,
08-Nov-24,17.60%,11.75%,12.85%,3.70%,16.17%,26.22%,0.32%,1.78%,5.51%,1.26%,2.35%,0.00%,,,
09-Nov-24,17.62%,11.74%,12.85%,3.71%,16.15%,26.20%,0.32%,1.78%,5.52%,1.27%,2.34%,0.00%,,,
10-Nov-24,17.63%,11.73%,12.85%,3.73%,16.13%,26.18%,0.32%,1.78%,5.52%,1.27%,2.33%,0.00%,,,
11-Nov-24,17.64%,11.72%,12.85%,3.75%,16.11%,26.16%,0.31%,1.78%,5.53%,1.28%,2.32%,0.00%,,,
12-Nov-24,17.66%,11.71%,12.85%,3.76%,16.09%,26.14%,0.31%,1.78%,5.54%,1.29%,2.31%,0.00%,,,
13-Nov-24,17.68%,11.70%,12.85%,3.78%,16.07%,26.12%,0.30%,1.78%,5.54%,1.29%,2.30%,0.00%,,,
14-Nov-24,17.69%,11.69%,12.85%,3.80%,16.04%,26.11%,0.30%,1.78%,5.55%,1.30%,2.29%,0.00%,,,
15-Nov-24,17.71%,11.68%,12.86%,3.82%,16.02%,26.09%,0.30%,1.78%,5.55%,1.30%,2.28%,0.00%,,,
16-Nov-24,17.72%,11.67%,12.86%,3.83%,16.00%,26.07%,0.29%,1.78%,5.56%,1.31%,2.27%,0.00%,,,
17-Nov-24,17.74%,11.66%,12.87%,3.85%,15.97%,26.06%,0.29%,1.78%,5.56%,1.31%,2.26%,0.00%,,,
18-Nov-24,17.75%,11.65%,12.88%,3.87%,15.94%,26.05%,0.28%,1.78%,5.56%,1.32%,2.26%,0.00%,,,
19-Nov-24,17.77%,11.63%,12.88%,3.89%,15.92%,26.03%,0.28%,1.78%,5.57%,1.32%,2.25%,0.00%,,,
20-Nov-24,17.78%,11.62%,12.90%,3.91%,15.89%,26.03%,0.28%,1.78%,5.57%,1.33%,2.25%,0.00%,,,
21-Nov-24,17.80%,11.62%,12.91%,3.93%,15.86%,26.02%,0.27%,1.78%,5.57%,1.33%,2.25%,0.00%,,,
22-Nov-24,17.81%,11.61%,12.92%,3.95%,15.83%,26.01%,0.27%,1.77%,5.57%,1.33%,2.24%,0.00%,,,
23-Nov-24,17.83%,11.60%,12.94%,3.96%,15.80%,26.00%,0.27%,1.77%,5.57%,1.34%,2.24%,0.00%,,,
24-Nov-24,17.84%,11.60%,12.95%,3.98%,15.77%,25.99%,0.27%,1.77%,5.57%,1.34%,2.23%,0.00%,,,
25-Nov-24,17.85%,11.60%,12.97%,4.00%,15.74%,25.98%,0.26%,1.77%,5.57%,1.34%,2.23%,0.00%,,,
26-Nov-24,17.87%,11.60%,12.99%,4.02%,15.71%,25.97%,0.26%,1.77%,5.57%,1.34%,2.23%,0.00%,,,
27-Nov-24,17.88%,11.60%,13.01%,4.03%,15.68%,25.96%,0.26%,1.77%,5.56%,1.34%,2.22%,0.00%,,,
28-Nov-24,17.89%,11.60%,13.03%,4.05%,15.65%,25.96%,0.26%,1.77%,5.56%,1.34%,2.22%,0.00%,,,
29-Nov-24,17.91%,11.61%,13.05%,4.07%,15.62%,25.95%,0.26%,1.77%,5.56%,1.34%,2.21%,0.00%,,,
30-Nov-24,17.92%,11.61%,13.07%,4.08%,15.59%,25.94%,0.26%,1.77%,5.56%,1.34%,2.21%,0.00%,,,
01-Dec-24,17.93%,11.62%,13.09%,4.09%,15.56%,25.94%,0.26%,1.77%,5.56%,1.34%,2.21%,0.00%,,,
02-Dec-24,17.94%,11.63%,13.11%,4.11%,15.52%,25.93%,0.25%,1.77%,5.56%,1.34%,2.20%,0.00%,,,
03-Dec-24,17.95%,11.65%,13.13%,4.12%,15.49%,25.92%,0.25%,1.77%,5.56%,1.34%,2.19%,0.00%,,,
04-Dec-24,17.96%,11.66%,13.15%,4.13%,15.46%,25.91%,0.25%,1.77%,5.56%,1.34%,2.19%,0.00%,,,
05-Dec-24,17.97%,11.68%,13.16%,4.14%,15.42%,25.90%,0.25%,1.77%,5.56%,1.34%,2.18%,0.00%,,,
06-Dec-24,17.99%,11.70%,13.18%,4.15%,15.39%,25.89%,0.25%,1.77%,5.56%,1.33%,2.17%,0.00%,,,
07-Dec-24,18.00%,11.72%,13.20%,4.16%,15.35%,25.88%,0.25%,1.78%,5.56%,1.33%,2.16%,0.00%,,,
08-Dec-24,18.01%,11.74%,13.21%,4.17%,15.31%,25.87%,0.25%,1.78%,5.56%,1.33%,2.15%,0.00%,,,
09-Dec-24,18.02%,11.76%,13.22%,4.18%,15.28%,25.86%,0.25%,1.78%,5.56%,1.33%,2.14%,0.00%,,,
10-Dec-24,18.03%,11.78%,13.24%,4.18%,15.24%,25.85%,0.25%,1.78%,5.56%,1.33%,2.13%,0.00%,,,
11-Dec-24,18.05%,11.80%,13.25%,4.19%,15.20%,25.85%,0.25%,1.78%,5.56%,1.33%,2.11%,0.00%,,,
12-Dec-24,18.06%,11.83%,13.26%,4.20%,15.16%,25.84%,0.25%,1.78%,5.56%,1.32%,2.10%,0.00%,,,
13-Dec-24,18.07%,11.85%,13.27%,4.20%,15.12%,25.84%,0.25%,1.78%,5.56%,1.32%,2.09%,0.00%,,,
14-Dec-24,18.08%,11.87%,13.28%,4.21%,15.08%,25.84%,0.25%,1.78%,5.56%,1.32%,2.07%,0.00%,,,
15-Dec-24,18.09%,11.90%,13.29%,4.21%,15.04%,25.83%,0.25%,1.78%,5.57%,1.32%,2.06%,0.00%,,,
16-Dec-24,18.10%,11.92%,13.29%,4.22%,15.00%,25.83%,0.25%,1.78%,5.57%,1.32%,2.05%,0.00%,,,
17-Dec-24,18.10%,11.94%,13.30%,4.22%,14.96%,25.83%,0.25%,1.78%,5.57%,1.32%,2.04%,0.00%,,,
18-Dec-24,18.11%,11.97%,13.31%,4.22%,14.93%,25.83%,0.25%,1.78%,5.57%,1.32%,2.02%,0.00%,,,
19-Dec-24,18.11%,11.99%,13.32%,4.22%,14.89%,25.83%,0.25%,1.78%,5.57%,1.33%,2.01%,0.00%,,,
20-Dec-24,18.12%,12.01%,13.33%,4.22%,14.85%,25.83%,0.25%,1.78%,5.58%,1.33%,2.00%,0.00%,,,
21-Dec-24,18.12%,12.03%,13.34%,4.23%,14.82%,25.83%,0.25%,1.77%,5.58%,1.33%,1.99%,0.00%,,,
22-Dec-24,18.12%,12.05%,13.35%,4.22%,14.78%,25.84%,0.25%,1.77%,5.58%,1.33%,1.98%,0.00%,,,
23-Dec-24,18.12%,12.07%,13.36%,4.22%,14.75%,25.84%,0.25%,1.77%,5.59%,1.34%,1.97%,0.00%,,,
24-Dec-24,18.12%,12.09%,13.37%,4.22%,14.72%,25.85%,0.25%,1.77%,5.59%,1.34%,1.97%,0.00%,,,
25-Dec-24,18.12%,12.10%,13.38%,4.21%,14.68%,25.85%,0.25%,1.77%,5.59%,1.35%,1.96%,0.00%,,,
26-Dec-24,18.12%,12.12%,13.39%,4.21%,14.65%,25.86%,0.25%,1.77%,5.59%,1.35%,1.95%,0.00%,,,
27-Dec-24,18.11%,12.14%,13.40%,4.20%,14.63%,25.87%,0.25%,1.77%,5.60%,1.36%,1.94%,0.00%,,,
28-Dec-24,18.11%,12.16%,13.40%,4.19%,14.60%,25.88%,0.25%,1.77%,5.60%,1.36%,1.94%,0.00%,,,
29-Dec-24,18.10%,12.18%,13.41%,4.18%,14.57%,25.89%,0.25%,1.76%,5.60%,1.37%,1.93%,0.00%,,,
30-Dec-24,18.10%,12.20%,13.42%,4.17%,14.55%,25.90%,0.25%,1.76%,5.60%,1.38%,1.92%,0.00%,,,
31-Dec-24,18.10%,12.22%,13.43%,4.16%,14.52%,25.91%,0.25%,1.76%,5.60%,1.38%,1.91%,0.00%,,,
01-Jan-25,18.09%,12.25%,13.44%,4.15%,14.50%,25.92%,0.24%,1.75%,5.60%,1.39%,1.90%,0.00%,,,
02-Jan-25,18.09%,12.27%,13.45%,4.14%,14.48%,25.94%,0.24%,1.75%,5.61%,1.40%,1.89%,0.00%,,,
03-Jan-25,18.08%,12.30%,13.45%,4.13%,14.45%,25.95%,0.24%,1.74%,5.61%,1.40%,1.89%,0.00%,,,
04-Jan-25,18.08%,12.32%,13.46%,4.12%,14.43%,25.97%,0.24%,1.74%,5.61%,1.41%,1.88%,0.00%,,,
05-Jan-25,18.08%,12.35%,13.47%,4.11%,14.41%,25.99%,0.23%,1.73%,5.61%,1.42%,1.87%,0.00%,,,
06-Jan-25,18.07%,12.38%,13.48%,4.09%,14.39%,26.00%,0.23%,1.72%,5.60%,1.42%,1.86%,0.00%,,,
07-Jan-25,18.07%,12.42%,13.48%,4.08%,14.36%,26.02%,0.23%,1.72%,5.60%,1.43%,1.85%,0.00%,,,
08-Jan-25,18.06%,12.45%,13.49%,4.07%,14.34%,26.03%,0.22%,1.71%,5.60%,1.44%,1.84%,0.00%,,,
09-Jan-25,18.06%,12.49%,13.50%,4.06%,14.32%,26.05%,0.22%,1.70%,5.60%,1.45%,1.82%,0.00%,,,
10-Jan-25,18.05%,12.53%,13.51%,4.04%,14.29%,26.07%,0.22%,1.69%,5.59%,1.45%,1.81%,0.00%,,,
11-Jan-25,18.05%,12.57%,13.51%,4.03%,14.27%,26.09%,0.21%,1.68%,5.59%,1.46%,1.80%,0.00%,,,
12-Jan-25,18.05%,12.61%,13.52%,4.02%,14.25%,26.11%,0.21%,1.67%,5.58%,1.47%,1.78%,0.00%,,,
13-Jan-25,18.04%,12.65%,13.53%,4.00%,14.22%,26.12%,0.20%,1.66%,5.58%,1.48%,1.77%,0.00%,,,
14-Jan-25,18.04%,12.69%,13.54%,3.99%,14.20%,26.14%,0.20%,1.65%,5.57%,1.48%,1.75%,0.00%,,,
15-Jan-25,18.03%,12.74%,13.55%,3.97%,14.18%,26.16%,0.20%,1.64%,5.57%,1.49%,1.73%,0.00%,,,
16-Jan-25,18.03%,12.78%,13.55%,3.95%,14.15%,26.18%,0.19%,1.63%,5.56%,1.50%,1.72%,0.00%,,,
17-Jan-25,18.03%,12.82%,13.56%,3.94%,14.13%,26.20%,0.19%,1.63%,5.55%,1.50%,1.70%,0.00%,,,
18-Jan-25,18.03%,12.87%,13.57%,3.92%,14.11%,26.22%,0.18%,1.62%,5.54%,1.51%,1.68%,0.00%,,,
19-Jan-25,18.03%,12.91%,13.58%,3.90%,14.09%,26.24%,0.18%,1.61%,5.53%,1.52%,1.66%,0.00%,,,
20-Jan-25,18.02%,12.96%,13.60%,3.88%,14.06%,26.26%,0.18%,1.60%,5.52%,1.52%,1.65%,0.00%,,,
21-Jan-25,18.02%,13.00%,13.61%,3.87%,14.04%,26.29%,0.18%,1.59%,5.51%,1.53%,1.63%,0.00%,,,
22-Jan-25,18.02%,13.05%,13.63%,3.85%,14.02%,26.31%,0.17%,1.58%,5.51%,1.53%,1.61%,0.00%,,,
23-Jan-25,18.01%,13.09%,13.65%,3.83%,13.99%,26.32%,0.17%,1.57%,5.50%,1.54%,1.60%,0.00%,,,
24-Jan-25,18.01%,13.13%,13.67%,3.81%,13.97%,26.34%,0.17%,1.56%,5.49%,1.54%,1.58%,0.00%,,,
25-Jan-25,18.00%,13.17%,13.68%,3.80%,13.96%,26.36%,0.16%,1.55%,5.49%,1.55%,1.56%,0.00%,,,
26-Jan-25,18.00%,13.20%,13.70%,3.78%,13.94%,26.37%,0.16%,1.55%,5.48%,1.55%,1.55%,0.00%,,,
27-Jan-25,17.99%,13.23%,13.72%,3.77%,13.92%,26.39%,0.16%,1.54%,5.48%,1.56%,1.53%,0.00%,,,
28-Jan-25,17.98%,13.27%,13.74%,3.76%,13.91%,26.40%,0.15%,1.53%,5.48%,1.56%,1.52%,0.00%,,,
29-Jan-25,17.97%,13.30%,13.76%,3.75%,13.89%,26.41%,0.15%,1.53%,5.48%,1.56%,1.50%,0.00%,,,
30-Jan-25,17.97%,13.33%,13.78%,3.74%,13.87%,26.42%,0.15%,1.52%,5.48%,1.57%,1.49%,0.00%,,,
31-Jan-25,17.96%,13.35%,13.80%,3.73%,13.86%,26.43%,0.14%,1.52%,5.48%,1.57%,1.48%,0.00%,,,
01-Feb-25,17.95%,13.38%,13.82%,3.72%,13.84%,26.44%,0.14%,1.51%,5.48%,1.58%,1.47%,0.00%,,,
02-Feb-25,17.94%,13.40%,13.84%,3.71%,13.83%,26.45%,0.14%,1.51%,5.48%,1.58%,1.45%,0.00%,,,
03-Feb-25,17.93%,13.42%,13.85%,3.71%,13.82%,26.46%,0.13%,1.51%,5.49%,1.58%,1.44%,0.00%,,,
04-Feb-25,17.92%,13.44%,13.87%,3.70%,13.80%,26.47%,0.13%,1.51%,5.49%,1.59%,1.43%,0.00%,,,
05-Feb-25,17.92%,13.46%,13.88%,3.70%,13.79%,26.47%,0.12%,1.51%,5.50%,1.59%,1.42%,0.00%,,,
06-Feb-25,17.91%,13.48%,13.89%,3.70%,13.78%,26.48%,0.12%,1.51%,5.51%,1.59%,1.40%,0.00%,,,
07-Feb-25,17.90%,13.50%,13.90%,3.69%,13.77%,26.49%,0.11%,1.51%,5.52%,1.59%,1.39%,0.00%,,,
08-Feb-25,17.90%,13.51%,13.91%,3.69%,13.76%,26.50%,0.11%,1.51%,5.53%,1.60%,1.38%,0.00%,,,
09-Feb-25,17.89%,13.53%,13.91%,3.68%,13.74%,26.51%,0.11%,1.51%,5.53%,1.60%,1.37%,0.00%,,,
10-Feb-25,17.89%,13.55%,13.92%,3.67%,13.73%,26.51%,0.10%,1.51%,5.54%,1.60%,1.36%,0.00%,,,
11-Feb-25,17.89%,13.57%,13.92%,3.67%,13.71%,26.52%,0.10%,1.51%,5.55%,1.60%,1.35%,0.00%,,,
12-Feb-25,17.89%,13.59%,13.93%,3.66%,13.70%,26.53%,0.09%,1.52%,5.56%,1.60%,1.34%,0.00%,,,
13-Feb-25,17.89%,13.62%,13.93%,3.65%,13.68%,26.54%,0.09%,1.52%,5.57%,1.60%,1.33%,0.00%,,,
14-Feb-25,17.89%,13.64%,13.93%,3.64%,13.66%,26.55%,0.09%,1.52%,5.58%,1.60%,1.32%,0.00%,,,
15-Feb-25,17.88%,13.67%,13.93%,3.63%,13.64%,26.56%,0.08%,1.52%,5.59%,1.60%,1.31%,0.00%,,,
16-Feb-25,17.88%,13.69%,13.94%,3.62%,13.63%,26.57%,0.08%,1.53%,5.60%,1.60%,1.30%,0.00%,,,
17-Feb-25,17.88%,13.72%,13.94%,3.60%,13.61%,26.57%,0.08%,1.53%,5.60%,1.60%,1.29%,0.00%,,,
18-Feb-25,17.88%,13.75%,13.94%,3.59%,13.59%,26.58%,0.07%,1.53%,5.61%,1.60%,1.28%,0.00%,,,
19-Feb-25,17.88%,13.78%,13.94%,3.58%,13.57%,26.59%,0.07%,1.53%,5.62%,1.60%,1.27%,0.00%,,,
20-Feb-25,17.88%,13.81%,13.94%,3.56%,13.55%,26.59%,0.07%,1.53%,5.63%,1.60%,1.27%,0.00%,,,
21-Feb-25,17.88%,13.84%,13.94%,3.55%,13.54%,26.60%,0.07%,1.54%,5.64%,1.60%,1.26%,0.00%,,,
22-Feb-25,17.88%,13.87%,13.94%,3.53%,13.52%,26.60%,0.07%,1.54%,5.65%,1.60%,1.25%,0.00%,,,
23-Feb-25,17.88%,13.91%,13.94%,3.52%,13.50%,26.61%,0.07%,1.54%,5.66%,1.59%,1.24%,0.00%,,,
24-Feb-25,17.87%,13.94%,13.94%,3.50%,13.48%,26.61%,0.06%,1.54%,5.67%,1.59%,1.24%,0.00%,,,
25-Feb-25,17.87%,13.98%,13.94%,3.48%,13.47%,26.61%,0.06%,1.54%,5.68%,1.59%,1.23%,0.00%,,,
26-Feb-25,17.86%,14.01%,13.94%,3.47%,13.45%,26.62%,0.06%,1.54%,5.69%,1.58%,1.22%,0.00%,,,
27-Feb-25,17.85%,14.05%,13.94%,3.45%,13.43%,26.62%,0.06%,1.54%,5.71%,1.58%,1.22%,0.00%,,,
28-Feb-25,17.84%,14.08%,13.95%,3.44%,13.42%,26.62%,0.06%,1.54%,5.72%,1.58%,1.21%,0.00%,,,
01-Mar-25,17.83%,14.12%,13.95%,3.42%,13.40%,26.63%,0.06%,1.54%,5.73%,1.57%,1.20%,0.00%,,,
02-Mar-25,17.82%,14.15%,13.95%,3.40%,13.38%,26.64%,0.06%,1.54%,5.74%,1.57%,1.20%,0.00%,,,
03-Mar-25,17.81%,14.19%,13.96%,3.39%,13.37%,26.64%,0.06%,1.54%,5.75%,1.56%,1.19%,0.00%,,,
04-Mar-25,17.79%,14.22%,13.96%,3.37%,13.35%,26.66%,0.06%,1.53%,5.76%,1.56%,1.18%,0.00%,,,
05-Mar-25,17.77%,14.26%,13.97%,3.36%,13.33%,26.67%,0.06%,1.53%,5.77%,1.55%,1.18%,0.00%,,,
06-Mar-25,17.76%,14.29%,13.97%,3.34%,13.32%,26.69%,0.06%,1.53%,5.78%,1.55%,1.17%,0.00%,,,
07-Mar-25,17.74%,14.33%,13.97%,3.33%,13.30%,26.71%,0.06%,1.52%,5.78%,1.54%,1.16%,0.00%,,,
08-Mar-25,17.72%,14.36%,13.98%,3.31%,13.28%,26.73%,0.06%,1.52%,5.79%,1.54%,1.15%,0.00%,,,
09-Mar-25,17.70%,14.39%,13.98%,3.30%,13.26%,26.75%,0.07%,1.51%,5.80%,1.54%,1.15%,0.00%,,,
10-Mar-25,17.68%,14.42%,13.99%,3.28%,13.25%,26.78%,0.07%,1.51%,5.80%,1.53%,1.14%,0.00%,,,
11-Mar-25,17.66%,14.46%,13.99%,3.27%,13.23%,26.81%,0.07%,1.50%,5.80%,1.53%,1.13%,0.00%,,,
12-Mar-25,17.64%,14.49%,14.00%,3.25%,13.21%,26.84%,0.07%,1.50%,5.81%,1.52%,1.12%,0.00%,,,
13-Mar-25,17.61%,14.52%,14.00%,3.24%,13.19%,26.88%,0.07%,1.49%,5.81%,1.52%,1.11%,0.00%,,,
14-Mar-25,17.59%,14.55%,14.00%,3.23%,13.17%,26.92%,0.07%,1.48%,5.81%,1.52%,1.10%,0.00%,,,
15-Mar-25,17.57%,14.58%,14.01%,3.22%,13.15%,26.96%,0.07%,1.48%,5.81%,1.51%,1.09%,0.00%,,,
16-Mar-25,17.55%,14.61%,14.01%,3.20%,13.13%,27.01%,0.07%,1.47%,5.80%,1.51%,1.08%,0.00%,,,
17-Mar-25,17.52%,14.64%,14.02%,3.19%,13.10%,27.05%,0.07%,1.46%,5.80%,1.51%,1.07%,0.00%,,,
18-Mar-25,17.50%,14.67%,14.02%,3.18%,13.08%,27.10%,0.07%,1.46%,5.80%,1.50%,1.07%,0.00%,,,
19-Mar-25,17.48%,14.70%,14.03%,3.16%,13.06%,27.15%,0.07%,1.45%,5.80%,1.50%,1.06%,0.00%,,,
20-Mar-25,17.45%,14.73%,14.03%,3.15%,13.03%,27.20%,0.07%,1.45%,5.79%,1.50%,1.05%,0.00%,,,
21-Mar-25,17.43%,14.75%,14.04%,3.14%,13.00%,27.25%,0.07%,1.44%,5.79%,1.49%,1.04%,0.00%,,,
22-Mar-25,17.41%,14.78%,14.05%,3.13%,12.98%,27.29%,0.07%,1.44%,5.79%,1.49%,1.04%,0.00%,,,
23-Mar-25,17.39%,14.81%,14.05%,3.12%,12.95%,27.34%,0.08%,1.43%,5.79%,1.49%,1.03%,0.00%,,,
24-Mar-25,17.37%,14.84%,14.06%,3.11%,12.92%,27.38%,0.08%,1.43%,5.78%,1.49%,1.02%,0.00%,,,
25-Mar-25,17.35%,14.87%,14.07%,3.10%,12.90%,27.42%,0.08%,1.42%,5.78%,1.48%,1.01%,0.00%,,,
26-Mar-25,17.33%,14.90%,14.08%,3.08%,12.87%,27.46%,0.08%,1.42%,5.78%,1.48%,1.00%,0.00%,,,
27-Mar-25,17.32%,14.92%,14.09%,3.07%,12.84%,27.50%,0.08%,1.42%,5.78%,1.48%,1.00%,0.00%,,,
28-Mar-25,17.30%,14.95%,14.10%,3.06%,12.81%,27.53%,0.08%,1.42%,5.79%,1.47%,0.99%,0.00%,,,
29-Mar-25,17.29%,14.98%,14.12%,3.05%,12.78%,27.56%,0.08%,1.42%,5.79%,1.47%,0.98%,0.00%,,,
30-Mar-25,17.27%,15.00%,14.13%,3.04%,12.76%,27.59%,0.08%,1.42%,5.79%,1.47%,0.97%,0.00%,,,
31-Mar-25,17.26%,15.03%,14.14%,3.03%,12.73%,27.62%,0.08%,1.41%,5.79%,1.46%,0.96%,0.00%,,,
01-Apr-25,17.25%,15.05%,14.16%,3.02%,12.70%,27.64%,0.08%,1.41%,5.80%,1.46%,0.95%,0.00%,,,
02-Apr-25,17.24%,15.07%,14.17%,3.01%,12.68%,27.66%,0.08%,1.41%,5.80%,1.45%,0.94%,0.00%,,,
03-Apr-25,17.23%,15.09%,14.19%,3.01%,12.65%,27.68%,0.08%,1.41%,5.81%,1.45%,0.93%,0.00%,,,
04-Apr-25,17.22%,15.11%,14.20%,3.00%,12.63%,27.70%,0.08%,1.41%,5.82%,1.44%,0.91%,0.00%,,,
05-Apr-25,17.21%,15.13%,14.22%,2.99%,12.61%,27.72%,0.08%,1.41%,5.83%,1.44%,0.90%,0.00%,,,
06-Apr-25,17.21%,15.15%,14.24%,2.98%,12.58%,27.73%,0.08%,1.41%,5.83%,1.43%,0.89%,0.00%,,,
07-Apr-25,17.20%,15.17%,14.25%,2.97%,12.56%,27.75%,0.08%,1.41%,5.84%,1.43%,0.88%,0.00%,,,
08-Apr-25,17.20%,15.19%,14.27%,2.97%,12.54%,27.76%,0.08%,1.41%,5.85%,1.42%,0.87%,0.00%,,,
09-Apr-25,17.19%,15.20%,14.28%,2.96%,12.52%,27.77%,0.08%,1.41%,5.86%,1.42%,0.85%,0.00%,,,
10-Apr-25,17.19%,15.22%,14.30%,2.95%,12.49%,27.78%,0.08%,1.42%,5.87%,1.41%,0.84%,0.00%,,,
11-Apr-25,17.19%,15.24%,14.32%,2.95%,12.47%,27.78%,0.08%,1.42%,5.88%,1.41%,0.83%,0.00%,,,
12-Apr-25,17.19%,15.25%,14.34%,2.94%,12.44%,27.78%,0.08%,1.42%,5.90%,1.40%,0.81%,0.00%,,,
13-Apr-25,17.19%,15.27%,14.35%,2.93%,12.42%,27.78%,0.08%,1.42%,5.91%,1.40%,0.80%,0.00%,,,
14-Apr-25,17.19%,15.29%,14.37%,2.93%,12.40%,27.77%,0.08%,1.41%,5.93%,1.39%,0.78%,0.00%,,,
15-Apr-25,17.19%,15.30%,14.39%,2.92%,12.37%,27.76%,0.08%,1.41%,5.94%,1.39%,0.77%,0.00%,,,
16-Apr-25,17.19%,15.32%,14.41%,2.92%,12.35%,27.75%,0.08%,1.41%,5.96%,1.39%,0.76%,0.00%,,,
17-Apr-25,17.20%,15.34%,14.43%,2.91%,12.32%,27.73%,0.08%,1.41%,5.98%,1.38%,0.74%,0.00%,,,
18-Apr-25,17.20%,15.35%,14.45%,2.91%,12.30%,27.71%,0.08%,1.41%,6.01%,1.38%,0.73%,0.00%,,,
19-Apr-25,17.21%,15.37%,14.47%,2.91%,12.27%,27.68%,0.08%,1.41%,6.03%,1.38%,0.72%,0.00%,,,
20-Apr-25,17.21%,15.38%,14.49%,2.91%,12.25%,27.65%,0.08%,1.41%,6.06%,1.37%,0.70%,0.00%,,,
21-Apr-25,17.22%,15.39%,14.51%,2.90%,12.22%,27.62%,0.08%,1.41%,6.09%,1.37%,0.69%,0.00%,,,
22-Apr-25,17.22%,15.40%,14.53%,2.90%,12.20%,27.58%,0.08%,1.41%,6.12%,1.37%,0.68%,0.00%,,,
23-Apr-25,17.23%,15.41%,14.55%,2.90%,12.17%,27.54%,0.08%,1.41%,6.15%,1.37%,0.67%,0.00%,,,
24-Apr-25,17.23%,15.42%,14.57%,2.91%,12.15%,27.50%,0.09%,1.41%,6.18%,1.37%,0.66%,0.00%,,,
25-Apr-25,17.23%,15.43%,14.59%,2.91%,12.13%,27.45%,0.09%,1.41%,6.22%,1.37%,0.66%,0.00%,,,
26-Apr-25,17.23%,15.44%,14.61%,2.91%,12.10%,27.41%,0.09%,1.41%,6.25%,1.37%,0.65%,0.00%,,,
27-Apr-25,17.23%,15.45%,14.63%,2.91%,12.08%,27.36%,0.09%,1.41%,6.28%,1.37%,0.64%,0.00%,,,
28-Apr-25,17.23%,15.45%,14.66%,2.92%,12.06%,27.31%,0.10%,1.42%,6.32%,1.37%,0.64%,0.00%,,,
29-Apr-25,17.23%,15.46%,14.68%,2.92%,12.04%,27.26%,0.10%,1.42%,6.35%,1.37%,0.64%,0.00%,,,
30-Apr-25,17.22%,15.46%,14.70%,2.93%,12.02%,27.22%,0.11%,1.42%,6.39%,1.37%,0.63%,0.00%,,,
01-May-25,17.22%,15.47%,14.72%,2.94%,12.00%,27.17%,0.11%,1.42%,6.42%,1.38%,0.63%,0.00%,,,
02-May-25,17.21%,15.47%,14.74%,2.94%,11.98%,27.12%,0.11%,1.42%,6.46%,1.38%,0.63%,0.00%,,,
03-May-25,17.21%,15.48%,14.76%,2.95%,11.96%,27.07%,0.12%,1.42%,6.49%,1.38%,0.63%,0.00%,,,
04-May-25,17.20%,15.49%,14.79%,2.96%,11.94%,27.02%,0.12%,1.42%,6.51%,1.38%,0.63%,0.00%,,,
05-May-25,17.20%,15.50%,14.81%,2.96%,11.91%,26.98%,0.13%,1.42%,6.54%,1.39%,0.63%,0.00%,,,
06-May-25,17.20%,15.51%,14.83%,2.97%,11.89%,26.94%,0.13%,1.42%,6.56%,1.39%,0.63%,0.00%,,,
07-May-25,17.19%,15.52%,14.86%,2.97%,11.87%,26.89%,0.13%,1.42%,6.58%,1.39%,0.63%,0.00%,,,
08-May-25,17.19%,15.53%,14.88%,2.98%,11.84%,26.85%,0.14%,1.41%,6.60%,1.39%,0.62%,0.00%,,,
09-May-25,17.19%,15.54%,14.91%,2.98%,11.82%,26.82%,0.14%,1.41%,6.62%,1.39%,0.62%,0.00%,,,
10-May-25,17.19%,15.55%,14.93%,2.98%,11.80%,26.78%,0.14%,1.41%,6.64%,1.39%,0.62%,0.00%,,,
11-May-25,17.18%,15.57%,14.96%,2.98%,11.78%,26.75%,0.15%,1.41%,6.65%,1.39%,0.62%,0.00%,,,
12-May-25,17.18%,15.58%,14.98%,2.98%,11.76%,26.71%,0.15%,1.40%,6.66%,1.39%,0.62%,0.00%,,,
13-May-25,17.18%,15.59%,15.01%,2.98%,11.73%,26.68%,0.15%,1.40%,6.67%,1.39%,0.61%,0.00%,,,
14-May-25,17.18%,15.60%,15.03%,2.98%,11.71%,26.66%,0.16%,1.39%,6.67%,1.39%,0.61%,0.00%,,,
15-May-25,17.18%,15.61%,15.06%,2.98%,11.69%,26.63%,0.16%,1.39%,6.68%,1.39%,0.61%,0.00%,,,
16-May-25,17.17%,15.63%,15.09%,2.98%,11.67%,26.61%,0.16%,1.38%,6.68%,1.39%,0.61%,0.00%,,,
17-May-25,17.17%,15.64%,15.12%,2.98%,11.65%,26.58%,0.16%,1.38%,6.68%,1.38%,0.60%,0.00%,,,
18-May-25,17.17%,15.65%,15.14%,2.98%,11.64%,26.56%,0.17%,1.37%,6.68%,1.38%,0.60%,0.00%,,,
19-May-25,17.16%,15.66%,15.17%,2.97%,11.62%,26.53%,0.17%,1.37%,6.68%,1.38%,0.60%,0.00%,,,
20-May-25,17.16%,15.67%,15.20%,2.97%,11.61%,26.51%,0.17%,1.36%,6.68%,1.38%,0.59%,0.00%,,,
21-May-25,17.15%,15.68%,15.23%,2.97%,11.59%,26.48%,0.17%,1.35%,6.68%,1.38%,0.59%,0.00%,,,
22-May-25,17.14%,15.68%,15.26%,2.97%,11.58%,26.46%,0.17%,1.35%,6.68%,1.38%,0.59%,0.00%,,,
23-May-25,17.13%,15.69%,15.29%,2.97%,11.57%,26.44%,0.17%,1.34%,6.68%,1.38%,0.58%,0.00%,,,
24-May-25,17.12%,15.69%,15.32%,2.97%,11.55%,26.42%,0.17%,1.34%,6.68%,1.38%,0.58%,0.00%,,,
25-May-25,17.11%,15.69%,15.35%,2.97%,11.54%,26.40%,0.17%,1.33%,6.68%,1.38%,0.58%,0.00%,,,
26-May-25,17.10%,15.69%,15.39%,2.97%,11.53%,26.38%,0.17%,1.33%,6.68%,1.38%,0.58%,0.00%,,,
27-May-25,17.09%,15.68%,15.42%,2.97%,11.52%,26.36%,0.17%,1.32%,6.68%,1.38%,0.58%,0.00%,,,
28-May-25,17.08%,15.68%,15.45%,2.97%,11.51%,26.34%,0.17%,1.32%,6.68%,1.38%,0.58%,0.00%,,,
29-May-25,17.06%,15.67%,15.49%,2.97%,11.50%,26.32%,0.17%,1.31%,6.69%,1.39%,0.59%,0.00%,,,
30-May-25,17.05%,15.67%,15.52%,2.97%,11.48%,26.31%,0.17%,1.31%,6.69%,1.39%,0.59%,0.00%,,,
31-May-25,17.04%,15.66%,15.55%,2.98%,11.47%,26.29%,0.17%,1.30%,6.69%,1.39%,0.59%,0.00%,,,
01-Jun-25,17.02%,15.64%,15.59%,2.98%,11.46%,26.28%,0.17%,1.30%,6.69%,1.40%,0.60%,0.00%,,,
02-Jun-25,17.01%,15.63%,15.62%,2.98%,11.45%,26.27%,0.17%,1.29%,6.70%,1.40%,0.60%,0.00%,,,
03-Jun-25,17.00%,15.62%,15.65%,2.99%,11.44%,26.26%,0.17%,1.29%,6.70%,1.41%,0.61%,0.00%,,,
04-Jun-25,16.99%,15.60%,15.68%,2.99%,11.43%,26.24%,0.17%,1.29%,6.70%,1.41%,0.62%,0.00%,,,
05-Jun-25,16.97%,15.58%,15.71%,2.99%,11.42%,26.23%,0.17%,1.28%,6.71%,1.42%,0.62%,0.00%,,,
06-Jun-25,16.96%,15.57%,15.74%,3.00%,11.41%,26.22%,0.17%,1.28%,6.71%,1.43%,0.63%,0.00%,,,
07-Jun-25,16.96%,15.55%,15.77%,3.00%,11.40%,26.21%,0.17%,1.28%,6.71%,1.43%,0.64%,0.00%,,,
08-Jun-25,16.95%,15.54%,15.80%,3.00%,11.39%,26.20%,0.17%,1.28%,6.72%,1.44%,0.65%,0.00%,,,
09-Jun-25,16.94%,15.52%,15.82%,3.01%,11.38%,26.18%,0.17%,1.27%,6.72%,1.45%,0.65%,0.00%,,,
10-Jun-25,16.94%,15.51%,15.85%,3.01%,11.37%,26.17%,0.17%,1.27%,6.72%,1.45%,0.66%,0.00%,,,
11-Jun-25,16.94%,15.49%,15.87%,3.01%,11.36%,26.16%,0.17%,1.27%,6.72%,1.46%,0.67%,0.00%,,,
12-Jun-25,16.93%,15.48%,15.90%,3.01%,11.35%,26.15%,0.17%,1.27%,6.73%,1.47%,0.68%,0.00%,,,
13-Jun-25,16.94%,15.47%,15.92%,3.02%,11.34%,26.13%,0.16%,1.27%,6.73%,1.47%,0.68%,0.00%,,,
14-Jun-25,16.94%,15.46%,15.94%,3.02%,11.33%,26.11%,0.16%,1.27%,6.73%,1.48%,0.69%,0.00%,,,
15-Jun-25,16.95%,15.45%,15.96%,3.02%,11.32%,26.09%,0.16%,1.27%,6.74%,1.48%,0.69%,0.00%,,,
16-Jun-25,16.95%,15.45%,15.97%,3.03%,11.31%,26.07%,0.16%,1.27%,6.74%,1.49%,0.70%,0.00%,,,
17-Jun-25,16.96%,15.44%,15.99%,3.03%,11.30%,26.04%,0.16%,1.27%,6.74%,1.50%,0.70%,0.00%,,,
18-Jun-25,16.97%,15.44%,16.00%,3.03%,11.29%,26.01%,0.16%,1.27%,6.75%,1.50%,0.70%,0.00%,,,
19-Jun-25,16.98%,15.43%,16.02%,3.04%,11.29%,25.99%,0.16%,1.27%,6.76%,1.50%,0.71%,0.00%,,,
20-Jun-25,16.99%,15.43%,16.03%,3.04%,11.28%,25.95%,0.16%,1.27%,6.76%,1.51%,0.71%,0.00%,,,
21-Jun-25,17.00%,15.43%,16.05%,3.05%,11.27%,25.92%,0.16%,1.27%,6.77%,1.51%,0.71%,0.00%,,,
22-Jun-25,17.01%,15.42%,16.06%,3.05%,11.26%,25.88%,0.16%,1.27%,6.78%,1.52%,0.71%,0.00%,,,
23-Jun-25,17.02%,15.42%,16.08%,3.06%,11.26%,25.85%,0.16%,1.28%,6.79%,1.52%,0.71%,0.00%,,,
24-Jun-25,17.03%,15.42%,16.09%,3.06%,11.25%,25.81%,0.17%,1.28%,6.80%,1.53%,0.71%,0.00%,,,
25-Jun-25,17.04%,15.41%,16.11%,3.07%,11.25%,25.76%,0.17%,1.28%,6.81%,1.53%,0.71%,0.00%,,,
26-Jun-25,17.05%,15.41%,16.12%,3.07%,11.25%,25.72%,0.17%,1.28%,6.83%,1.53%,0.71%,0.00%,,,
27-Jun-25,17.06%,15.41%,16.14%,3.08%,11.25%,25.67%,0.17%,1.29%,6.84%,1.53%,0.71%,0.00%,,,
28-Jun-25,17.07%,15.40%,16.15%,3.08%,11.25%,25.63%,0.17%,1.29%,6.85%,1.54%,0.71%,0.00%,,,
29-Jun-25,17.07%,15.40%,16.17%,3.09%,11.26%,25.58%,0.18%,1.29%,6.87%,1.54%,0.70%,0.00%,,,
30-Jun-25,17.07%,15.40%,16.19%,3.09%,11.26%,25.54%,0.18%,1.29%,6.88%,1.54%,0.70%,0.00%,,,
01-Jul-25,17.08%,15.39%,16.21%,3.10%,11.27%,25.50%,0.19%,1.30%,6.89%,1.54%,0.70%,0.00%,,,
02-Jul-25,17.07%,15.39%,16.23%,3.11%,11.27%,25.46%,0.19%,1.30%,6.90%,1.54%,0.70%,0.00%,,,
03-Jul-25,17.07%,15.38%,16.24%,3.11%,11.28%,25.42%,0.19%,1.30%,6.91%,1.54%,0.69%,0.00%,,,
04-Jul-25,17.07%,15.38%,16.26%,3.12%,11.29%,25.38%,0.20%,1.30%,6.92%,1.54%,0.69%,0.00%,,,
05-Jul-25,17.06%,15.38%,16.28%,3.12%,11.30%,25.34%,0.20%,1.30%,6.93%,1.54%,0.69%,0.00%,,,
06-Jul-25,17.06%,15.37%,16.30%,3.13%,11.31%,25.31%,0.21%,1.30%,6.94%,1.54%,0.69%,0.00%,,,
07-Jul-25,17.05%,15.37%,16.31%,3.14%,11.32%,25.27%,0.21%,1.31%,6.95%,1.54%,0.68%,0.00%,,,
08-Jul-25,17.04%,15.37%,16.33%,3.14%,11.32%,25.24%,0.22%,1.31%,6.95%,1.54%,0.68%,0.00%,,,
09-Jul-25,17.03%,15.37%,16.35%,3.15%,11.33%,25.21%,0.22%,1.31%,6.96%,1.54%,0.68%,0.00%,,,
10-Jul-25,17.02%,15.38%,16.36%,3.16%,11.34%,25.18%,0.23%,1.31%,6.96%,1.54%,0.68%,0.00%,,,
11-Jul-25,17.01%,15.38%,16.38%,3.16%,11.35%,25.16%,0.23%,1.31%,6.96%,1.54%,0.67%,0.00%,,,
12-Jul-25,16.99%,15.38%,16.39%,3.17%,11.36%,25.13%,0.24%,1.31%,6.97%,1.54%,0.67%,0.00%,,,
13-Jul-25,16.98%,15.39%,16.41%,3.17%,11.36%,25.11%,0.24%,1.32%,6.97%,1.54%,0.67%,0.00%,,,
14-Jul-25,16.96%,15.40%,16.42%,3.18%,11.37%,25.08%,0.24%,1.32%,6.97%,1.54%,0.67%,0.00%,,,
15-Jul-25,16.94%,15.40%,16.44%,3.19%,11.38%,25.06%,0.25%,1.32%,6.97%,1.54%,0.67%,0.00%,,,
16-Jul-25,16.92%,15.41%,16.46%,3.19%,11.39%,25.05%,0.25%,1.32%,6.97%,1.54%,0.66%,0.00%,,,
17-Jul-25,16.89%,15.42%,16.47%,3.20%,11.40%,25.03%,0.26%,1.32%,6.97%,1.53%,0.66%,0.00%,,,
18-Jul-25,16.86%,15.43%,16.49%,3.20%,11.41%,25.01%,0.26%,1.32%,6.97%,1.53%,0.66%,0.00%,,,
19-Jul-25,16.83%,15.43%,16.51%,3.21%,11.42%,25.00%,0.26%,1.32%,6.97%,1.53%,0.66%,0.00%,,,
20-Jul-25,16.80%,15.44%,16.53%,3.21%,11.44%,24.99%,0.27%,1.32%,6.97%,1.53%,0.66%,0.00%,,,
21-Jul-25,16.76%,15.44%,16.54%,3.21%,11.46%,24.98%,0.27%,1.32%,6.97%,1.53%,0.66%,0.00%,,,
22-Jul-25,16.72%,15.45%,16.56%,3.22%,11.49%,24.98%,0.27%,1.32%,6.97%,1.53%,0.67%,0.00%,,,
23-Jul-25,16.68%,15.45%,16.57%,3.22%,11.51%,24.97%,0.27%,1.32%,6.97%,1.53%,0.67%,0.00%,,,
24-Jul-25,16.63%,15.45%,16.59%,3.22%,11.54%,24.97%,0.27%,1.32%,6.96%,1.52%,0.67%,0.00%,,,
25-Jul-25,16.59%,15.46%,16.60%,3.23%,11.57%,24.97%,0.27%,1.32%,6.96%,1.52%,0.67%,0.00%,,,
26-Jul-25,16.54%,15.46%,16.62%,3.23%,11.61%,24.97%,0.27%,1.32%,6.96%,1.52%,0.68%,0.00%,,,
27-Jul-25,16.49%,15.46%,16.63%,3.23%,11.65%,24.98%,0.27%,1.32%,6.95%,1.52%,0.68%,0.00%,,,
28-Jul-25,16.44%,15.46%,16.64%,3.24%,11.68%,24.99%,0.27%,1.32%,6.95%,1.52%,0.68%,0.00%,,,
29-Jul-25,16.39%,15.46%,16.65%,3.24%,11.73%,24.99%,0.27%,1.32%,6.94%,1.52%,0.69%,0.00%,,,
30-Jul-25,16.33%,15.46%,16.66%,3.24%,11.77%,25.00%,0.27%,1.32%,6.93%,1.51%,0.69%,0.00%,,,
31-Jul-25,16.28%,15.46%,16.67%,3.24%,11.82%,25.01%,0.26%,1.32%,6.93%,1.51%,0.69%,0.00%,,,
01-Aug-25,16.23%,15.46%,16.68%,3.24%,11.86%,25.03%,0.26%,1.32%,6.92%,1.51%,0.70%,0.00%,,,
02-Aug-25,16.18%,15.45%,16.69%,3.24%,11.91%,25.04%,0.26%,1.32%,6.91%,1.50%,0.70%,0.00%,,,
03-Aug-25,16.12%,15.45%,16.70%,3.25%,11.96%,25.05%,0.25%,1.32%,6.91%,1.50%,0.70%,0.00%,,,
04-Aug-25,16.07%,15.45%,16.71%,3.25%,12.00%,25.07%,0.25%,1.32%,6.90%,1.50%,0.70%,0.00%,,,
05-Aug-25,16.02%,15.45%,16.71%,3.25%,12.05%,25.09%,0.24%,1.32%,6.89%,1.49%,0.71%,0.00%,,,
06-Aug-25,15.96%,15.45%,16.72%,3.25%,12.09%,25.11%,0.24%,1.32%,6.89%,1.48%,0.71%,0.00%,,,
07-Aug-25,15.91%,15.45%,16.73%,3.25%,12.14%,25.13%,0.23%,1.32%,6.88%,1.48%,0.71%,0.00%,,,
08-Aug-25,15.86%,15.46%,16.74%,3.25%,12.18%,25.15%,0.23%,1.31%,6.87%,1.47%,0.71%,0.00%,,,
09-Aug-25,15.81%,15.46%,16.74%,3.25%,12.22%,25.17%,0.22%,1.31%,6.87%,1.47%,0.71%,0.00%,,,
10-Aug-25,15.76%,15.46%,16.75%,3.25%,12.26%,25.19%,0.22%,1.31%,6.86%,1.46%,0.71%,0.00%,,,
11-Aug-25,15.71%,15.46%,16.76%,3.25%,12.30%,25.21%,0.21%,1.31%,6.86%,1.45%,0.71%,0.00%,,,
12-Aug-25,15.66%,15.46%,16.76%,3.26%,12.34%,25.23%,0.21%,1.31%,6.85%,1.45%,0.71%,0.00%,,,
13-Aug-25,15.61%,15.47%,16.77%,3.26%,12.37%,25.24%,0.20%,1.31%,6.85%,1.44%,0.71%,0.00%,,,
14-Aug-25,15.55%,15.47%,16.77%,3.26%,12.41%,25.25%,0.20%,1.30%,6.85%,1.43%,0.71%,0.00%,,,
15-Aug-25,15.50%,15.48%,16.78%,3.27%,12.44%,25.26%,0.19%,1.30%,6.85%,1.42%,0.71%,0.00%,,,
16-Aug-25,15.45%,15.49%,16.78%,3.27%,12.46%,25.27%,0.19%,1.30%,6.86%,1.41%,0.71%,0.00%,,,
17-Aug-25,15.39%,15.51%,16.78%,3.27%,12.49%,25.28%,0.18%,1.30%,6.86%,1.40%,0.70%,0.00%,,,
18-Aug-25,15.34%,15.52%,16.79%,3.28%,12.51%,25.29%,0.18%,1.30%,6.87%,1.39%,0.70%,0.00%,,,
19-Aug-25,15.29%,15.54%,16.79%,3.29%,12.53%,25.29%,0.18%,1.29%,6.88%,1.38%,0.70%,0.00%,,,
20-Aug-25,15.23%,15.56%,16.80%,3.29%,12.55%,25.29%,0.17%,1.29%,6.88%,1.37%,0.70%,0.00%,,,
21-Aug-25,15.17%,15.58%,16.80%,3.30%,12.57%,25.30%,0.17%,1.29%,6.89%,1.36%,0.70%,0.00%,,,
22-Aug-25,15.12%,15.60%,16.81%,3.31%,12.58%,25.30%,0.17%,1.29%,6.90%,1.35%,0.69%,0.00%,,,
23-Aug-25,15.06%,15.62%,16.81%,3.32%,12.60%,25.30%,0.16%,1.28%,6.92%,1.34%,0.69%,0.00%,,,
24-Aug-25,15.00%,15.64%,16.82%,3.32%,12.61%,25.30%,0.16%,1.28%,6.93%,1.33%,0.69%,0.00%,,,
25-Aug-25,14.94%,15.66%,16.83%,3.33%,12.62%,25.30%,0.16%,1.28%,6.94%,1.32%,0.69%,0.00%,,,
26-Aug-25,14.87%,15.69%,16.84%,3.34%,12.63%,25.29%,0.16%,1.28%,6.96%,1.31%,0.69%,0.00%,,,
27-Aug-25,14.81%,15.71%,16.85%,3.35%,12.64%,25.29%,0.15%,1.27%,6.97%,1.30%,0.69%,0.00%,,,
28-Aug-25,14.75%,15.73%,16.86%,3.36%,12.65%,25.29%,0.15%,1.27%,6.99%,1.30%,0.70%,0.00%,,,
29-Aug-25,14.69%,15.75%,16.87%,3.37%,12.66%,25.29%,0.15%,1.27%,7.00%,1.29%,0.70%,0.00%,,,
30-Aug-25,14.63%,15.77%,16.89%,3.37%,12.67%,25.29%,0.15%,1.27%,7.02%,1.28%,0.70%,0.00%,,,
31-Aug-25,14.57%,15.80%,16.90%,3.38%,12.68%,25.29%,0.15%,1.27%,7.03%,1.28%,0.70%,0.00%,,,
01-Sep-25,14.51%,15.82%,16.91%,3.39%,12.69%,25.29%,0.15%,1.26%,7.04%,1.27%,0.70%,0.00%,,,
02-Sep-25,14.45%,15.84%,16.93%,3.39%,12.71%,25.29%,0.15%,1.26%,7.05%,1.27%,0.70%,0.00%,,,
03-Sep-25,14.40%,15.86%,16.94%,3.39%,12.72%,25.29%,0.15%,1.26%,7.06%,1.26%,0.70%,0.00%,,,
04-Sep-25,14.34%,15.89%,16.96%,3.40%,12.73%,25.29%,0.15%,1.26%,7.07%,1.26%,0.70%,0.00%,,,
05-Sep-25,14.28%,15.91%,16.97%,3.40%,12.74%,25.29%,0.15%,1.26%,7.08%,1.26%,0.70%,0.00%,,,
06-Sep-25,14.23%,15.94%,16.99%,3.40%,12.75%,25.28%,0.15%,1.26%,7.09%,1.25%,0.69%,0.00%,,,
07-Sep-25,14.18%,15.97%,17.00%,3.41%,12.76%,25.28%,0.15%,1.26%,7.10%,1.25%,0.69%,0.00%,,,
08-Sep-25,14.12%,16.00%,17.02%,3.41%,12.77%,25.28%,0.15%,1.26%,7.11%,1.24%,0.69%,0.00%,,,
09-Sep-25,14.07%,16.03%,17.03%,3.41%,12.78%,25.27%,0.15%,1.26%,7.12%,1.24%,0.68%,0.00%,,,
10-Sep-25,14.02%,16.05%,17.05%,3.40%,12.79%,25.27%,0.15%,1.26%,7.12%,1.23%,0.68%,0.00%,,,
11-Sep-25,13.97%,16.08%,17.06%,3.40%,12.80%,25.27%,0.15%,1.26%,7.13%,1.23%,0.67%,0.00%,,,
12-Sep-25,13.92%,16.11%,17.08%,3.40%,12.81%,25.26%,0.15%,1.25%,7.14%,1.22%,0.66%,0.00%,,,
13-Sep-25,13.87%,16.13%,17.09%,3.40%,12.82%,25.26%,0.15%,1.25%,7.15%,1.22%,0.65%,0.00%,,,
14-Sep-25,13.82%,16.16%,17.11%,3.39%,12.83%,25.26%,0.15%,1.25%,7.16%,1.21%,0.65%,0.00%,,,
15-Sep-25,13.77%,16.18%,17.12%,3.38%,12.84%,25.26%,0.15%,1.25%,7.17%,1.21%,0.64%,0.00%,,,
16-Sep-25,13.72%,16.20%,17.13%,3.38%,12.85%,25.26%,0.15%,1.25%,7.18%,1.20%,0.63%,0.00%,,,
17-Sep-25,13.68%,16.21%,17.15%,3.37%,12.86%,25.25%,0.15%,1.25%,7.19%,1.20%,0.62%,0.00%,,,
18-Sep-25,13.63%,16.22%,17.16%,3.36%,12.88%,25.25%,0.15%,1.25%,7.20%,1.19%,0.61%,0.00%,,,
19-Sep-25,13.58%,16.23%,17.18%,3.35%,12.89%,25.25%,0.15%,1.25%,7.22%,1.19%,0.60%,0.00%,,,
20-Sep-25,13.54%,16.24%,17.19%,3.34%,12.91%,25.24%,0.15%,1.25%,7.23%,1.18%,0.59%,0.00%,,,
21-Sep-25,13.49%,16.24%,17.21%,3.33%,12.93%,25.24%,0.15%,1.25%,7.24%,1.17%,0.59%,0.00%,,,
22-Sep-25,13.45%,16.24%,17.22%,3.32%,12.95%,25.24%,0.15%,1.25%,7.26%,1.17%,0.58%,0.00%,,,
23-Sep-25,13.40%,16.23%,17.24%,3.31%,12.97%,25.24%,0.15%,1.26%,7.27%,1.17%,0.57%,0.00%,,,
24-Sep-25,13.36%,16.22%,17.26%,3.29%,13.00%,25.24%,0.15%,1.26%,7.29%,1.16%,0.57%,0.00%,,,
25-Sep-25,13.31%,16.21%,17.28%,3.28%,13.02%,25.24%,0.15%,1.26%,7.30%,1.16%,0.56%,0.00%,,,
26-Sep-25,13.27%,16.19%,17.30%,3.27%,13.05%,25.24%,0.15%,1.26%,7.32%,1.15%,0.56%,0.00%,,,
27-Sep-25,13.22%,16.18%,17.32%,3.25%,13.08%,25.24%,0.15%,1.26%,7.33%,1.15%,0.55%,0.00%,,,
28-Sep-25,13.18%,16.16%,17.34%,3.24%,13.11%,25.24%,0.15%,1.26%,7.34%,1.15%,0.55%,0.00%,,,
29-Sep-25,13.14%,16.14%,17.36%,3.22%,13.15%,25.25%,0.15%,1.27%,7.35%,1.14%,0.55%,0.00%,,,
30-Sep-25,13.09%,16.12%,17.38%,3.21%,13.18%,25.25%,0.15%,1.27%,7.36%,1.14%,0.55%,0.00%,,,
01-Oct-25,13.05%,16.09%,17.40%,3.19%,13.22%,25.26%,0.14%,1.27%,7.37%,1.14%,0.55%,0.00%,,,
02-Oct-25,13.01%,16.07%,17.43%,3.18%,13.25%,25.27%,0.14%,1.27%,7.38%,1.14%,0.55%,0.00%,,,
03-Oct-25,12.97%,16.05%,17.45%,3.17%,13.29%,25.27%,0.14%,1.27%,7.39%,1.13%,0.54%,0.00%,,,
04-Oct-25,12.93%,16.03%,17.47%,3.15%,13.32%,25.28%,0.14%,1.27%,7.39%,1.13%,0.54%,0.00%,,,
05-Oct-25,12.88%,16.00%,17.50%,3.14%,13.35%,25.30%,0.13%,1.27%,7.40%,1.13%,0.54%,0.00%,,,
06-Oct-25,12.84%,15.98%,17.52%,3.12%,13.39%,25.31%,0.13%,1.27%,7.40%,1.13%,0.54%,0.00%,,,
07-Oct-25,12.80%,15.96%,17.54%,3.11%,13.42%,25.32%,0.13%,1.27%,7.41%,1.13%,0.54%,0.00%,,,
08-Oct-25,12.77%,15.95%,17.56%,3.10%,13.45%,25.33%,0.12%,1.27%,7.41%,1.13%,0.54%,0.00%,,,
09-Oct-25,12.73%,15.93%,17.59%,3.08%,13.48%,25.34%,0.12%,1.27%,7.41%,1.13%,0.54%,0.00%,,,
10-Oct-25,12.69%,15.92%,17.61%,3.07%,13.50%,25.35%,0.11%,1.27%,7.42%,1.13%,0.54%,0.00%,,,
11-Oct-25,12.66%,15.90%,17.63%,3.06%,13.53%,25.36%,0.11%,1.27%,7.42%,1.13%,0.54%,0.00%,,,
12-Oct-25,12.62%,15.89%,17.65%,3.05%,13.56%,25.36%,0.11%,1.27%,7.42%,1.13%,0.54%,0.00%,,,
13-Oct-25,12.59%,15.88%,17.67%,3.04%,13.58%,25.37%,0.10%,1.27%,7.42%,1.12%,0.54%,0.00%,,,
14-Oct-25,12.55%,15.87%,17.70%,3.03%,13.61%,25.37%,0.10%,1.27%,7.43%,1.12%,0.54%,0.00%,,,
15-Oct-25,12.52%,15.86%,17.72%,3.02%,13.64%,25.37%,0.09%,1.27%,7.43%,1.12%,0.54%,0.00%,,,
16-Oct-25,12.49%,15.85%,17.74%,3.01%,13.66%,25.36%,0.09%,1.26%,7.44%,1.12%,0.53%,0.00%,,,
17-Oct-25,12.46%,15.84%,17.77%,3.00%,13.68%,25.36%,0.08%,1.26%,7.44%,1.12%,0.53%,0.00%,,,
18-Oct-25,12.42%,15.84%,17.79%,2.99%,13.70%,25.35%,0.08%,1.26%,7.45%,1.12%,0.53%,0.00%,,,
19-Oct-25,12.39%,15.83%,17.81%,2.98%,13.72%,25.35%,0.07%,1.26%,7.46%,1.12%,0.53%,0.00%,,,
20-Oct-25,12.36%,15.82%,17.84%,2.97%,13.74%,25.33%,0.07%,1.26%,7.47%,1.12%,0.53%,0.00%,,,
21-Oct-25,12.33%,15.82%,17.86%,2.96%,13.76%,25.32%,0.06%,1.26%,7.48%,1.12%,0.53%,0.00%,,,
22-Oct-25,12.30%,15.81%,17.88%,2.95%,13.78%,25.30%,0.06%,1.25%,7.49%,1.11%,0.53%,0.00%,,,
23-Oct-25,12.28%,15.81%,17.91%,2.95%,13.80%,25.28%,0.05%,1.25%,7.50%,1.11%,0.52%,0.00%,,,
24-Oct-25,12.25%,15.80%,17.93%,2.94%,13.82%,25.26%,0.05%,1.25%,7.52%,1.11%,0.52%,0.00%,,,
25-Oct-25,12.23%,15.80%,17.95%,2.93%,13.84%,25.24%,0.05%,1.25%,7.53%,1.11%,0.52%,0.00%,,,
26-Oct-25,12.21%,15.79%,17.97%,2.92%,13.85%,25.21%,0.04%,1.25%,7.55%,1.11%,0.52%,0.00%,,,
27-Oct-25,12.19%,15.79%,18.00%,2.91%,13.87%,25.19%,0.04%,1.25%,7.56%,1.11%,0.52%,0.00%,,,
28-Oct-25,12.17%,15.78%,18.02%,2.91%,13.88%,25.17%,0.04%,1.25%,7.57%,1.10%,0.52%,0.00%,,,
29-Oct-25,12.15%,15.78%,18.04%,2.90%,13.88%,25.16%,0.04%,1.25%,7.59%,1.10%,0.52%,0.00%,,,
30-Oct-25,12.14%,15.77%,18.07%,2.89%,13.89%,25.14%,0.03%,1.25%,7.60%,1.10%,0.51%,0.00%,,,
31-Oct-25,12.12%,15.77%,18.09%,2.88%,13.89%,25.13%,0.03%,1.25%,7.61%,1.09%,0.51%,0.00%,,,
01-Nov-25,12.11%,15.76%,18.12%,2.87%,13.89%,25.11%,0.03%,1.25%,7.62%,1.09%,0.51%,0.00%,,,
02-Nov-25,12.10%,15.75%,18.14%,2.86%,13.89%,25.10%,0.03%,1.25%,7.63%,1.08%,0.51%,0.00%,,,
03-Nov-25,12.09%,15.75%,18.17%,2.86%,13.88%,25.09%,0.03%,1.25%,7.64%,1.08%,0.50%,0.00%,,,
04-Nov-25,12.08%,15.74%,18.20%,2.85%,13.88%,25.09%,0.03%,1.25%,7.65%,1.07%,0.50%,0.00%,,,
05-Nov-25,12.07%,15.73%,18.23%,2.84%,13.87%,25.08%,0.03%,1.25%,7.66%,1.06%,0.50%,0.00%,,,
06-Nov-25,12.06%,15.72%,18.26%,2.83%,13.86%,25.09%,0.03%,1.25%,7.67%,1.06%,0.50%,0.00%,,,
07-Nov-25,12.05%,15.72%,18.29%,2.82%,13.84%,25.09%,0.03%,1.25%,7.67%,1.05%,0.49%,0.00%,,,
08-Nov-25,12.04%,15.71%,18.32%,2.81%,13.83%,25.10%,0.03%,1.25%,7.68%,1.04%,0.49%,0.00%,,,
09-Nov-25,12.03%,15.70%,18.35%,2.80%,13.81%,25.11%,0.03%,1.25%,7.68%,1.04%,0.49%,0.00%,,,
10-Nov-25,12.02%,15.69%,18.39%,2.79%,13.79%,25.13%,0.03%,1.25%,7.69%,1.03%,0.49%,0.00%,,,
11-Nov-25,12.01%,15.67%,18.42%,2.78%,13.78%,25.14%,0.03%,1.24%,7.69%,1.02%,0.48%,0.00%,,,
12-Nov-25,12.00%,15.66%,18.46%,2.77%,13.76%,25.15%,0.03%,1.24%,7.70%,1.02%,0.48%,0.00%,,,
13-Nov-25,11.99%,15.64%,18.49%,2.76%,13.75%,25.16%,0.03%,1.24%,7.70%,1.01%,0.48%,0.00%,,,
14-Nov-25,11.98%,15.63%,18.52%,2.75%,13.73%,25.17%,0.03%,1.24%,7.71%,1.01%,0.48%,0.00%,,,
15-Nov-25,11.97%,15.61%,18.56%,2.74%,13.72%,25.18%,0.03%,1.24%,7.71%,1.00%,0.48%,0.00%,,,
16-Nov-25,11.96%,15.59%,18.59%,2.73%,13.71%,25.19%,0.03%,1.24%,7.72%,1.00%,0.48%,0.00%,,,
17-Nov-25,11.95%,15.57%,18.62%,2.72%,13.70%,25.20%,0.03%,1.24%,7.73%,0.99%,0.48%,0.00%,,,
18-Nov-25,11.94%,15.54%,18.65%,2.71%,13.69%,25.20%,0.03%,1.24%,7.74%,0.99%,0.48%,0.00%,,,
19-Nov-25,11.93%,15.51%,18.68%,2.70%,13.68%,25.21%,0.03%,1.24%,7.75%,0.99%,0.48%,0.00%,,,
20-Nov-25,11.93%,15.49%,18.71%,2.69%,13.68%,25.22%,0.03%,1.24%,7.76%,0.98%,0.48%,0.00%,,,
21-Nov-25,11.92%,15.45%,18.74%,2.68%,13.68%,25.22%,0.03%,1.24%,7.76%,0.98%,0.49%,0.00%,,,
22-Nov-25,11.92%,15.42%,18.77%,2.66%,13.68%,25.23%,0.03%,1.24%,7.77%,0.98%,0.49%,0.00%,,,
23-Nov-25,11.92%,15.38%,18.80%,2.65%,13.68%,25.24%,0.03%,1.24%,7.78%,0.98%,0.49%,0.00%,,,
24-Nov-25,11.92%,15.34%,18.82%,2.64%,13.69%,25.25%,0.03%,1.24%,7.79%,0.99%,0.50%,0.00%,,,
25-Nov-25,11.92%,15.30%,18.85%,2.62%,13.70%,25.25%,0.03%,1.24%,7.79%,0.99%,0.50%,0.00%,,,
26-Nov-25,11.92%,15.26%,18.88%,2.61%,13.71%,25.26%,0.03%,1.24%,7.80%,0.99%,0.51%,0.00%,,,
27-Nov-25,11.93%,15.22%,18.90%,2.59%,13.72%,25.27%,0.03%,1.24%,7.80%,0.99%,0.51%,0.00%,,,
28-Nov-25,11.93%,15.17%,18.93%,2.58%,13.74%,25.28%,0.03%,1.24%,7.81%,1.00%,0.52%,0.00%,,,
29-Nov-25,11.94%,15.13%,18.96%,2.57%,13.75%,25.30%,0.03%,1.24%,7.81%,1.00%,0.52%,0.00%,,,
30-Nov-25,11.95%,15.09%,18.98%,2.55%,13.76%,25.31%,0.03%,1.24%,7.82%,1.01%,0.53%,0.00%,,,
01-Dec-25,11.96%,15.04%,19.01%,2.53%,13.78%,25.32%,0.04%,1.24%,7.82%,1.01%,0.53%,0.00%,,,
02-Dec-25,11.96%,15.00%,19.04%,2.52%,13.79%,25.34%,0.04%,1.24%,7.82%,1.01%,0.53%,0.00%,,,
03-Dec-25,11.97%,14.96%,19.06%,2.50%,13.81%,25.35%,0.04%,1.24%,7.82%,1.02%,0.54%,0.00%,,,
04-Dec-25,11.98%,14.92%,19.09%,2.49%,13.83%,25.37%,0.04%,1.24%,7.82%,1.02%,0.54%,0.00%,,,
05-Dec-25,11.99%,14.88%,19.11%,2.47%,13.85%,25.38%,0.04%,1.23%,7.82%,1.02%,0.55%,0.00%,,,
06-Dec-25,12.00%,14.84%,19.13%,2.45%,13.86%,25.40%,0.04%,1.23%,7.82%,1.02%,0.55%,0.00%,,,
07-Dec-25,12.01%,14.81%,19.16%,2.44%,13.88%,25.41%,0.04%,1.23%,7.82%,1.03%,0.55%,0.00%,,,
08-Dec-25,12.02%,14.77%,19.18%,2.43%,13.89%,25.43%,0.04%,1.22%,7.82%,1.03%,0.55%,0.00%,,,
09-Dec-25,12.03%,14.74%,19.20%,2.41%,13.91%,25.44%,0.04%,1.22%,7.81%,1.03%,0.56%,0.00%,,,
10-Dec-25,12.03%,14.71%,19.22%,2.40%,13.93%,25.45%,0.04%,1.21%,7.81%,1.03%,0.56%,0.00%,,,
11-Dec-25,12.04%,14.68%,19.24%,2.38%,13.94%,25.46%,0.04%,1.21%,7.81%,1.03%,0.56%,0.00%,,,
12-Dec-25,12.05%,14.65%,19.27%,2.37%,13.96%,25.47%,0.04%,1.20%,7.81%,1.03%,0.56%,0.00%,,,
13-Dec-25,12.06%,14.62%,19.29%,2.36%,13.97%,25.48%,0.04%,1.20%,7.81%,1.03%,0.56%,0.00%,,,
14-Dec-25,12.07%,14.59%,19.31%,2.34%,13.99%,25.48%,0.04%,1.19%,7.81%,1.02%,0.57%,0.00%,,,
15-Dec-25,12.08%,14.57%,19.33%,2.33%,14.01%,25.49%,0.04%,1.19%,7.81%,1.02%,0.57%,0.00%,,,
16-Dec-25,12.09%,14.54%,19.36%,2.31%,14.03%,25.49%,0.04%,1.18%,7.81%,1.02%,0.58%,0.00%,,,
17-Dec-25,12.10%,14.51%,19.38%,2.30%,14.04%,25.48%,0.03%,1.18%,7.80%,1.02%,0.58%,0.00%,,,
18-Dec-25,12.11%,14.48%,19.40%,2.29%,14.06%,25.48%,0.03%,1.17%,7.80%,1.02%,0.58%,0.00%,,,
19-Dec-25,12.12%,14.45%,19.43%,2.28%,14.08%,25.47%,0.03%,1.17%,7.80%,1.02%,0.59%,0.00%,,,
20-Dec-25,12.13%,14.42%,19.45%,2.26%,14.10%,25.46%,0.03%,1.16%,7.80%,1.02%,0.60%,0.00%,,,
21-Dec-25,12.15%,14.40%,19.48%,2.25%,14.12%,25.45%,0.03%,1.16%,7.80%,1.02%,0.60%,0.00%,,,
22-Dec-25,12.16%,14.37%,19.50%,2.24%,14.14%,25.44%,0.03%,1.16%,7.80%,1.01%,0.61%,0.00%,,,
23-Dec-25,12.17%,14.35%,19.53%,2.23%,14.16%,25.42%,0.03%,1.15%,7.80%,1.01%,0.62%,0.00%,,,
24-Dec-25,12.19%,14.32%,19.56%,2.23%,14.18%,25.40%,0.03%,1.15%,7.79%,1.01%,0.63%,0.00%,,,
25-Dec-25,12.20%,14.30%,19.58%,2.22%,14.19%,25.38%,0.03%,1.15%,7.79%,1.01%,0.63%,0.00%,,,
26-Dec-25,12.21%,14.28%,19.61%,2.21%,14.21%,25.36%,0.03%,1.14%,7.79%,1.01%,0.64%,0.00%,,,
27-Dec-25,12.23%,14.27%,19.64%,2.21%,14.23%,25.33%,0.03%,1.14%,7.79%,1.01%,0.65%,0.00%,,,
28-Dec-25,12.24%,14.25%,19.66%,2.20%,14.24%,25.31%,0.03%,1.14%,7.78%,1.01%,0.66%,0.00%,,,
29-Dec-25,12.25%,14.24%,19.69%,2.20%,14.25%,25.30%,0.03%,1.14%,7.78%,1.01%,0.67%,0.00%,,,
30-Dec-25,12.25%,14.23%,19.72%,2.19%,14.27%,25.28%,0.03%,1.13%,7.77%,1.01%,0.68%,0.00%,,,
31-Dec-25,12.26%,14.22%,19.75%,2.19%,14.27%,25.26%,0.03%,1.13%,7.77%,1.01%,0.69%,0.00%,,,
01-Jan-26,12.27%,14.22%,19.78%,2.19%,14.28%,25.24%,0.03%,1.12%,7.76%,1.01%,0.69%,0.00%,,,
02-Jan-26,12.27%,14.21%,19.80%,2.19%,14.29%,25.22%,0.03%,1.12%,7.76%,1.00%,0.70%,0.00%,,,
03-Jan-26,12.27%,14.21%,19.83%,2.18%,14.29%,25.21%,0.03%,1.12%,7.75%,1.00%,0.71%,0.00%,,,
04-Jan-26,12.28%,14.20%,19.86%,2.18%,14.30%,25.19%,0.03%,1.11%,7.75%,1.00%,0.72%,0.00%,,,
05-Jan-26,12.28%,14.20%,19.89%,2.18%,14.30%,25.18%,0.03%,1.11%,7.74%,1.00%,0.73%,0.00%,,,
06-Jan-26,12.28%,14.20%,19.92%,2.18%,14.30%,25.17%,0.03%,1.10%,7.74%,1.00%,0.73%,0.00%,,,
07-Jan-26,12.28%,14.19%,19.94%,2.18%,14.30%,25.16%,0.03%,1.10%,7.73%,1.00%,0.74%,0.00%,,,
08-Jan-26,12.28%,14.18%,19.97%,2.18%,14.29%,25.16%,0.03%,1.09%,7.73%,1.00%,0.74%,0.00%,,,
09-Jan-26,12.28%,14.18%,20.00%,2.18%,14.29%,25.16%,0.03%,1.09%,7.73%,1.00%,0.75%,0.00%,,,
10-Jan-26,12.27%,14.17%,20.02%,2.18%,14.28%,25.16%,0.03%,1.08%,7.72%,0.99%,0.76%,0.00%,,,
11-Jan-26,12.27%,14.16%,20.05%,2.18%,14.27%,25.17%,0.03%,1.07%,7.72%,0.99%,0.76%,0.00%,,,
12-Jan-26,12.27%,14.15%,20.07%,2.18%,14.27%,25.18%,0.03%,1.07%,7.72%,0.99%,0.77%,0.00%,,,
13-Jan-26,12.28%,14.13%,20.09%,2.18%,14.26%,25.19%,0.03%,1.06%,7.71%,0.99%,0.77%,0.00%,,,
14-Jan-26,12.28%,14.11%,20.11%,2.18%,14.26%,25.20%,0.03%,1.05%,7.71%,0.98%,0.77%,0.00%,,,
15-Jan-26,12.28%,14.09%,20.13%,2.18%,14.25%,25.22%,0.03%,1.05%,7.70%,0.98%,0.78%,0.00%,,,
16-Jan-26,12.29%,14.07%,20.15%,2.17%,14.24%,25.24%,0.02%,1.04%,7.70%,0.97%,0.78%,0.00%,,,
17-Jan-26,12.29%,14.04%,20.16%,2.17%,14.24%,25.27%,0.02%,1.04%,7.70%,0.97%,0.78%,0.00%,,,
18-Jan-26,12.30%,14.01%,20.18%,2.17%,14.23%,25.29%,0.02%,1.03%,7.69%,0.97%,0.79%,0.00%,,,
19-Jan-26,12.31%,13.98%,20.19%,2.17%,14.23%,25.32%,0.02%,1.02%,7.69%,0.96%,0.79%,0.00%,,,
20-Jan-26,12.32%,13.96%,20.20%,2.17%,14.23%,25.34%,0.02%,1.02%,7.68%,0.96%,0.79%,0.00%,,,
21-Jan-26,12.33%,13.93%,20.22%,2.17%,14.23%,25.36%,0.02%,1.01%,7.68%,0.95%,0.79%,0.00%,,,
22-Jan-26,12.34%,13.90%,20.23%,2.16%,14.22%,25.38%,0.02%,1.01%,7.68%,0.95%,0.80%,0.00%,,,
23-Jan-26,12.35%,13.87%,20.24%,2.16%,14.22%,25.40%,0.02%,1.00%,7.67%,0.95%,0.80%,0.00%,,,
24-Jan-26,12.36%,13.85%,20.26%,2.16%,14.22%,25.42%,0.02%,1.00%,7.67%,0.94%,0.80%,0.00%,,,
25-Jan-26,12.37%,13.82%,20.27%,2.15%,14.23%,25.43%,0.02%,1.00%,7.66%,0.94%,0.80%,0.00%,,,
26-Jan-26,12.38%,13.79%,20.29%,2.15%,14.23%,25.44%,0.02%,0.99%,7.66%,0.94%,0.81%,0.00%,,,
27-Jan-26,12.39%,13.77%,20.30%,2.14%,14.23%,25.45%,0.02%,0.99%,7.65%,0.94%,0.81%,0.00%,,,
28-Jan-26,12.40%,13.74%,20.31%,2.14%,14.24%,25.46%,0.02%,0.99%,7.65%,0.94%,0.81%,0.00%,,,
29-Jan-26,12.41%,13.72%,20.33%,2.13%,14.24%,25.47%,0.02%,0.98%,7.64%,0.94%,0.81%,0.00%,,,
30-Jan-26,12.43%,13.70%,20.35%,2.13%,14.25%,25.48%,0.02%,0.98%,7.64%,0.94%,0.82%,0.00%,,,
31-Jan-26,12.44%,13.68%,20.37%,2.12%,14.25%,25.48%,0.02%,0.98%,7.63%,0.94%,0.82%,0.00%,,,
01-Feb-26,12.45%,13.66%,20.38%,2.12%,14.25%,25.48%,0.02%,0.98%,7.62%,0.94%,0.82%,0.00%,,,
02-Feb-26,12.46%,13.64%,20.40%,2.11%,14.26%,25.48%,0.02%,0.98%,7.62%,0.94%,0.83%,0.00%,,,
03-Feb-26,12.47%,13.62%,20.42%,2.11%,14.26%,25.48%,0.02%,0.98%,7.61%,0.94%,0.83%,0.00%,,,
04-Feb-26,12.48%,13.60%,20.44%,2.10%,14.27%,25.48%,0.02%,0.98%,7.60%,0.94%,0.83%,0.00%,,,
05-Feb-26,12.49%,13.58%,20.46%,2.10%,14.27%,25.48%,0.02%,0.98%,7.60%,0.94%,0.84%,0.00%,,,
06-Feb-26,12.50%,13.56%,20.48%,2.09%,14.28%,25.48%,0.02%,0.97%,7.59%,0.95%,0.84%,0.00%,,,
07-Feb-26,12.51%,13.54%,20.49%,2.09%,14.28%,25.48%,0.02%,0.97%,7.58%,0.95%,0.84%,0.00%,,,
08-Feb-26,12.52%,13.52%,20.51%,2.08%,14.28%,25.48%,0.02%,0.97%,7.57%,0.95%,0.85%,0.00%,,,
09-Feb-26,12.54%,13.50%,20.52%,2.08%,14.29%,25.48%,0.02%,0.97%,7.57%,0.95%,0.85%,0.00%,,,
10-Feb-26,12.55%,13.48%,20.54%,2.07%,14.29%,25.48%,0.02%,0.97%,7.56%,0.95%,0.85%,0.00%,,,
11-Feb-26,12.56%,13.46%,20.55%,2.07%,14.29%,25.48%,0.02%,0.97%,7.55%,0.96%,0.86%,0.00%,,,
12-Feb-26,12.58%,13.44%,20.56%,2.06%,14.30%,25.47%,0.02%,0.97%,7.55%,0.96%,0.86%,0.00%,,,
13-Feb-26,12.59%,13.42%,20.57%,2.06%,14.30%,25.47%,0.02%,0.97%,7.54%,0.96%,0.86%,0.00%,,,
14-Feb-26,12.60%,13.40%,20.58%,2.05%,14.31%,25.46%,0.01%,0.97%,7.54%,0.96%,0.87%,0.00%,,,
15-Feb-26,12.62%,13.38%,20.59%,2.05%,14.31%,25.45%,0.01%,0.97%,7.53%,0.97%,0.87%,0.00%,,,
16-Feb-26,12.63%,13.37%,20.60%,2.05%,14.32%,25.43%,0.01%,0.96%,7.53%,0.97%,0.88%,0.00%,,,
17-Feb-26,12.65%,13.35%,20.60%,2.04%,14.32%,25.42%,0.01%,0.96%,7.52%,0.97%,0.88%,0.00%,,,
18-Feb-26,12.66%,13.33%,20.61%,2.04%,14.33%,25.40%,0.01%,0.96%,7.52%,0.97%,0.88%,0.00%,,,
19-Feb-26,12.67%,13.32%,20.61%,2.04%,14.34%,25.39%,0.01%,0.96%,7.52%,0.97%,0.88%,0.00%,,,
20-Feb-26,12.69%,13.31%,20.61%,2.03%,14.34%,25.37%,0.01%,0.96%,7.52%,0.98%,0.89%,0.00%,,,
21-Feb-26,12.70%,13.29%,20.62%,2.03%,14.35%,25.35%,0.01%,0.96%,7.51%,0.98%,0.89%,0.00%,,,
22-Feb-26,12.71%,13.28%,20.62%,2.03%,14.36%,25.33%,0.01%,0.96%,7.51%,0.98%,0.89%,0.00%,,,
23-Feb-26,12.72%,13.28%,20.63%,2.03%,14.36%,25.32%,0.01%,0.96%,7.51%,0.98%,0.90%,0.00%,,,
24-Feb-26,12.73%,13.27%,20.63%,2.03%,14.37%,25.30%,0.01%,0.96%,7.50%,0.98%,0.90%,0.00%,,,
25-Feb-26,12.74%,13.26%,20.64%,2.03%,14.37%,25.28%,0.01%,0.96%,7.50%,0.98%,0.90%,0.00%,,,
26-Feb-26,12.75%,13.26%,20.64%,2.03%,14.37%,25.26%,0.01%,0.96%,7.49%,0.98%,0.90%,0.00%,,,
27-Feb-26,12.76%,13.26%,20.65%,2.02%,14.38%,25.25%,0.01%,0.96%,7.49%,0.98%,0.90%,0.00%,,,
28-Feb-26,12.77%,13.25%,20.66%,2.02%,14.38%,25.23%,0.01%,0.96%,7.48%,0.98%,0.90%,0.00%,,,
01-Mar-26,12.78%,13.25%,20.67%,2.02%,14.38%,25.22%,0.01%,0.95%,7.48%,0.98%,0.90%,0.00%,,,
02-Mar-26,12.78%,13.25%,20.68%,2.02%,14.39%,25.20%,0.01%,0.95%,7.47%,0.98%,0.90%,0.00%,,,
03-Mar-26,12.79%,13.26%,20.69%,2.02%,14.39%,25.19%,0.01%,0.95%,7.46%,0.98%,0.90%,0.00%,,,
04-Mar-26,12.80%,13.26%,20.71%,2.02%,14.39%,25.19%,0.01%,0.95%,7.45%,0.98%,0.90%,0.00%,,,
05-Mar-26,12.80%,13.26%,20.72%,2.02%,14.39%,25.18%,0.01%,0.95%,7.44%,0.98%,0.90%,0.00%,,,
06-Mar-26,12.81%,13.26%,20.74%,2.02%,14.39%,25.17%,0.01%,0.94%,7.44%,0.98%,0.90%,0.00%,,,
07-Mar-26,12.82%,13.26%,20.75%,2.02%,14.39%,25.16%,0.01%,0.94%,7.43%,0.98%,0.90%,0.00%,,,
08-Mar-26,12.82%,13.26%,20.76%,2.01%,14.39%,25.15%,0.01%,0.94%,7.42%,0.98%,0.90%,0.00%,,,
09-Mar-26,12.83%,13.27%,20.78%,2.01%,14.39%,25.14%,0.01%,0.94%,7.41%,0.98%,0.90%,0.00%,,,
10-Mar-26,12.84%,13.27%,20.80%,2.01%,14.39%,25.13%,0.01%,0.94%,7.40%,0.98%,0.90%,0.00%,,,
11-Mar-26,12.85%,13.27%,20.81%,2.01%,14.39%,25.12%,0.01%,0.93%,7.39%,0.97%,0.90%,0.00%,,,
12-Mar-26,12.86%,13.27%,20.83%,2.01%,14.39%,25.11%,0.01%,0.93%,7.38%,0.97%,0.90%,0.00%,,,
13-Mar-26,12.87%,13.26%,20.84%,2.00%,14.38%,25.10%,0.01%,0.93%,7.38%,0.97%,0.90%,0.00%,,,
14-Mar-26,12.88%,13.26%,20.86%,2.00%,14.38%,25.09%,0.01%,0.93%,7.37%,0.97%,0.90%,0.00%,,,
15-Mar-26,12.89%,13.26%,20.88%,2.00%,14.38%,25.08%,0.01%,0.93%,7.36%,0.97%,0.90%,0.00%,,,
16-Mar-26,12.90%,13.26%,20.90%,1.99%,14.37%,25.06%,0.01%,0.93%,7.35%,0.96%,0.89%,0.00%,,,
17-Mar-26,12.91%,13.25%,20.92%,1.99%,14.36%,25.05%,0.01%,0.93%,7.34%,0.96%,0.89%,0.00%,,,
18-Mar-26,12.92%,13.25%,20.94%,1.99%,14.36%,25.03%,0.01%,0.93%,7.34%,0.96%,0.89%,0.00%,,,
19-Mar-26,12.94%,13.25%,20.95%,1.98%,14.35%,25.02%,0.01%,0.93%,7.33%,0.95%,0.89%,0.00%,,,
20-Mar-26,12.95%,13.24%,20.97%,1.98%,14.34%,25.00%,0.01%,0.93%,7.32%,0.95%,0.88%,0.00%,,,
21-Mar-26,12.96%,13.24%,20.99%,1.98%,14.33%,24.98%,0.01%,0.93%,7.32%,0.95%,0.88%,0.00%,,,
22-Mar-26,12.97%,13.23%,21.01%,1.97%,14.33%,24.97%,0.01%,0.93%,7.31%,0.94%,0.88%,0.00%,,,
23-Mar-26,12.98%,13.23%,21.03%,1.97%,14.32%,24.96%,0.01%,0.93%,7.31%,0.94%,0.87%,0.00%,,,
24-Mar-26,12.99%,13.23%,21.05%,1.96%,14.31%,24.94%,0.01%,0.93%,7.30%,0.94%,0.87%,0.00%,,,
25-Mar-26,13.00%,13.22%,21.07%,1.96%,14.30%,24.93%,0.01%,0.93%,7.29%,0.93%,0.86%,0.00%,,,
26-Mar-26,13.01%,13.22%,21.09%,1.96%,14.29%,24.93%,0.01%,0.93%,7.29%,0.93%,0.86%,0.00%,,,
27-Mar-26,13.01%,13.21%,21.10%,1.95%,14.28%,24.92%,0.01%,0.94%,7.28%,0.93%,0.85%,0.00%,,,
28-Mar-26,13.02%,13.21%,21.12%,1.95%,14.27%,24.91%,0.01%,0.94%,7.27%,0.93%,0.85%,0.00%,,,
29-Mar-26,13.02%,13.21%,21.13%,1.95%,14.27%,24.91%,0.01%,0.94%,7.27%,0.93%,0.84%,0.00%,,,
30-Mar-26,13.03%,13.20%,21.15%,1.94%,14.26%,24.91%,0.01%,0.94%,7.26%,0.93%,0.84%,0.00%,,,
31-Mar-26,13.03%,13.20%,21.16%,1.94%,14.25%,24.91%,0.01%,0.94%,7.25%,0.93%,0.83%,0.00%,,,
01-Apr-26,13.03%,13.20%,21.18%,1.94%,14.24%,24.91%,0.01%,0.94%,7.25%,0.93%,0.83%,0.00%,,,
02-Apr-26,13.03%,13.19%,21.19%,1.94%,14.24%,24.92%,0.01%,0.94%,7.24%,0.93%,0.82%,0.00%,,,
03-Apr-26,13.03%,13.19%,21.20%,1.93%,14.23%,24.92%,0.01%,0.94%,7.23%,0.93%,0.81%,0.00%,,,
04-Apr-26,13.03%,13.19%,21.22%,1.93%,14.22%,24.93%,0.01%,0.93%,7.22%,0.93%,0.81%,0.00%,,,
05-Apr-26,13.03%,13.19%,21.23%,1.93%,14.22%,24.94%,0.01%,0.93%,7.21%,0.93%,0.80%,0.00%,,,
06-Apr-26,13.03%,13.18%,21.24%,1.93%,14.21%,24.94%,0.01%,0.93%,7.21%,0.94%,0.79%,0.00%,,,
07-Apr-26,13.03%,13.18%,21.25%,1.93%,14.21%,24.95%,0.01%,0.93%,7.20%,0.94%,0.79%,0.00%,,,
08-Apr-26,13.03%,13.18%,21.27%,1.92%,14.20%,24.95%,0.01%,0.93%,7.19%,0.94%,0.78%,0.00%,,,
09-Apr-26,13.03%,13.17%,21.28%,1.92%,14.20%,24.96%,0.01%,0.93%,7.18%,0.94%,0.77%,0.00%,,,
10-Apr-26,13.04%,13.16%,21.29%,1.92%,14.20%,24.96%,0.01%,0.93%,7.18%,0.94%,0.77%,0.00%,,,
11-Apr-26,13.04%,13.16%,21.30%,1.92%,14.19%,24.97%,0.01%,0.93%,7.17%,0.94%,0.76%,0.00%,,,
12-Apr-26,13.04%,13.15%,21.32%,1.92%,14.19%,24.97%,0.01%,0.93%,7.16%,0.94%,0.75%,0.00%,,,
13-Apr-26,13.05%,13.14%,21.33%,1.92%,14.19%,24.97%,0.01%,0.93%,7.16%,0.95%,0.74%,0.00%,,,
14-Apr-26,13.05%,13.13%,21.34%,1.92%,14.18%,24.98%,0.01%,0.93%,7.15%,0.95%,0.74%,0.00%,,,
15-Apr-26,13.06%,13.12%,21.35%,1.92%,14.18%,24.98%,0.01%,0.93%,7.15%,0.95%,0.73%,0.00%,,,
16-Apr-26,13.06%,13.11%,21.37%,1.92%,14.18%,24.97%,0.01%,0.92%,7.14%,0.95%,0.72%,0.00%,,,
17-Apr-26,13.07%,13.10%,21.38%,1.92%,14.18%,24.97%,0.01%,0.92%,7.14%,0.95%,0.71%,0.00%,,,
18-Apr-26,13.07%,13.09%,21.40%,1.92%,14.18%,24.96%,0.01%,0.92%,7.14%,0.95%,0.71%,0.00%,,,
19-Apr-26,13.08%,13.09%,21.41%,1.92%,14.18%,24.95%,0.01%,0.92%,7.13%,0.95%,0.70%,0.00%,,,
20-Apr-26,13.09%,13.08%,21.43%,1.91%,14.18%,24.94%,0.01%,0.92%,7.13%,0.96%,0.69%,0.00%,,,
21-Apr-26,13.09%,13.08%,21.45%,1.91%,14.18%,24.92%,0.01%,0.92%,7.13%,0.96%,0.68%,0.00%,,,
22-Apr-26,13.10%,13.07%,21.47%,1.91%,14.18%,24.90%,0.01%,0.92%,7.13%,0.96%,0.68%,0.00%,,,
23-Apr-26,13.10%,13.07%,21.49%,1.91%,14.19%,24.88%,0.01%,0.92%,7.13%,0.96%,0.67%,0.00%,,,
24-Apr-26,13.10%,13.06%,21.51%,1.91%,14.19%,24.86%,0.01%,0.92%,7.13%,0.96%,0.67%,0.00%,,,
25-Apr-26,13.10%,13.06%,21.53%,1.92%,14.20%,24.83%,0.01%,0.92%,7.14%,0.97%,0.66%,0.00%,,,
26-Apr-26,13.10%,13.06%,21.55%,1.92%,14.21%,24.80%,0.01%,0.92%,7.14%,0.97%,0.66%,0.00%,,,
27-Apr-26,13.09%,13.06%,21.57%,1.92%,14.21%,24.77%,0.01%,0.92%,7.14%,0.97%,0.65%,0.00%,,,
28-Apr-26,13.08%,13.06%,21.60%,1.92%,14.22%,24.73%,0.01%,0.92%,7.15%,0.98%,0.65%,0.00%,,,
29-Apr-26,13.07%,13.06%,21.62%,1.93%,14.23%,24.70%,0.01%,0.92%,7.15%,0.98%,0.65%,0.00%,,,
30-Apr-26,13.06%,13.05%,21.65%,1.93%,14.24%,24.68%,0.01%,0.92%,7.16%,0.98%,0.65%,0.00%,,,
01-May-26,13.05%,13.04%,21.67%,1.94%,14.25%,24.66%,0.01%,0.92%,7.16%,0.99%,0.64%,0.00%,,,
02-May-26,13.04%,13.03%,21.69%,1.94%,14.26%,24.64%,0.01%,0.92%,7.16%,0.99%,0.64%,0.00%,,,
03-May-26,13.03%,13.02%,21.71%,1.95%,14.28%,24.62%,0.01%,0.92%,7.17%,1.00%,0.64%,0.00%,,,
04-May-26,13.01%,13.01%,21.73%,1.95%,14.29%,24.61%,0.01%,0.92%,7.17%,1.00%,0.64%,0.00%,,,
05-May-26,13.00%,12.99%,21.75%,1.96%,14.30%,24.60%,0.01%,0.92%,7.17%,1.01%,0.64%,0.00%,,,
06-May-26,12.98%,12.97%,21.77%,1.97%,14.32%,24.60%,0.01%,0.91%,7.17%,1.01%,0.64%,0.00%,,,
07-May-26,12.96%,12.95%,21.79%,1.98%,14.33%,24.60%,0.01%,0.91%,7.17%,1.01%,0.64%,0.00%,,,
08-May-26,12.95%,12.93%,21.80%,1.99%,14.34%,24.60%,0.01%,0.91%,7.17%,1.02%,0.64%,0.00%,,,
09-May-26,12.93%,12.91%,21.82%,1.99%,14.36%,24.61%,0.02%,0.91%,7.17%,1.02%,0.64%,0.00%,,,
10-May-26,12.92%,12.89%,21.83%,2.00%,14.37%,24.62%,0.02%,0.91%,7.17%,1.02%,0.64%,0.00%,,,
11-May-26,12.90%,12.86%,21.84%,2.01%,14.39%,24.64%,0.02%,0.90%,7.17%,1.03%,0.64%,0.00%,,,
12-May-26,12.89%,12.84%,21.85%,2.02%,14.40%,24.66%,0.02%,0.90%,7.16%,1.03%,0.64%,0.00%,,,
13-May-26,12.87%,12.81%,21.86%,2.02%,14.41%,24.68%,0.02%,0.90%,7.16%,1.03%,0.64%,0.00%,,,
14-May-26,12.86%,12.79%,21.87%,2.03%,14.43%,24.69%,0.02%,0.89%,7.16%,1.03%,0.63%,0.00%,,,
15-May-26,12.84%,12.77%,21.88%,2.04%,14.44%,24.70%,0.02%,0.89%,7.16%,1.03%,0.63%,0.00%,,,
16-May-26,12.82%,12.75%,21.90%,2.04%,14.45%,24.71%,0.02%,0.89%,7.16%,1.03%,0.63%,0.00%,,,
17-May-26,12.80%,12.73%,21.91%,2.05%,14.47%,24.72%,0.02%,0.88%,7.16%,1.03%,0.63%,0.00%,,,
18-May-26,12.79%,12.72%,21.92%,2.05%,14.48%,24.72%,0.02%,0.88%,7.17%,1.03%,0.63%,0.00%,,,
19-May-26,12.77%,12.71%,21.93%,2.06%,14.49%,24.72%,0.02%,0.88%,7.17%,1.03%,0.63%,0.00%,,,
20-May-26,12.75%,12.69%,21.94%,2.06%,14.50%,24.72%,0.02%,0.87%,7.18%,1.03%,0.63%,0.00%,,,
21-May-26,12.73%,12.68%,21.96%,2.07%,14.51%,24.72%,0.02%,0.87%,7.19%,1.03%,0.62%,0.00%,,,
22-May-26,12.70%,12.67%,21.97%,2.07%,14.52%,24.72%,0.02%,0.87%,7.20%,1.02%,0.62%,0.00%,,,
23-May-26,12.68%,12.67%,21.99%,2.07%,14.53%,24.72%,0.02%,0.87%,7.21%,1.02%,0.62%,0.00%,,,
24-May-26,12.66%,12.66%,22.00%,2.08%,14.54%,24.71%,0.02%,0.86%,7.22%,1.02%,0.62%,0.00%,,,
25-May-26,12.63%,12.66%,22.01%,2.08%,14.55%,24.71%,0.02%,0.86%,7.23%,1.02%,0.62%,0.00%,,,
26-May-26,12.61%,12.66%,22.03%,2.08%,14.56%,24.70%,0.02%,0.86%,7.24%,1.02%,0.62%,0.00%,,,
27-May-26,12.59%,12.66%,22.05%,2.08%,14.57%,24.69%,0.02%,0.86%,7.25%,1.01%,0.62%,0.00%,,,
28-May-26,12.56%,12.66%,22.06%,2.08%,14.58%,24.68%,0.02%,0.85%,7.26%,1.01%,0.62%,0.00%,,,
29-May-26,12.54%,12.66%,22.08%,2.09%,14.59%,24.68%,0.02%,0.85%,7.28%,1.01%,0.61%,0.00%,,,
30-May-26,12.51%,12.67%,22.09%,2.09%,14.60%,24.67%,0.02%,0.85%,7.29%,1.01%,0.61%,0.00%,,,
31-May-26,12.49%,12.67%,22.11%,2.09%,14.60%,24.66%,0.02%,0.85%,7.29%,1.00%,0.61%,0.00%,,,
01-Jun-26,12.47%,12.68%,22.13%,2.09%,14.61%,24.66%,0.02%,0.84%,7.30%,1.00%,0.61%,0.00%,,,
02-Jun-26,12.44%,12.68%,22.14%,2.09%,14.62%,24.66%,0.02%,0.84%,7.31%,1.00%,0.61%,0.00%,,,
03-Jun-26,12.42%,12.69%,22.15%,2.09%,14.62%,24.65%,0.02%,0.84%,7.32%,1.00%,0.60%,0.00%,,,
04-Jun-26,12.40%,12.69%,22.17%,2.10%,14.63%,24.65%,0.02%,0.84%,7.32%,1.00%,0.60%,0.00%,,,
05-Jun-26,12.38%,12.70%,22.18%,2.10%,14.63%,24.65%,0.02%,0.83%,7.33%,0.99%,0.60%,0.00%,,,
06-Jun-26,12.35%,12.70%,22.20%,2.10%,14.64%,24.65%,0.02%,0.83%,7.33%,0.99%,0.60%,0.00%,,,
07-Jun-26,12.33%,12.71%,22.21%,2.10%,14.64%,24.65%,0.02%,0.83%,7.33%,0.99%,0.59%,0.00%,,,
08-Jun-26,12.32%,12.72%,22.22%,2.10%,14.64%,24.65%,0.02%,0.83%,7.34%,0.99%,0.59%,0.00%,,,
09-Jun-26,12.30%,12.72%,22.23%,2.10%,14.64%,24.65%,0.02%,0.82%,7.34%,0.99%,0.59%,0.00%,,,
10-Jun-26,12.28%,12.73%,22.25%,2.10%,14.64%,24.65%,0.02%,0.82%,7.35%,0.99%,0.58%,0.00%,,,
11-Jun-26,12.26%,12.73%,22.26%,2.10%,14.65%,24.65%,0.02%,0.82%,7.35%,0.99%,0.58%,0.00%,,,
12-Jun-26,12.24%,12.74%,22.27%,2.10%,14.65%,24.65%,0.02%,0.82%,7.35%,0.98%,0.58%,0.00%,,,
13-Jun-26,12.23%,12.75%,22.28%,2.11%,14.65%,24.65%,0.02%,0.81%,7.35%,0.98%,0.58%,0.00%,,,
14-Jun-26,12.21%,12.75%,22.29%,2.11%,14.65%,24.65%,0.02%,0.81%,7.35%,0.98%,0.57%,0.00%,,,
15-Jun-26,12.20%,12.76%,22.30%,2.11%,14.65%,24.65%,0.02%,0.81%,7.35%,0.98%,0.57%,0.00%,,,
16-Jun-26,12.18%,12.77%,22.31%,2.11%,14.65%,24.65%,0.02%,0.81%,7.35%,0.98%,0.57%,0.00%,,,
17-Jun-26,12.17%,12.77%,22.31%,2.11%,14.65%,24.65%,0.02%,0.80%,7.35%,0.98%,0.56%,0.00%,,,
18-Jun-26,12.16%,12.79%,22.30%,2.10%,14.66%,24.65%,0.02%,0.80%,7.35%,0.98%,0.57%,0.04%,,,
19-Jun-26,12.15%,12.80%,22.31%,2.10%,14.66%,24.65%,0.02%,0.80%,7.35%,0.98%,0.56%,0.04%,,,
20-Jun-26,12.14%,12.80%,22.31%,2.10%,14.66%,24.65%,0.02%,0.80%,7.35%,0.98%,0.56%,0.04%,,,
21-Jun-26,12.13%,12.81%,22.32%,2.10%,14.67%,24.65%,0.02%,0.80%,7.35%,0.97%,0.56%,0.04%,,,
22-Jun-26,12.12%,12.81%,22.33%,2.10%,14.68%,24.65%,0.02%,0.79%,7.35%,0.97%,0.56%,0.04%,,,
23-Jun-26,12.11%,12.82%,22.33%,2.10%,14.69%,24.65%,0.02%,0.79%,7.35%,0.97%,0.56%,0.04%,,,
24-Jun-26,12.10%,12.82%,22.33%,2.11%,14.70%,24.65%,0.02%,0.79%,7.35%,0.97%,0.56%,0.04%,,,
25-Jun-26,12.09%,12.83%,22.34%,2.11%,14.71%,24.65%,0.02%,0.79%,7.35%,0.97%,0.56%,0.04%,,,
26-Jun-26,12.09%,12.83%,22.34%,2.11%,14.72%,24.65%,0.02%,0.79%,7.36%,0.97%,0.56%,0.04%,,,
27-Jun-26,12.08%,12.83%,22.34%,2.11%,14.73%,24.65%,0.02%,0.79%,7.36%,0.97%,0.56%,0.04%,,,
28-Jun-26,12.07%,12.83%,22.35%,2.11%,14.74%,24.64%,0.02%,0.78%,7.36%,0.97%,0.56%,0.04%,,,
29-Jun-26,12.06%,12.84%,22.35%,2.12%,14.75%,24.64%,0.02%,0.78%,7.37%,0.97%,0.56%,0.04%,,,
30-Jun-26,12.06%,12.84%,22.35%,2.12%,14.77%,24.63%,0.02%,0.78%,7.37%,0.97%,0.57%,0.04%,,,
01-Jul-26,12.05%,12.84%,22.35%,2.13%,14.78%,24.62%,0.02%,0.78%,7.38%,0.97%,0.57%,0.04%,,,
02-Jul-26,12.05%,12.84%,22.34%,2.13%,14.80%,24.61%,0.02%,0.77%,7.39%,0.97%,0.57%,0.04%,,,
03-Jul-26,12.04%,12.83%,22.34%,2.14%,14.81%,24.61%,0.02%,0.77%,7.39%,0.97%,0.57%,0.04%,,,
04-Jul-26,12.04%,12.83%,22.34%,2.14%,14.83%,24.60%,0.02%,0.77%,7.40%,0.97%,0.57%,0.04%,,,
05-Jul-26,12.03%,12.83%,22.33%,2.15%,14.84%,24.59%,0.02%,0.77%,7.40%,0.97%,0.57%,0.04%,,,
06-Jul-26,12.03%,12.83%,22.33%,2.15%,14.86%,24.58%,0.02%,0.76%,7.41%,0.97%,0.58%,0.04%,,,
07-Jul-26,12.02%,12.83%,22.32%,2.16%,14.87%,24.57%,0.02%,0.76%,7.42%,0.97%,0.58%,0.04%,,,
08-Jul-26,12.02%,12.83%,22.32%,2.17%,14.88%,24.55%,0.02%,0.75%,7.42%,0.97%,0.58%,0.04%,,,
09-Jul-26,12.02%,12.83%,22.31%,2.17%,14.90%,24.54%,0.02%,0.75%,7.43%,0.97%,0.58%,0.04%,,,
10-Jul-26,12.01%,12.83%,22.31%,2.18%,14.91%,24.53%,0.02%,0.75%,7.43%,0.97%,0.58%,0.04%,,,
11-Jul-26,12.01%,12.83%,22.30%,2.19%,14.92%,24.52%,0.02%,0.74%,7.44%,0.97%,0.57%,0.04%,,,
12-Jul-26,12.01%,12.83%,22.30%,2.19%,14.93%,24.50%,0.02%,0.74%,7.44%,0.96%,0.57%,0.04%,,,
13-Jul-26,12.00%,12.83%,22.29%,2.20%,14.94%,24.49%,0.02%,0.74%,7.45%,0.96%,0.57%,0.04%,,,
14-Jul-26,12.00%,12.83%,22.28%,2.21%,14.95%,24.48%,0.02%,0.73%,7.45%,0.96%,0.57%,0.04%,,,
15-Jul-26,12.00%,12.82%,22.28%,2.21%,14.96%,24.47%,0.02%,0.73%,7.46%,0.96%,0.57%,0.04%,,,
16-Jul-26,12.00%,12.83%,22.27%,2.22%,14.97%,24.47%,0.02%,0.72%,7.46%,0.95%,0.57%,0.04%,,,
17-Jul-26,11.99%,12.83%,22.26%,2.22%,14.97%,24.46%,0.02%,0.72%,7.46%,0.95%,0.57%,0.04%,,,
18-Jul-26,11.99%,12.83%,22.25%,2.23%,14.98%,24.45%,0.02%,0.72%,7.47%,0.95%,0.56%,0.04%,,,
19-Jul-26,11.99%,12.83%,22.25%,2.23%,14.98%,24.45%,0.02%,0.72%,7.47%,0.95%,0.56%,0.04%,,,
20-Jul-26,11.99%,12.84%,22.24%,2.24%,14.98%,24.44%,0.02%,0.71%,7.47%,0.95%,0.56%,0.04%,,,
21-Jul-26,11.99%,12.85%,22.22%,2.24%,14.98%,24.44%,0.02%,0.71%,7.47%,0.95%,0.56%,0.04%,,,
22-Jul-26,11.99%,12.85%,22.21%,2.25%,14.98%,24.44%,0.02%,0.71%,7.47%,0.96%,0.56%,0.04%,,,
23-Jul-26,11.99%,12.87%,22.20%,2.25%,14.98%,24.44%,0.02%,0.71%,7.47%,0.96%,0.56%,0.05%,,,
24-Jul-26,11.99%,12.88%,22.19%,2.25%,14.98%,24.43%,0.02%,0.70%,7.47%,0.96%,0.57%,0.05%,,,
25-Jul-26,11.99%,12.89%,22.17%,2.25%,14.98%,24.44%,0.02%,0.70%,7.47%,0.96%,0.57%,0.05%,,,
26-Jul-26,11.99%,12.91%,22.16%,2.25%,14.97%,24.44%,0.02%,0.70%,7.47%,0.97%,0.57%,0.05%,,,
27-Jul-26,11.99%,12.93%,22.14%,2.26%,14.97%,24.44%,0.02%,0.70%,7.47%,0.97%,0.57%,0.05%,,,
28-Jul-26,11.99%,12.94%,22.13%,2.26%,14.96%,24.44%,0.02%,0.70%,7.47%,0.98%,0.57%,0.05%,,,
29-Jul-26,11.99%,12.96%,22.11%,2.26%,14.96%,24.44%,0.02%,0.70%,7.46%,0.98%,0.58%,0.05%,,,
30-Jul-26,11.99%,12.99%,22.09%,2.26%,14.96%,24.44%,0.02%,0.70%,7.46%,0.99%,0.58%,0.05%,,,
31-Jul-26,11.99%,13.01%,22.08%,2.26%,14.95%,24.45%,0.02%,0.70%,7.46%,1.00%,0.59%,0.05%,,,
01-Aug-26,11.98%,13.03%,22.06%,2.26%,14.95%,24.45%,0.02%,0.70%,7.45%,1.00%,0.59%,0.05%,,,
02-Aug-26,11.98%,13.05%,22.04%,2.26%,14.94%,24.45%,0.02%,0.70%,7.44%,1.01%,0.59%,0.05%,,,
03-Aug-26,11.98%,13.08%,22.03%,2.25%,14.94%,24.45%,0.02%,0.70%,7.44%,1.02%,0.60%,0.05%,,,
04-Aug-26,11.98%,13.10%,22.01%,2.25%,14.94%,24.46%,0.02%,0.69%,7.43%,1.02%,0.60%,0.05%,,,
05-Aug-26,11.98%,13.13%,22.00%,2.25%,14.93%,24.46%,0.02%,0.69%,7.42%,1.03%,0.61%,0.05%,,,
06-Aug-26,11.99%,13.16%,21.98%,2.24%,14.92%,24.46%,0.02%,0.69%,7.42%,1.03%,0.61%,0.05%,,,
07-Aug-26,11.99%,13.18%,21.97%,2.24%,14.92%,24.46%,0.02%,0.69%,7.41%,1.04%,0.61%,0.06%,,,
08-Aug-26,11.99%,13.21%,21.96%,2.23%,14.91%,24.46%,0.02%,0.69%,7.40%,1.04%,0.62%,0.06%,,,
09-Aug-26,11.99%,13.24%,21.95%,2.22%,14.91%,24.46%,0.02%,0.69%,7.39%,1.05%,0.62%,0.06%,,,
10-Aug-26,11.99%,13.27%,21.93%,2.22%,14.90%,24.46%,0.02%,0.69%,7.38%,1.05%,0.62%,0.06%,,,
11-Aug-26,12.00%,13.30%,21.92%,2.21%,14.89%,24.46%,0.02%,0.69%,7.37%,1.06%,0.62%,0.06%,,,
12-Aug-26,12.00%,13.33%,21.92%,2.20%,14.88%,24.47%,0.02%,0.69%,7.36%,1.06%,0.62%,0.06%,,,
13-Aug-26,12.00%,13.35%,21.91%,2.19%,14.87%,24.47%,0.02%,0.68%,7.35%,1.06%,0.62%,0.06%,,,
14-Aug-26,12.00%,13.38%,21.90%,2.18%,14.87%,24.47%,0.02%,0.68%,7.34%,1.06%,0.62%,0.06%,,,
15-Aug-26,12.01%,13.41%,21.89%,2.16%,14.86%,24.47%,0.02%,0.68%,7.33%,1.06%,0.62%,0.06%,,,
16-Aug-26,12.01%,13.44%,21.88%,2.15%,14.85%,24.47%,0.03%,0.68%,7.33%,1.06%,0.62%,0.06%,,,
17-Aug-26,12.01%,13.47%,21.88%,2.14%,14.84%,24.46%,0.03%,0.68%,7.32%,1.06%,0.62%,0.06%,,,
18-Aug-26,12.01%,13.50%,21.87%,2.13%,14.83%,24.46%,0.03%,0.68%,7.32%,1.06%,0.61%,0.06%,,,
19-Aug-26,12.01%,13.53%,21.86%,2.11%,14.82%,24.46%,0.03%,0.67%,7.31%,1.06%,0.61%,0.06%,,,
